symbol,start_date,start_z,start_streak_len,direction,reversal_date,reversal_z,ttr_days
AAL,2025-02-13 05:00:00+00:00,-2.6656004688018267,4,negative,2025-02-14 05:00:00+00:00,1.0295629584758736,1.0
AAL,2025-03-11 04:00:00+00:00,-3.246847306131307,4,negative,2025-03-17 04:00:00+00:00,2.114868148674074,4.0
AAL,2025-05-13 04:00:00+00:00,2.762666886154567,5,positive,2025-05-14 04:00:00+00:00,-3.155367418735757,1.0
AAL,2025-06-13 04:00:00+00:00,-2.533935149997554,3,negative,2025-06-16 04:00:00+00:00,3.87998939236653,1.0
AAL,2025-09-25 04:00:00+00:00,-2.316616724452912,5,negative,2025-09-29 04:00:00+00:00,0.6738583925824368,2.0
AAL,2025-12-16 05:00:00+00:00,2.433707268761277,3,positive,2025-12-17 05:00:00+00:00,-1.8228112421567662,1.0
AAL,2026-01-27 05:00:00+00:00,-2.8164862303467744,4,negative,2026-01-29 05:00:00+00:00,0.6927387904577521,2.0
AAL,2026-05-26 04:00:00+00:00,2.1035393401276927,4,positive,2026-05-28 04:00:00+00:00,-0.9832316620384909,2.0
AAL,2026-06-24 04:00:00+00:00,2.2826966038519343,4,positive,2026-06-29 04:00:00+00:00,-0.8159643594850454,3.0
AAL,2026-07-23 04:00:00+00:00,-2.2320703783652056,3,negative,2026-07-24 04:00:00+00:00,2.9416958390131733,1.0
AAPL,2024-09-16 04:00:00+00:00,-3.2202722013885756,3,negative,2024-09-17 04:00:00+00:00,0.3411471250410454,1.0
AAPL,2024-11-06 05:00:00+00:00,-2.226661407442461,4,negative,2024-11-07 05:00:00+00:00,1.0910933851791644,1.0
AAPL,2024-11-14 05:00:00+00:00,2.2555929453529404,3,positive,2024-11-15 05:00:00+00:00,-0.027483503841328336,1.0
AAPL,2025-01-02 05:00:00+00:00,-3.1473860228774115,4,negative,2025-01-06 05:00:00+00:00,-0.05811830802897356,2.0
AAPL,2025-01-21 05:00:00+00:00,-6.544574647066411,3,negative,2025-01-27 05:00:00+00:00,9.599176309149252,4.0
AAPL,2025-01-29 05:00:00+00:00,2.016198430272698,3,positive,2025-01-30 05:00:00+00:00,-1.2610104098643944,1.0
AAPL,2025-02-03 05:00:00+00:00,-2.951997510372234,3,negative,2025-02-04 05:00:00+00:00,1.5579000650174661,1.0
AAPL,2025-03-12 04:00:00+00:00,-2.518111421240458,3,negative,2025-03-18 04:00:00+00:00,0.20647352017277606,4.0
AAPL,2025-04-07 04:00:00+00:00,-2.3497477910158073,4,negative,2025-04-09 04:00:00+00:00,4.508063451098067,2.0
AAPL,2025-05-05 04:00:00+00:00,-2.2902161319266856,3,negative,2025-05-06 04:00:00+00:00,0.5081787667210376,1.0
AAPL,2025-08-07 04:00:00+00:00,3.1608870625996395,3,positive,2025-08-11 04:00:00+00:00,-0.624335057781264,2.0
AAPL,2025-09-10 04:00:00+00:00,-4.575231990680284,3,negative,2025-09-11 04:00:00+00:00,1.008282084103708,1.0
AAPL,2025-12-22 05:00:00+00:00,-2.680899182613273,3,negative,2025-12-23 05:00:00+00:00,0.526941701803613,1.0
AAPL,2026-01-06 05:00:00+00:00,-3.5935664642317677,3,negative,2026-01-12 05:00:00+00:00,0.7198625537652231,4.0
AAPL,2026-02-02 05:00:00+00:00,4.117026007717442,3,positive,2026-02-06 05:00:00+00:00,-1.1223485763417216,4.0
AAPL,2026-06-01 04:00:00+00:00,-2.1205520463293253,3,negative,2026-06-02 04:00:00+00:00,2.157751319258515,1.0
AAPL,2026-07-02 04:00:00+00:00,2.1974223782226616,3,positive,2026-07-07 04:00:00+00:00,-0.1092603581527149,2.0
ABBV,2024-11-06 05:00:00+00:00,-2.1977692927875463,4,negative,2024-11-14 05:00:00+00:00,0.6697916187268033,6.0
ABBV,2024-11-22 05:00:00+00:00,2.214750653064178,3,positive,2024-11-25 05:00:00+00:00,0.07455626607333977,1.0
ABBV,2024-12-04 05:00:00+00:00,-2.349594799937833,4,negative,2024-12-05 05:00:00+00:00,0.2249183873074959,1.0
ABBV,2025-01-22 05:00:00+00:00,-2.0894383121770277,3,negative,2025-01-23 05:00:00+00:00,0.3890941046828754,1.0
ABBV,2025-01-27 05:00:00+00:00,4.627686352105423,3,positive,2025-01-28 05:00:00+00:00,-1.4436307267726145,1.0
ABBV,2025-02-20 05:00:00+00:00,2.097992480374407,3,positive,2025-02-26 05:00:00+00:00,-0.8123013085193225,4.0
ABBV,2025-03-10 04:00:00+00:00,2.298353468635906,4,positive,2025-03-11 04:00:00+00:00,-1.1075561193067684,1.0
ABBV,2025-03-25 04:00:00+00:00,-2.8977256558028945,3,negative,2025-03-26 04:00:00+00:00,0.37721890369276756,1.0
ABBV,2025-05-14 04:00:00+00:00,-4.318836153792264,5,negative,2025-05-15 04:00:00+00:00,1.6423759593189942,1.0
ABBV,2025-06-27 04:00:00+00:00,-5.117821360995768,5,negative,2025-06-30 04:00:00+00:00,2.6208835594715842,1.0
ABBV,2025-09-11 04:00:00+00:00,3.8278097329336815,3,positive,2025-09-12 04:00:00+00:00,-1.0665330000135087,1.0
ABBV,2025-09-30 04:00:00+00:00,4.9336328647790495,3,positive,2025-10-02 04:00:00+00:00,-3.249570211581681,2.0
ABBV,2025-11-06 05:00:00+00:00,2.2472752628377104,3,positive,2025-11-07 05:00:00+00:00,0.38610766886090214,1.0
ABBV,2026-03-18 04:00:00+00:00,-2.9097200715030613,4,negative,2026-03-20 04:00:00+00:00,0.7067208232261515,2.0
ABBV,2026-03-26 04:00:00+00:00,4.38433062510214,3,positive,2026-03-31 04:00:00+00:00,-0.7737829243580774,3.0
ABBV,2026-04-02 04:00:00+00:00,-2.0224711730958815,3,negative,2026-04-14 04:00:00+00:00,0.69329671064917,7.0
ABBV,2026-06-04 04:00:00+00:00,2.0560369893558894,3,positive,2026-06-08 04:00:00+00:00,-1.833077322216877,2.0
ABNB,2024-09-19 04:00:00+00:00,4.1703082430248655,3,positive,2024-09-23 04:00:00+00:00,-2.6499464646003834,2.0
ABNB,2024-12-13 05:00:00+00:00,-2.623818829293493,3,negative,2024-12-16 05:00:00+00:00,0.5024776265292923,1.0
ABNB,2025-01-03 05:00:00+00:00,2.0905787601387815,3,positive,2025-01-06 05:00:00+00:00,-1.2706359931144084,1.0
ABNB,2025-02-21 05:00:00+00:00,-2.429185150898126,4,negative,2025-02-26 05:00:00+00:00,1.7467096327510674,3.0
ABNB,2025-06-05 04:00:00+00:00,3.1476638523110214,3,positive,2025-06-09 04:00:00+00:00,-0.9451155785821569,2.0
ABNB,2025-08-07 04:00:00+00:00,-5.66673496182388,3,negative,2025-08-08 04:00:00+00:00,0.24601489671045804,1.0
ABNB,2025-11-04 05:00:00+00:00,-2.1050455923201254,3,negative,2025-11-07 05:00:00+00:00,0.6426631404675399,3.0
ABNB,2026-02-26 05:00:00+00:00,2.1496628033448824,3,positive,2026-02-27 05:00:00+00:00,-0.17345646612010246,1.0
ABNB,2026-07-28 04:00:00+00:00,2.0608111099164863,3,positive,2026-07-30 04:00:00+00:00,-1.1309215398833,2.0
ABT,2024-11-01 04:00:00+00:00,3.2678552512850576,3,positive,2024-11-04 05:00:00+00:00,-0.652112743858573,1.0
ABT,2024-11-06 05:00:00+00:00,-2.6974274815820625,3,negative,2024-11-08 05:00:00+00:00,0.6211657334859342,2.0
ABT,2025-01-23 05:00:00+00:00,2.6395909739882417,3,positive,2025-01-28 05:00:00+00:00,-1.5325596149534026,3.0
ABT,2025-02-21 05:00:00+00:00,2.1200408778725164,3,positive,2025-03-04 05:00:00+00:00,-0.7340262780534131,7.0
ABT,2025-05-12 04:00:00+00:00,-4.158316921987103,3,negative,2025-05-15 04:00:00+00:00,2.750673811072107,3.0
ABT,2025-09-10 04:00:00+00:00,-3.2122948059218706,3,negative,2025-09-11 04:00:00+00:00,2.5666780775905824,1.0
ABT,2025-12-12 05:00:00+00:00,2.98968746484993,3,positive,2025-12-16 05:00:00+00:00,-0.7082110504908175,2.0
ABT,2026-05-18 04:00:00+00:00,2.9642475334846172,3,positive,2026-05-20 04:00:00+00:00,-0.15528354007661319,2.0
ABT,2026-06-25 04:00:00+00:00,2.3121649887399034,3,positive,2026-06-29 04:00:00+00:00,-1.5438479627561819,2.0
ACN,2024-11-13 05:00:00+00:00,2.610769949244452,3,positive,2024-11-14 05:00:00+00:00,-1.3901359063669185,1.0
ACN,2024-12-03 05:00:00+00:00,-2.533714295604687,3,negative,2024-12-04 05:00:00+00:00,1.5228953439904074,1.0
ACN,2024-12-19 05:00:00+00:00,9.713865783137997,3,positive,2024-12-20 05:00:00+00:00,-2.91236363837663,1.0
ACN,2025-01-27 05:00:00+00:00,6.851248201111971,5,positive,2025-01-29 05:00:00+00:00,-1.0785770294499168,2.0
ACN,2025-08-19 04:00:00+00:00,2.424700338107642,5,positive,2025-08-21 04:00:00+00:00,0.02223936206921225,2.0
ACN,2026-01-20 05:00:00+00:00,-2.7702069966701095,3,negative,2026-01-21 05:00:00+00:00,2.1512360526898044,1.0
ACN,2026-04-08 04:00:00+00:00,-2.869175002455132,3,negative,2026-04-13 04:00:00+00:00,3.107964854426736,3.0
ACN,2026-05-13 04:00:00+00:00,-2.969793147746255,4,negative,2026-05-14 04:00:00+00:00,1.3116161849397026,1.0
ACN,2026-05-18 04:00:00+00:00,2.118905260592981,3,positive,2026-05-21 04:00:00+00:00,-0.3923696620775599,3.0
ADBE,2024-10-07 04:00:00+00:00,-2.8581612015254985,3,negative,2024-10-08 04:00:00+00:00,1.309415807026398,1.0
ADBE,2025-05-16 04:00:00+00:00,3.319205289297417,3,positive,2025-05-20 04:00:00+00:00,-0.9272760447827025,2.0
ADBE,2025-06-13 04:00:00+00:00,-4.61833394817432,6,negative,2025-06-16 04:00:00+00:00,1.8372486384333624,1.0
ADBE,2025-08-04 04:00:00+00:00,-3.0071119514212237,4,negative,2025-08-05 04:00:00+00:00,0.818503995782591,1.0
ADBE,2025-10-21 04:00:00+00:00,3.143672876608701,4,positive,2025-10-22 04:00:00+00:00,-0.2582230530314763,1.0
ADBE,2025-12-05 05:00:00+00:00,3.8239255037964113,3,positive,2025-12-08 05:00:00+00:00,-1.2396674823057772,1.0
ADBE,2026-01-13 05:00:00+00:00,-4.122574337053224,3,negative,2026-01-20 05:00:00+00:00,0.24776970804527104,4.0
ADBE,2026-03-05 05:00:00+00:00,2.1566844701069763,3,positive,2026-03-09 04:00:00+00:00,-0.686233622282393,2.0
ADBE,2026-06-11 04:00:00+00:00,-3.1632013337460227,5,negative,2026-06-16 04:00:00+00:00,0.7744175736024923,3.0
ADI,2024-11-13 05:00:00+00:00,-2.328936030881985,5,negative,2024-11-14 05:00:00+00:00,0.4114479846041601,1.0
ADI,2025-01-08 05:00:00+00:00,2.3726184803739776,4,positive,2025-01-10 05:00:00+00:00,-2.738929975630658,1.0
ADI,2025-02-19 05:00:00+00:00,6.391253213089415,5,positive,2025-02-21 05:00:00+00:00,-0.47023462446906766,2.0
ADI,2025-04-03 04:00:00+00:00,-2.854036593971142,7,negative,2025-04-07 04:00:00+00:00,3.4893694356495937,2.0
ADI,2025-05-12 04:00:00+00:00,2.419357473117383,4,positive,2025-05-14 04:00:00+00:00,-0.4442221071621538,2.0
ADI,2025-06-09 04:00:00+00:00,2.4078131717136033,6,positive,2025-06-11 04:00:00+00:00,-0.23993578403163868,2.0
ADI,2025-07-23 04:00:00+00:00,-4.5193402093924995,3,negative,2025-07-25 04:00:00+00:00,0.8430469630469557,2.0
ADI,2025-08-20 04:00:00+00:00,4.698276731137151,3,positive,2025-08-27 04:00:00+00:00,-0.3209656660511037,5.0
ADI,2025-10-01 04:00:00+00:00,-3.452873735944318,4,negative,2025-10-02 04:00:00+00:00,1.0971830980572959,1.0
ADI,2025-11-25 05:00:00+00:00,2.9503200609581297,3,positive,2025-12-04 05:00:00+00:00,-0.7008644183652927,6.0
ADI,2026-01-06 05:00:00+00:00,7.197607181743223,3,positive,2026-01-09 05:00:00+00:00,-0.06620600250994109,3.0
ADI,2026-03-05 05:00:00+00:00,-2.057803693661351,4,negative,2026-03-09 04:00:00+00:00,0.15409526110459443,2.0
ADSK,2024-11-21 05:00:00+00:00,2.2493051149373886,4,positive,2024-11-25 05:00:00+00:00,-2.1172953223851416,2.0
ADSK,2024-11-27 05:00:00+00:00,-8.080628572045784,3,negative,2024-12-02 05:00:00+00:00,0.7492783503228951,2.0
ADSK,2025-01-28 05:00:00+00:00,2.8840618866455534,3,positive,2025-01-29 05:00:00+00:00,-1.114583598260767,1.0
ADSK,2025-07-10 04:00:00+00:00,-7.509437739758005,3,negative,2025-07-14 04:00:00+00:00,3.889906337287006,2.0
ADSK,2025-08-29 04:00:00+00:00,5.9301858927989155,3,positive,2025-09-03 04:00:00+00:00,-0.6525164544920599,2.0
ADSK,2025-10-29 04:00:00+00:00,-3.761707194911025,3,negative,2025-10-30 04:00:00+00:00,2.1321617837939795,1.0
ADSK,2026-01-02 05:00:00+00:00,-5.303208727367113,3,negative,2026-01-05 05:00:00+00:00,0.25135084556820697,1.0
ADSK,2026-02-26 05:00:00+00:00,2.0749917111401572,3,positive,2026-03-09 04:00:00+00:00,-0.5497159170312462,7.0
ADSK,2026-04-09 04:00:00+00:00,-3.8166443029594346,4,negative,2026-04-13 04:00:00+00:00,2.3294282854444788,2.0
ADSK,2026-07-27 04:00:00+00:00,2.3341153498036156,3,positive,2026-07-30 04:00:00+00:00,-2.0293443527622537,3.0
AJG,2024-09-19 04:00:00+00:00,-3.0680640822949723,3,negative,2024-09-23 04:00:00+00:00,1.3296119581300168,2.0
AJG,2025-01-10 05:00:00+00:00,3.2295323445744275,3,positive,2025-01-13 05:00:00+00:00,-1.3262495121704398,1.0
AJG,2025-06-04 04:00:00+00:00,-2.377808340551496,3,negative,2025-06-12 04:00:00+00:00,1.5431503148042682,6.0
AJG,2026-01-13 05:00:00+00:00,-2.7656434597880764,3,negative,2026-01-14 05:00:00+00:00,0.7036426717360157,1.0
AJG,2026-02-09 05:00:00+00:00,-5.213365266018986,3,negative,2026-02-12 05:00:00+00:00,0.6102029476715611,3.0
AJG,2026-03-20 04:00:00+00:00,2.0911562190407933,3,positive,2026-03-23 04:00:00+00:00,-0.22547295069932133,1.0
AJG,2026-03-30 04:00:00+00:00,2.550746859693104,3,positive,2026-03-31 04:00:00+00:00,-1.3562506740943452,1.0
AJG,2026-05-06 04:00:00+00:00,-2.610026041915585,3,negative,2026-05-07 04:00:00+00:00,1.4989908280473936,1.0
ALAB,2025-05-30 04:00:00+00:00,-3.7975354175741254,3,negative,2025-06-02 04:00:00+00:00,0.6857507674768564,1.0
ALAB,2025-06-26 04:00:00+00:00,2.5238831378196767,3,positive,2025-06-27 04:00:00+00:00,-1.5603784600959871,1.0
ALAB,2025-07-21 04:00:00+00:00,4.4724256949875985,3,positive,2025-07-22 04:00:00+00:00,-0.9090526328953987,1.0
ALAB,2025-09-08 04:00:00+00:00,3.457177066158703,4,positive,2025-09-09 04:00:00+00:00,-0.41163774252991986,1.0
ALAB,2025-09-24 04:00:00+00:00,-2.2627378004196044,4,negative,2025-09-29 04:00:00+00:00,-0.017695787353438183,3.0
ALAB,2025-10-14 04:00:00+00:00,-4.792623807331037,3,negative,2025-10-16 04:00:00+00:00,1.2069040008317435,2.0
ALAB,2026-04-10 04:00:00+00:00,4.3344259679265615,6,positive,2026-04-16 04:00:00+00:00,-0.4345958244332635,4.0
ALAB,2026-04-21 04:00:00+00:00,2.949125020353354,3,positive,2026-04-27 04:00:00+00:00,-3.097580599139585,4.0
ALNY,2024-11-15 05:00:00+00:00,-2.9494049617067604,4,negative,2024-11-19 05:00:00+00:00,0.7137462606607564,2.0
ALNY,2025-01-13 05:00:00+00:00,6.617412748179728,4,positive,2025-01-14 05:00:00+00:00,-5.910656657513182,1.0
ALNY,2025-03-21 04:00:00+00:00,4.375842259229562,3,positive,2025-03-25 04:00:00+00:00,-1.6494987015968994,2.0
ALNY,2025-07-31 04:00:00+00:00,9.844129977416205,3,positive,2025-08-11 04:00:00+00:00,-0.656715131145586,7.0
ALNY,2025-12-08 05:00:00+00:00,-2.3755757578143983,3,negative,2025-12-11 05:00:00+00:00,0.8370015029779333,3.0
ALNY,2026-01-12 05:00:00+00:00,-4.349298291732497,3,negative,2026-01-16 05:00:00+00:00,0.11300306391993725,4.0
AMAT,2024-09-26 04:00:00+00:00,3.5301670756025505,4,positive,2024-09-27 04:00:00+00:00,-1.3071385384873158,1.0
AMAT,2024-12-05 05:00:00+00:00,-2.16694200389451,3,negative,2024-12-06 05:00:00+00:00,0.6246478771175941,1.0
AMAT,2025-01-06 05:00:00+00:00,3.542836256348812,3,positive,2025-01-08 05:00:00+00:00,-0.5819033075330643,2.0
AMAT,2025-01-16 05:00:00+00:00,3.1439466514014147,3,positive,2025-01-21 05:00:00+00:00,-0.5727504880066131,2.0
AMAT,2025-01-27 05:00:00+00:00,-3.460921109158219,3,negative,2025-01-29 05:00:00+00:00,0.7666925337057365,2.0
AMAT,2025-06-05 04:00:00+00:00,2.0970725307994886,3,positive,2025-06-11 04:00:00+00:00,-0.48529790010912166,4.0
AMAT,2025-09-18 04:00:00+00:00,3.3843547739209114,4,positive,2025-09-19 04:00:00+00:00,-0.24012980724279376,1.0
AMAT,2026-01-06 05:00:00+00:00,2.5147691471650915,3,positive,2026-01-07 05:00:00+00:00,-0.732389455808333,1.0
AMAT,2026-04-08 04:00:00+00:00,3.199551604904387,3,positive,2026-04-13 04:00:00+00:00,-0.9192265603195734,3.0
AMAT,2026-06-11 04:00:00+00:00,4.50861231846814,4,positive,2026-06-16 04:00:00+00:00,-1.6646726452382827,3.0
AMD,2024-12-09 05:00:00+00:00,-2.8237195927189487,3,negative,2024-12-11 05:00:00+00:00,0.7679008618628821,2.0
AMD,2025-01-06 05:00:00+00:00,2.2111727029933492,3,positive,2025-01-07 05:00:00+00:00,0.09370024190745506,1.0
AMD,2025-04-03 04:00:00+00:00,-2.360220216580587,7,negative,2025-04-09 04:00:00+00:00,5.689442899417947,4.0
AMD,2025-06-24 04:00:00+00:00,2.7623388226749386,3,positive,2025-06-26 04:00:00+00:00,-0.47207114356846774,2.0
AMD,2025-09-05 04:00:00+00:00,-3.578367012164284,3,negative,2025-09-09 04:00:00+00:00,1.9602571188851972,2.0
AMD,2025-10-08 04:00:00+00:00,4.9420975038874815,3,positive,2025-10-09 04:00:00+00:00,-0.7914856332170858,1.0
AMD,2026-01-02 05:00:00+00:00,4.2175147194783325,4,positive,2026-01-05 05:00:00+00:00,-1.8218439958614157,1.0
AMD,2026-01-21 05:00:00+00:00,2.6412221487433643,7,positive,2026-01-26 05:00:00+00:00,-2.338705531723948,3.0
AMD,2026-04-16 04:00:00+00:00,2.9640220578740735,3,positive,2026-04-17 04:00:00+00:00,-1.0932739743923245,1.0
AMD,2026-04-24 04:00:00+00:00,5.50441419643615,4,positive,2026-04-27 04:00:00+00:00,-1.9415853792431748,1.0
AMGN,2024-09-25 04:00:00+00:00,-6.009451130362465,3,negative,2024-09-26 04:00:00+00:00,1.5430542468669772,1.0
AMGN,2025-01-13 05:00:00+00:00,2.6412165579890665,4,positive,2025-01-14 05:00:00+00:00,-1.0920183464664228,1.0
AMGN,2025-02-21 05:00:00+00:00,2.4272643678170747,4,positive,2025-02-26 05:00:00+00:00,-2.46679749896812,3.0
AMGN,2025-04-09 04:00:00+00:00,-2.515669357338869,3,negative,2025-04-14 04:00:00+00:00,0.9559883648141404,3.0
AMGN,2025-10-01 04:00:00+00:00,3.8868845464870043,4,positive,2025-10-02 04:00:00+00:00,-0.22923203481364735,1.0
AMGN,2026-01-20 05:00:00+00:00,3.6038529740862533,4,positive,2026-01-23 05:00:00+00:00,-0.8396315201308325,3.0
AMGN,2026-06-01 04:00:00+00:00,-3.0541640542923485,3,negative,2026-06-03 04:00:00+00:00,6.0410504539515655,2.0
AMGN,2026-06-05 04:00:00+00:00,4.474385338219558,3,positive,2026-06-08 04:00:00+00:00,-1.1320133595561725,1.0
AMGN,2026-07-28 04:00:00+00:00,5.793172890505525,5,positive,2026-07-30 04:00:00+00:00,-1.6392986723578336,2.0
AMT,2024-09-19 04:00:00+00:00,-2.4851879233434975,3,negative,2024-09-20 04:00:00+00:00,0.9469821580422179,1.0
AMT,2024-10-04 04:00:00+00:00,-2.823536852909361,3,negative,2024-10-07 04:00:00+00:00,0.719098318511768,1.0
AMT,2024-10-15 04:00:00+00:00,3.5877595873546855,3,positive,2024-10-16 04:00:00+00:00,-0.8178179795570214,1.0
AMT,2024-10-29 04:00:00+00:00,-3.0732447019455114,4,negative,2024-10-30 04:00:00+00:00,0.775928268708325,1.0
AMT,2025-02-25 05:00:00+00:00,4.2238265753898085,4,positive,2025-02-26 05:00:00+00:00,-1.1873099126026356,1.0
AMT,2025-04-09 04:00:00+00:00,-3.1656513616650264,3,negative,2025-04-10 04:00:00+00:00,1.2487065004940059,1.0
AMT,2025-07-22 04:00:00+00:00,2.0347746597544467,3,positive,2025-07-23 04:00:00+00:00,-1.0748654076553275,1.0
AMT,2025-07-29 04:00:00+00:00,-2.713556379345842,3,negative,2025-07-31 04:00:00+00:00,0.4703557287572097,2.0
AMT,2025-10-06 04:00:00+00:00,-2.8855421104604333,3,negative,2025-10-07 04:00:00+00:00,1.5921944535941215,1.0
AMT,2025-10-28 04:00:00+00:00,-2.4634599313966277,8,negative,2025-10-30 04:00:00+00:00,0.7027914323116491,2.0
AMT,2026-01-14 05:00:00+00:00,2.0885771318204496,3,positive,2026-01-20 05:00:00+00:00,-1.1286439913255726,3.0
AMT,2026-02-12 05:00:00+00:00,2.522477575156697,4,positive,2026-02-18 05:00:00+00:00,-1.8101797056088902,3.0
AMT,2026-06-18 04:00:00+00:00,-3.2398906508167307,6,negative,2026-06-22 04:00:00+00:00,0.5628872959349169,1.0
AMT,2026-07-29 04:00:00+00:00,3.2174084636137184,6,positive,2026-07-30 04:00:00+00:00,-2.4947387419079927,1.0
AMZN,2025-05-12 04:00:00+00:00,3.002335934915063,5,positive,2025-05-14 04:00:00+00:00,-0.602016696108013,2.0
AMZN,2025-09-23 04:00:00+00:00,-2.110873939976362,5,negative,2025-09-24 04:00:00+00:00,0.5276997618075429,1.0
AMZN,2026-01-14 05:00:00+00:00,-2.4455348514140813,4,negative,2026-01-15 05:00:00+00:00,0.3206528943817878,1.0
AMZN,2026-02-05 05:00:00+00:00,-2.1182866571241172,3,negative,2026-02-17 05:00:00+00:00,2.0129379405390653,7.0
AMZN,2026-04-09 04:00:00+00:00,4.603343738901827,4,positive,2026-04-13 04:00:00+00:00,-0.7943023557423923,2.0
ANET,2024-09-11 04:00:00+00:00,3.240434848057792,3,positive,2024-09-16 04:00:00+00:00,-0.3316744929856646,3.0
ANET,2024-09-19 04:00:00+00:00,2.567802319838591,3,positive,2024-09-24 04:00:00+00:00,-0.749445464509962,3.0
ANET,2024-11-21 05:00:00+00:00,2.8836721981331745,3,positive,2024-11-22 05:00:00+00:00,0.013345574653605688,1.0
ANET,2024-12-13 05:00:00+00:00,3.7095336111218953,3,positive,2024-12-17 05:00:00+00:00,-2.9590845938095134,2.0
ANET,2025-01-22 05:00:00+00:00,4.49506719247103,4,positive,2025-01-23 05:00:00+00:00,-1.019474620816652,1.0
ANET,2025-01-30 05:00:00+00:00,2.2457272017118055,3,positive,2025-02-03 05:00:00+00:00,-1.4714432759381768,2.0
ANET,2025-05-01 04:00:00+00:00,2.0570184676198693,7,positive,2025-05-05 04:00:00+00:00,-0.2478060835774026,2.0
ANET,2025-06-03 04:00:00+00:00,3.4623318003687116,3,positive,2025-06-09 04:00:00+00:00,-0.6482918297167386,4.0
ANET,2025-11-05 05:00:00+00:00,-4.718512837615873,5,negative,2025-11-07 05:00:00+00:00,0.3100402698080078,2.0
ANET,2026-01-08 05:00:00+00:00,-2.814307983566089,3,negative,2026-01-12 05:00:00+00:00,0.2557435765803044,2.0
ANET,2026-07-29 04:00:00+00:00,-2.2011394902911827,4,negative,2026-07-30 04:00:00+00:00,2.2011300087558627,1.0
AON,2024-09-11 04:00:00+00:00,-3.70463091186841,3,negative,2024-09-12 04:00:00+00:00,-0.16076607561735412,1.0
AON,2025-02-27 05:00:00+00:00,2.2296519227439977,5,positive,2025-02-28 05:00:00+00:00,-0.8048411730508221,1.0
AON,2025-04-25 04:00:00+00:00,-4.457776759938358,3,negative,2025-04-28 04:00:00+00:00,1.1481719450007175,1.0
AON,2025-06-09 04:00:00+00:00,-4.2687308196324745,5,negative,2025-06-12 04:00:00+00:00,1.2193292078845563,3.0
AON,2026-01-30 05:00:00+00:00,2.21638230974354,3,positive,2026-02-02 05:00:00+00:00,-0.5275299823989013,1.0
AON,2026-02-09 05:00:00+00:00,-6.4151792502172,3,negative,2026-02-10 05:00:00+00:00,2.196951955720867,1.0
AON,2026-04-10 04:00:00+00:00,-2.147121797035621,4,negative,2026-04-13 04:00:00+00:00,1.90585013911634,1.0
APH,2024-12-16 05:00:00+00:00,2.143403177054435,4,positive,2024-12-17 05:00:00+00:00,-0.9621600841930581,1.0
APH,2025-01-07 05:00:00+00:00,2.5301001081058443,3,positive,2025-01-10 05:00:00+00:00,-1.1384955620552626,2.0
APH,2025-02-25 05:00:00+00:00,-2.3013052916329855,4,negative,2025-02-26 05:00:00+00:00,1.8008444965771822,1.0
APH,2025-03-19 04:00:00+00:00,3.184049097443995,4,positive,2025-03-20 04:00:00+00:00,-1.4802516351168462,1.0
APH,2025-04-24 04:00:00+00:00,5.192431916217126,3,positive,2025-04-25 04:00:00+00:00,-1.3934872238112843,1.0
APH,2025-11-13 05:00:00+00:00,-2.265865259501779,3,negative,2025-11-18 05:00:00+00:00,0.2526852818894153,3.0
APH,2026-01-13 05:00:00+00:00,2.1230439659121645,3,positive,2026-01-14 05:00:00+00:00,-0.6964869180310603,1.0
APH,2026-03-02 05:00:00+00:00,-4.225281309273736,4,negative,2026-03-04 05:00:00+00:00,0.7838090272592912,2.0
APH,2026-05-08 04:00:00+00:00,-2.3150967539952934,7,negative,2026-05-12 04:00:00+00:00,1.9139619199767823,2.0
APH,2026-05-22 04:00:00+00:00,2.0784334837509246,3,positive,2026-06-01 04:00:00+00:00,-0.4513078159766104,5.0
APO,2024-11-25 05:00:00+00:00,2.22384725194843,3,positive,2024-11-27 05:00:00+00:00,-0.6209609646855296,2.0
APO,2025-01-10 05:00:00+00:00,-2.028300542165732,4,negative,2025-01-14 05:00:00+00:00,3.063256014508909,2.0
APO,2025-05-21 04:00:00+00:00,-3.304608557864424,6,negative,2025-05-22 04:00:00+00:00,0.5809314151828345,1.0
APO,2026-01-23 05:00:00+00:00,-2.752374566846623,6,negative,2026-01-28 05:00:00+00:00,0.6708791481819559,3.0
APO,2026-02-19 05:00:00+00:00,-2.5448241400051645,4,negative,2026-02-20 05:00:00+00:00,0.44012681149773863,1.0
APO,2026-06-24 04:00:00+00:00,-2.8169799090749668,4,negative,2026-06-30 04:00:00+00:00,0.9980579300574094,4.0
APP,2024-09-13 04:00:00+00:00,2.7624217636638946,3,positive,2024-09-18 04:00:00+00:00,-0.16003466510925707,3.0
APP,2024-11-19 05:00:00+00:00,2.4227703428462704,4,positive,2024-11-21 05:00:00+00:00,-1.415586359665645,2.0
APP,2025-02-14 05:00:00+00:00,2.286779101269516,3,positive,2025-02-18 05:00:00+00:00,-1.35168670718449,1.0
APP,2025-02-20 05:00:00+00:00,-2.5494993528431746,3,negative,2025-02-28 05:00:00+00:00,0.16510328267129637,6.0
APP,2025-03-06 05:00:00+00:00,-3.7938151251289898,3,negative,2025-03-07 05:00:00+00:00,1.1670074762474951,1.0
APP,2025-06-09 04:00:00+00:00,-2.793483935561877,3,negative,2025-06-11 04:00:00+00:00,0.03459278584055205,2.0
APP,2025-09-29 04:00:00+00:00,3.3870888960318184,3,positive,2025-10-01 04:00:00+00:00,-2.1966413744491464,2.0
APP,2025-10-06 04:00:00+00:00,-9.660498444416145,4,negative,2025-10-07 04:00:00+00:00,4.222059359501627,1.0
APP,2026-01-02 05:00:00+00:00,-3.5186007763848512,7,negative,2026-01-05 05:00:00+00:00,0.8159387237964361,1.0
APP,2026-03-26 04:00:00+00:00,-2.3137964436369285,3,negative,2026-03-31 04:00:00+00:00,1.2381472929818587,3.0
APP,2026-07-01 04:00:00+00:00,2.105941368054904,4,positive,2026-07-02 04:00:00+00:00,-1.389938675193482,1.0
APP,2026-07-13 04:00:00+00:00,-2.6026523023994184,5,negative,2026-07-14 04:00:00+00:00,0.3383905859753767,1.0
ARM,2024-09-11 04:00:00+00:00,3.0539000706536097,3,positive,2024-09-12 04:00:00+00:00,-0.6669820486070495,1.0
ARM,2024-10-14 04:00:00+00:00,4.5155220191805805,9,positive,2024-10-15 04:00:00+00:00,-5.997195616137071,1.0
ARM,2024-10-29 04:00:00+00:00,3.065005414861209,3,positive,2024-10-30 04:00:00+00:00,-1.3534352470277724,1.0
ARM,2025-01-22 05:00:00+00:00,4.746723082750678,6,positive,2025-01-23 05:00:00+00:00,-2.3468417488774316,1.0
ARM,2025-01-27 05:00:00+00:00,-2.8585404755035215,3,negative,2025-01-28 05:00:00+00:00,0.35664618963540623,1.0
ARM,2025-03-03 05:00:00+00:00,-2.3018268938993596,3,negative,2025-03-04 05:00:00+00:00,1.7286429017924805,1.0
ARM,2025-04-24 04:00:00+00:00,2.1416015767793932,3,positive,2025-04-28 04:00:00+00:00,-0.4730255738899101,2.0
ARM,2025-05-02 04:00:00+00:00,2.3882520222734125,3,positive,2025-05-05 04:00:00+00:00,-0.4091482720925653,1.0
ARM,2025-05-14 04:00:00+00:00,2.238707394193446,3,positive,2025-05-15 04:00:00+00:00,-0.6598413980451494,1.0
ARM,2025-09-10 04:00:00+00:00,3.9568868188383552,5,positive,2025-09-11 04:00:00+00:00,-0.3394130962212784,1.0
ARM,2025-12-15 05:00:00+00:00,-2.4148151523543246,4,negative,2025-12-29 05:00:00+00:00,0.7404786747846397,9.0
ARM,2026-01-21 05:00:00+00:00,3.380964740929693,3,positive,2026-01-23 05:00:00+00:00,-1.4578003756764986,2.0
ARM,2026-02-06 05:00:00+00:00,4.330405150849817,3,positive,2026-02-11 05:00:00+00:00,-0.21990723205618268,3.0
ARM,2026-04-22 04:00:00+00:00,3.0909325108721384,5,positive,2026-04-27 04:00:00+00:00,-1.907997029506652,3.0
ARM,2026-05-20 04:00:00+00:00,2.4915646145756742,3,positive,2026-05-27 04:00:00+00:00,-1.9302935406256796,4.0
ARM,2026-06-01 04:00:00+00:00,2.011492112292001,3,positive,2026-06-02 04:00:00+00:00,-0.7394489751848965,1.0
ASML,2024-11-06 05:00:00+00:00,-3.0689266670356457,4,negative,2024-11-07 05:00:00+00:00,1.0735038508973302,1.0
ASML,2024-12-02 05:00:00+00:00,2.0773391212979373,3,positive,2024-12-04 05:00:00+00:00,-0.3112529756338421,2.0
ASML,2025-01-06 05:00:00+00:00,6.68789407808212,3,positive,2025-01-07 05:00:00+00:00,-0.5933770772243065,1.0
ASML,2025-01-27 05:00:00+00:00,-2.354435755005169,4,negative,2025-01-29 05:00:00+00:00,2.2683846999845696,2.0
ASML,2025-03-05 05:00:00+00:00,2.15682702748121,4,positive,2025-03-06 05:00:00+00:00,-1.2169349080960186,1.0
ASML,2025-07-15 04:00:00+00:00,2.724582851900557,3,positive,2025-07-16 04:00:00+00:00,-7.996633058467794,1.0
ASML,2025-09-05 04:00:00+00:00,3.260113481325546,3,positive,2025-09-10 04:00:00+00:00,-2.4601926038641837,3.0
ASML,2025-09-15 04:00:00+00:00,6.434505062270596,3,positive,2025-09-17 04:00:00+00:00,-1.8070486334866642,2.0
ASML,2026-01-02 05:00:00+00:00,7.2755483148617115,3,positive,2026-01-07 05:00:00+00:00,-0.8134307704466703,3.0
AVGO,2024-09-11 04:00:00+00:00,3.0860819445467293,3,positive,2024-09-16 04:00:00+00:00,-1.0333656546150407,3.0
AVGO,2024-12-06 05:00:00+00:00,4.366275114738782,6,positive,2024-12-10 05:00:00+00:00,-2.3615889713263356,2.0
AVGO,2025-01-30 05:00:00+00:00,2.758944832670734,3,positive,2025-02-03 05:00:00+00:00,-0.7031333394780799,2.0
AVGO,2025-04-09 04:00:00+00:00,3.2710617599555034,4,positive,2025-04-10 04:00:00+00:00,-1.3218747013967447,1.0
AVGO,2025-05-13 04:00:00+00:00,2.0524789018686946,6,positive,2025-05-14 04:00:00+00:00,-0.44136264881556325,1.0
AVGO,2025-06-03 04:00:00+00:00,2.0248592936385457,6,positive,2025-06-06 04:00:00+00:00,-5.284322859004638,3.0
AVGO,2025-08-19 04:00:00+00:00,-2.111624283973681,3,negative,2025-08-25 04:00:00+00:00,0.41105392436111027,4.0
AVGO,2025-09-05 04:00:00+00:00,9.348702841798575,4,positive,2025-09-09 04:00:00+00:00,-2.1729425403211162,2.0
AVGO,2025-12-15 05:00:00+00:00,-2.2583653648991087,3,negative,2025-12-16 05:00:00+00:00,0.08357746824419494,1.0
AVGO,2026-03-09 04:00:00+00:00,2.4447479603875473,4,positive,2026-03-10 04:00:00+00:00,-0.4652949755045206,1.0
AVGO,2026-03-13 04:00:00+00:00,-3.149199479344074,4,negative,2026-03-19 04:00:00+00:00,1.560723850917675,4.0
AVGO,2026-04-10 04:00:00+00:00,3.1540346775637995,4,positive,2026-04-14 04:00:00+00:00,-0.5005769862157655,2.0
AVGO,2026-04-28 04:00:00+00:00,-2.331861424255687,4,negative,2026-04-29 04:00:00+00:00,0.5942479467267099,1.0
AVGO,2026-06-02 04:00:00+00:00,2.080812888981841,4,positive,2026-06-04 04:00:00+00:00,-5.775338151680658,2.0
AXP,2025-01-15 05:00:00+00:00,2.413864680309769,3,positive,2025-01-16 05:00:00+00:00,-0.26115464924987325,1.0
AXP,2025-02-10 05:00:00+00:00,-2.8116473372429955,3,negative,2025-02-14 05:00:00+00:00,1.695931293885026,4.0
AXP,2025-04-09 04:00:00+00:00,4.300073324586839,4,positive,2025-04-10 04:00:00+00:00,-3.3720497472531163,1.0
AXP,2025-08-22 04:00:00+00:00,3.876058564763104,5,positive,2025-08-25 04:00:00+00:00,-0.8386935263590228,1.0
AXP,2025-09-30 04:00:00+00:00,-3.8908605137021532,3,negative,2025-10-02 04:00:00+00:00,0.8333219843314277,2.0
AXP,2025-10-14 04:00:00+00:00,3.830860009197396,4,positive,2025-10-15 04:00:00+00:00,-1.323292099050279,1.0
AXP,2025-11-17 05:00:00+00:00,-4.093939986695016,3,negative,2025-11-18 05:00:00+00:00,0.6543158722648041,1.0
AXP,2026-06-03 04:00:00+00:00,-2.2972741181281076,3,negative,2026-06-04 04:00:00+00:00,3.860841819494636,1.0
AXP,2026-07-24 04:00:00+00:00,-2.776383497149971,6,negative,2026-07-27 04:00:00+00:00,1.9306335279165416,1.0
AZN,2026-06-05 04:00:00+00:00,2.916833858183862,3,positive,2026-06-08 04:00:00+00:00,-1.1092624696877011,1.0
B,2024-11-11 05:00:00+00:00,-2.325491605254549,9,negative,2024-11-14 05:00:00+00:00,1.3082630348881483,3.0
B,2025-09-19 04:00:00+00:00,4.727481155947593,3,positive,2025-09-23 04:00:00+00:00,-1.2270371256835289,2.0
B,2026-03-19 04:00:00+00:00,-2.2608315455437507,3,negative,2026-03-23 04:00:00+00:00,0.5557909255792225,2.0
B,2026-05-11 04:00:00+00:00,4.413526220885772,5,positive,2026-05-12 04:00:00+00:00,-0.6506668069236596,1.0
BA,2025-03-04 05:00:00+00:00,-4.252737379569538,3,negative,2025-03-05 05:00:00+00:00,1.3910335148702981,1.0
BA,2025-04-03 04:00:00+00:00,-3.0992046061537004,5,negative,2025-04-07 04:00:00+00:00,0.9532638393409619,2.0
BA,2025-04-09 04:00:00+00:00,2.862469482558941,3,positive,2025-04-11 04:00:00+00:00,-0.5088208077008016,2.0
BA,2025-06-12 04:00:00+00:00,-5.0370403373373325,3,negative,2025-06-17 04:00:00+00:00,0.3702959185104759,3.0
BA,2025-07-09 04:00:00+00:00,2.2996543642803546,6,positive,2025-07-10 04:00:00+00:00,-0.5812546945024621,1.0
BA,2025-09-11 04:00:00+00:00,-2.8625600735345014,3,negative,2025-09-18 04:00:00+00:00,0.25110515626605484,5.0
BA,2025-10-29 04:00:00+00:00,-4.865515310817708,3,negative,2025-10-31 04:00:00+00:00,0.11677106320687493,2.0
BA,2025-11-19 05:00:00+00:00,-2.9599754359487505,3,negative,2025-11-25 05:00:00+00:00,1.0243737272560958,4.0
BA,2026-01-02 05:00:00+00:00,3.7886192224605355,4,positive,2026-01-05 05:00:00+00:00,-1.0918537520228546,1.0
BA,2026-01-29 05:00:00+00:00,-2.0347373650689393,4,negative,2026-01-30 05:00:00+00:00,0.10309995796465217,1.0
BA,2026-07-02 04:00:00+00:00,2.298166138082269,3,positive,2026-07-07 04:00:00+00:00,-0.5065641657319214,2.0
BA,2026-07-28 04:00:00+00:00,2.2249452436085875,5,positive,2026-07-29 04:00:00+00:00,-0.8086320703313464,1.0
BABA,2024-09-24 04:00:00+00:00,4.991743799594995,6,positive,2024-09-25 04:00:00+00:00,-0.9973507991880678,1.0
BABA,2025-01-28 05:00:00+00:00,5.248498696695484,3,positive,2025-01-31 05:00:00+00:00,-2.2798603880759165,3.0
BABA,2025-02-10 05:00:00+00:00,2.374414787063632,3,positive,2025-02-13 05:00:00+00:00,-0.4317720450030584,3.0
BABA,2025-07-15 04:00:00+00:00,4.3092063436178725,4,positive,2025-07-16 04:00:00+00:00,-0.5022572197728775,1.0
BABA,2026-03-03 05:00:00+00:00,-2.3473537279100394,14,negative,2026-03-06 05:00:00+00:00,2.2426025296711845,3.0
BABA,2026-03-10 04:00:00+00:00,3.1639002881018814,3,positive,2026-03-12 04:00:00+00:00,0.47567073097602386,2.0
BABA,2026-03-19 04:00:00+00:00,-4.487758321166413,3,negative,2026-03-23 04:00:00+00:00,1.4272304815659975,2.0
BABA,2026-04-01 04:00:00+00:00,-2.655610980481954,5,negative,2026-04-08 04:00:00+00:00,5.340439846838214,4.0
BABA,2026-04-16 04:00:00+00:00,2.008869150535862,3,positive,2026-04-20 04:00:00+00:00,-0.17700832921143456,2.0
BABA,2026-06-25 04:00:00+00:00,-4.08432046410011,16,negative,2026-06-26 04:00:00+00:00,1.9614430017320739,1.0
BABA,2026-07-08 04:00:00+00:00,8.228962076927788,3,positive,2026-07-14 04:00:00+00:00,0.11184287718663102,4.0
BAC,2024-09-03 04:00:00+00:00,2.6400147288571723,4,positive,2024-09-04 04:00:00+00:00,-0.6922516356115105,1.0
BAC,2024-11-15 05:00:00+00:00,2.3937880266552987,3,positive,2024-11-18 05:00:00+00:00,-0.6625916278165993,1.0
BAC,2025-01-22 05:00:00+00:00,-2.491916073101725,4,negative,2025-01-23 05:00:00+00:00,0.6739177058627164,1.0
BAC,2025-01-27 05:00:00+00:00,2.6483050395707,3,positive,2025-01-28 05:00:00+00:00,-1.8597423254468868,1.0
BAC,2025-06-20 04:00:00+00:00,2.042158859899862,3,positive,2025-06-24 04:00:00+00:00,-0.4874096891973594,2.0
BAC,2025-08-12 04:00:00+00:00,2.1360475882061696,3,positive,2025-08-13 04:00:00+00:00,-0.933355041306597,1.0
BAC,2025-12-12 05:00:00+00:00,2.92749097615866,3,positive,2025-12-16 05:00:00+00:00,-1.3657626268573617,2.0
BAC,2026-01-02 05:00:00+00:00,2.3555932721275292,3,positive,2026-01-07 05:00:00+00:00,-4.00200311653574,3.0
BAC,2026-02-11 05:00:00+00:00,-2.2565762257673048,3,negative,2026-02-17 05:00:00+00:00,0.15304907596503614,3.0
BAC,2026-02-23 05:00:00+00:00,-2.246672690456208,3,negative,2026-02-25 05:00:00+00:00,1.1712240178964173,2.0
BAC,2026-05-08 04:00:00+00:00,-2.1738876415606465,3,negative,2026-05-12 04:00:00+00:00,0.8082544146609546,2.0
BKNG,2024-10-31 04:00:00+00:00,7.852607013219839,3,positive,2024-11-06 05:00:00+00:00,-0.9267651826122789,4.0
BKNG,2025-02-07 05:00:00+00:00,3.5322602059580683,3,positive,2025-02-10 05:00:00+00:00,-0.26342200184842424,1.0
BKNG,2025-06-13 04:00:00+00:00,-2.3029621423631004,5,negative,2025-06-16 04:00:00+00:00,0.24875294440375664,1.0
BKNG,2025-10-07 04:00:00+00:00,-2.264211631466597,3,negative,2025-10-09 04:00:00+00:00,0.8663085739134603,2.0
BKNG,2026-01-14 05:00:00+00:00,-2.6421834381746585,3,negative,2026-01-20 05:00:00+00:00,0.7582455466824192,3.0
BKNG,2026-02-09 05:00:00+00:00,-3.4345943466417155,5,negative,2026-02-10 05:00:00+00:00,1.6999864132825204,1.0
BKNG,2026-03-05 05:00:00+00:00,3.459123374757299,3,positive,2026-03-09 04:00:00+00:00,-1.477137479327815,2.0
BKNG,2026-06-15 04:00:00+00:00,3.0182562418252874,3,positive,2026-06-17 04:00:00+00:00,-1.185934969784798,2.0
BKNG,2026-07-28 04:00:00+00:00,2.896049789969062,3,positive,2026-07-30 04:00:00+00:00,-2.2627222161673477,2.0
BMY,2024-10-08 04:00:00+00:00,-2.8908793468924574,3,negative,2024-10-14 04:00:00+00:00,0.04546469448370012,4.0
BMY,2025-03-10 04:00:00+00:00,3.0126800266190563,3,positive,2025-03-11 04:00:00+00:00,-1.4221109431932109,1.0
BMY,2025-06-17 04:00:00+00:00,-2.574150056024301,3,negative,2025-06-20 04:00:00+00:00,-0.011764835407189686,2.0
BMY,2025-07-10 04:00:00+00:00,2.7782030479460444,3,positive,2025-07-11 04:00:00+00:00,-3.1493521358142718,1.0
BMY,2025-07-31 04:00:00+00:00,-2.5254618628785637,6,negative,2025-08-01 04:00:00+00:00,1.7648035352187048,1.0
BMY,2026-02-04 05:00:00+00:00,2.5574726972797803,4,positive,2026-02-09 05:00:00+00:00,-1.8099418752987795,3.0
BMY,2026-03-26 04:00:00+00:00,2.270319547848726,3,positive,2026-03-31 04:00:00+00:00,-1.4895023640155978,3.0
BMY,2026-06-05 04:00:00+00:00,2.4089345132101756,3,positive,2026-06-08 04:00:00+00:00,-1.3505581197831156,1.0
BRK-B,2024-09-11 04:00:00+00:00,-2.8204653212133133,3,negative,2024-09-16 04:00:00+00:00,0.3781503433104613,3.0
BRK-B,2025-02-24 05:00:00+00:00,10.086673067413193,3,positive,2025-02-26 05:00:00+00:00,-2.9443914031745764,2.0
BRK-B,2025-08-13 04:00:00+00:00,2.6155979058677588,4,positive,2025-08-15 04:00:00+00:00,-0.2753905025013175,2.0
BRK-B,2025-12-15 05:00:00+00:00,3.130208082475202,3,positive,2025-12-16 05:00:00+00:00,-0.6973033488208382,1.0
BRK-B,2026-02-03 05:00:00+00:00,2.6726313669492687,4,positive,2026-02-06 05:00:00+00:00,-0.9970854919188277,3.0
BRK-B,2026-03-05 05:00:00+00:00,2.123871558314431,3,positive,2026-03-09 04:00:00+00:00,-0.9673097121212874,2.0
BRK-B,2026-06-05 04:00:00+00:00,4.946488405547534,4,positive,2026-06-08 04:00:00+00:00,-0.05381009601526664,1.0
BSX,2024-10-01 04:00:00+00:00,2.159119752822378,3,positive,2024-10-03 04:00:00+00:00,-1.0867117993762494,2.0
BSX,2025-01-07 05:00:00+00:00,5.289941349275935,10,positive,2025-01-13 05:00:00+00:00,-2.2824353735235,3.0
BSX,2025-03-03 05:00:00+00:00,2.593992852515185,4,positive,2025-03-05 05:00:00+00:00,-0.21944287738050441,2.0
BSX,2025-03-10 04:00:00+00:00,-2.169579242267822,4,negative,2025-03-11 04:00:00+00:00,1.9436550220683761,1.0
BSX,2025-05-12 04:00:00+00:00,-7.1589540451608995,3,negative,2025-05-15 04:00:00+00:00,2.994590686994771,3.0
BSX,2025-08-06 04:00:00+00:00,-2.1766556649337625,3,negative,2025-08-07 04:00:00+00:00,0.3957360422652179,1.0
BSX,2025-09-15 04:00:00+00:00,-2.668478658452806,5,negative,2025-09-23 04:00:00+00:00,1.4791301199744125,6.0
BSX,2025-12-08 05:00:00+00:00,-2.474953515956434,8,negative,2025-12-12 05:00:00+00:00,2.5086403559896087,4.0
BX,2024-09-25 04:00:00+00:00,-3.4562638065199525,4,negative,2024-09-26 04:00:00+00:00,-0.19762367792784302,1.0
BX,2024-10-17 04:00:00+00:00,5.119083031901186,6,positive,2024-10-21 04:00:00+00:00,-0.688999705819841,2.0
BX,2025-06-13 04:00:00+00:00,-2.7029096511417365,3,negative,2025-06-16 04:00:00+00:00,1.281519805793384,1.0
BX,2025-09-18 04:00:00+00:00,2.641464403129327,4,positive,2025-09-19 04:00:00+00:00,-1.5059967133423007,1.0
BX,2026-06-24 04:00:00+00:00,-3.7147107228344884,5,negative,2026-06-25 04:00:00+00:00,0.7491571352231438,1.0
C,2024-09-10 04:00:00+00:00,-3.748359030868432,5,negative,2024-09-13 04:00:00+00:00,0.49350692975303045,3.0
C,2024-09-19 04:00:00+00:00,3.6786444450830404,5,positive,2024-09-20 04:00:00+00:00,-1.2540646632865244,1.0
C,2025-01-07 05:00:00+00:00,4.824753519104468,3,positive,2025-01-08 05:00:00+00:00,-1.930056612996741,1.0
C,2025-01-15 05:00:00+00:00,7.627013165527296,3,positive,2025-01-22 05:00:00+00:00,-1.7510724895704382,4.0
C,2025-03-04 05:00:00+00:00,-3.3539982007846656,3,negative,2025-03-11 04:00:00+00:00,0.9527833594865215,5.0
C,2025-06-25 04:00:00+00:00,2.163729171226741,5,positive,2025-06-27 04:00:00+00:00,-0.817817956126899,2.0
C,2025-10-01 04:00:00+00:00,-3.30773372568893,3,negative,2025-10-03 04:00:00+00:00,0.16717987320136257,2.0
C,2025-10-14 04:00:00+00:00,4.266736069781647,3,positive,2025-10-15 04:00:00+00:00,-0.6310696520960298,1.0
C,2025-12-22 05:00:00+00:00,3.4755754610998175,4,positive,2025-12-26 05:00:00+00:00,-2.9585942020430758,3.0
C,2025-12-30 05:00:00+00:00,-2.147398214824452,3,negative,2026-01-02 05:00:00+00:00,1.3359452528426672,2.0
C,2026-01-05 05:00:00+00:00,4.132074377445238,3,positive,2026-01-06 05:00:00+00:00,-2.1081643168300355,1.0
C,2026-01-12 05:00:00+00:00,-2.4004374240047577,5,negative,2026-01-15 05:00:00+00:00,2.6155460077424957,3.0
C,2026-02-12 05:00:00+00:00,-3.5260969900085257,3,negative,2026-02-17 05:00:00+00:00,1.946258477090094,2.0
C,2026-02-23 05:00:00+00:00,-3.5872253468668847,3,negative,2026-02-25 05:00:00+00:00,2.2290071530415863,2.0
CAT,2024-09-19 04:00:00+00:00,3.401941754387498,6,positive,2024-09-20 04:00:00+00:00,-1.4229404614917134,1.0
CAT,2025-01-21 05:00:00+00:00,2.377463840403508,3,positive,2025-01-22 05:00:00+00:00,-0.8332743996869194,1.0
CAT,2025-03-07 05:00:00+00:00,2.87579520048095,3,positive,2025-03-11 04:00:00+00:00,-0.6693892088079686,2.0
CAT,2025-07-02 04:00:00+00:00,2.2656138990162105,5,positive,2025-07-03 04:00:00+00:00,-2.6110284495153975,1.0
CAT,2025-09-18 04:00:00+00:00,2.928876187228073,7,positive,2025-09-19 04:00:00+00:00,-0.6602979974092984,1.0
CAT,2025-10-14 04:00:00+00:00,3.471875454420045,3,positive,2025-10-17 04:00:00+00:00,-3.618572215892952,3.0
CAT,2026-01-29 05:00:00+00:00,2.139867151096285,4,positive,2026-01-30 05:00:00+00:00,-1.294305407579525,1.0
CAT,2026-02-11 05:00:00+00:00,2.2599441583416984,4,positive,2026-02-12 05:00:00+00:00,-0.6789234724930681,1.0
CAT,2026-04-08 04:00:00+00:00,4.984978865119251,3,positive,2026-04-13 04:00:00+00:00,-1.178563135572342,3.0
CAT,2026-04-15 04:00:00+00:00,-2.5788097181181557,3,negative,2026-04-16 04:00:00+00:00,-0.09340693753574102,1.0
CB,2024-10-07 04:00:00+00:00,-4.289382758859661,4,negative,2024-10-08 04:00:00+00:00,0.3288805444888837,1.0
CB,2024-10-17 04:00:00+00:00,5.0533089945845155,3,positive,2024-10-18 04:00:00+00:00,-0.9142303567910466,1.0
CB,2024-11-14 05:00:00+00:00,2.3203375144296556,3,positive,2024-11-18 05:00:00+00:00,0.07689099218522313,2.0
CB,2025-01-06 05:00:00+00:00,-2.006188722283722,3,negative,2025-01-07 05:00:00+00:00,1.2857909349194208,1.0
CB,2025-02-24 05:00:00+00:00,2.3231050062066094,3,positive,2025-02-26 05:00:00+00:00,-0.9906600815289764,2.0
CB,2026-02-04 05:00:00+00:00,4.380665004071257,6,positive,2026-02-06 05:00:00+00:00,-1.3608557342268555,2.0
CB,2026-03-30 04:00:00+00:00,2.1635430938897247,3,positive,2026-03-31 04:00:00+00:00,-2.4906391904785186,1.0
CB,2026-04-14 04:00:00+00:00,-2.1408479287281885,5,negative,2026-04-16 04:00:00+00:00,0.4349187726980517,2.0
CB,2026-06-05 04:00:00+00:00,2.966349644230022,4,positive,2026-06-08 04:00:00+00:00,-0.8382724177499463,1.0
CCL,2024-09-25 04:00:00+00:00,-2.6543706295365204,3,negative,2024-09-26 04:00:00+00:00,1.6056397982091912,1.0
CCL,2024-11-06 05:00:00+00:00,3.680945873428226,3,positive,2024-11-07 05:00:00+00:00,-2.3038143725660074,1.0
CCL,2025-06-13 04:00:00+00:00,-2.321065241920901,3,negative,2025-06-16 04:00:00+00:00,2.925800421095049,1.0
CCL,2025-06-24 04:00:00+00:00,3.97829820842274,4,positive,2025-06-25 04:00:00+00:00,-0.769630127831236,1.0
CCL,2025-08-08 04:00:00+00:00,-2.458340908634725,4,negative,2025-08-11 04:00:00+00:00,0.8327094501006495,1.0
CCL,2025-08-13 04:00:00+00:00,2.0555264615133892,3,positive,2025-08-14 04:00:00+00:00,-1.0071237148592078,1.0
CCL,2025-10-28 04:00:00+00:00,-3.5598326721724556,4,negative,2025-10-29 04:00:00+00:00,0.1558410530136515,1.0
CCL,2025-12-19 05:00:00+00:00,3.978002175406921,3,positive,2025-12-23 05:00:00+00:00,-1.1992001840921427,2.0
CCL,2026-03-12 04:00:00+00:00,-2.0545148824800044,3,negative,2026-03-13 04:00:00+00:00,0.7043502781304134,1.0
CDNS,2024-12-04 05:00:00+00:00,2.254061908199867,4,positive,2024-12-05 05:00:00+00:00,-4.552328409925353,1.0
CDNS,2025-01-22 05:00:00+00:00,3.9353226177666225,3,positive,2025-01-24 05:00:00+00:00,-1.5636234601296903,2.0
CDNS,2025-03-31 04:00:00+00:00,-2.2089283697468782,4,negative,2025-04-01 04:00:00+00:00,1.124839650311942,1.0
CDNS,2025-04-09 04:00:00+00:00,3.605368301338669,3,positive,2025-04-10 04:00:00+00:00,-0.9446921674450816,1.0
CDNS,2025-07-03 04:00:00+00:00,4.5949469666720955,8,positive,2025-07-07 04:00:00+00:00,-1.2962913252317216,1.0
CDNS,2025-07-29 04:00:00+00:00,6.933002886511645,3,positive,2025-07-31 04:00:00+00:00,-0.955929193015205,2.0
CDNS,2026-01-05 05:00:00+00:00,-3.808403752190963,5,negative,2026-01-06 05:00:00+00:00,4.529172492676631,1.0
CDNS,2026-01-14 05:00:00+00:00,-2.4495160980380772,3,negative,2026-01-15 05:00:00+00:00,2.628624235409012,1.0
CDNS,2026-02-03 05:00:00+00:00,-3.1104488850716923,4,negative,2026-02-04 05:00:00+00:00,1.1592424803267891,1.0
CDNS,2026-04-15 04:00:00+00:00,2.724382225032922,3,positive,2026-04-23 04:00:00+00:00,-3.8117198952999933,6.0
CDNS,2026-07-17 04:00:00+00:00,-6.5153874094347595,6,negative,2026-07-20 04:00:00+00:00,0.8080962029400649,1.0
CEG,2024-09-13 04:00:00+00:00,3.272604739129729,4,positive,2024-09-18 04:00:00+00:00,-0.28923910051533186,3.0
CEG,2024-10-09 04:00:00+00:00,-3.274911343830085,3,negative,2024-10-10 04:00:00+00:00,-0.18383061769474301,1.0
CEG,2024-11-21 05:00:00+00:00,2.998458402874444,6,positive,2024-11-22 05:00:00+00:00,-0.41444480109532905,1.0
CEG,2025-01-06 05:00:00+00:00,3.8537828301158545,3,positive,2025-01-07 05:00:00+00:00,-1.4190671942892077,1.0
CEG,2025-02-21 05:00:00+00:00,-2.2635017321248707,3,negative,2025-02-26 05:00:00+00:00,0.6897252531325188,3.0
CEG,2025-04-09 04:00:00+00:00,2.118674490584539,3,positive,2025-04-10 04:00:00+00:00,-0.6708666634220338,1.0
CEG,2025-05-06 04:00:00+00:00,6.673678143710578,4,positive,2025-05-07 04:00:00+00:00,-2.343218140767579,1.0
CEG,2025-07-30 04:00:00+00:00,2.0263949838693294,4,positive,2025-08-01 04:00:00+00:00,-0.5818142404486677,2.0
CEG,2025-09-22 04:00:00+00:00,2.2081386567883916,3,positive,2025-09-23 04:00:00+00:00,-1.207292128439788,1.0
CEG,2025-10-20 04:00:00+00:00,-2.064449009810898,3,negative,2025-10-23 04:00:00+00:00,1.0508883568355945,3.0
CEG,2026-01-07 05:00:00+00:00,-2.079623506566072,3,negative,2026-01-09 05:00:00+00:00,1.523163235948052,2.0
CEG,2026-02-24 05:00:00+00:00,2.484140915606608,3,positive,2026-02-26 05:00:00+00:00,-0.1286059473559518,2.0
CEG,2026-03-18 04:00:00+00:00,2.043431555165671,5,positive,2026-03-20 04:00:00+00:00,-4.123373981437671,2.0
CEG,2026-04-24 04:00:00+00:00,2.1414737997936055,3,positive,2026-04-28 04:00:00+00:00,-0.7913376247801697,2.0
CEG,2026-05-13 04:00:00+00:00,-2.5907020498777418,7,negative,2026-05-19 04:00:00+00:00,0.6208392955741053,4.0
CEG,2026-06-30 04:00:00+00:00,-2.839899599691485,3,negative,2026-07-02 04:00:00+00:00,0.7340669348907908,2.0
CHTR,2024-11-01 04:00:00+00:00,6.695455578949134,3,positive,2024-11-07 05:00:00+00:00,-2.122486143782418,4.0
CHTR,2025-01-30 05:00:00+00:00,-3.8429161586643046,3,negative,2025-01-31 05:00:00+00:00,1.362483758315697,1.0
CHTR,2025-06-16 04:00:00+00:00,-3.7427680572605015,4,negative,2025-06-17 04:00:00+00:00,0.7212312732662632,1.0
CHTR,2025-06-20 04:00:00+00:00,2.494985496917592,3,positive,2025-06-25 04:00:00+00:00,-0.6684459909800916,3.0
CHTR,2025-07-25 04:00:00+00:00,-7.9398919043791585,3,negative,2025-08-05 04:00:00+00:00,1.0780828291362778,7.0
CHTR,2026-01-13 05:00:00+00:00,-2.552116053520195,3,negative,2026-01-14 05:00:00+00:00,1.8879482042543236,1.0
CHTR,2026-04-29 04:00:00+00:00,-2.8890933617752763,4,negative,2026-04-30 04:00:00+00:00,1.2342086470822402,1.0
CI,2024-10-21 04:00:00+00:00,-3.1626386574046,3,negative,2024-10-23 04:00:00+00:00,0.8901070067142303,2.0
CI,2025-02-25 05:00:00+00:00,3.440890745603148,6,positive,2025-02-26 05:00:00+00:00,-2.825731884359523,1.0
CI,2025-03-10 04:00:00+00:00,3.733969629241209,3,positive,2025-03-11 04:00:00+00:00,-2.7427406005294808,1.0
CI,2025-05-16 04:00:00+00:00,2.1099271393851704,3,positive,2025-05-21 04:00:00+00:00,-0.4571874685889706,3.0
CI,2025-10-03 04:00:00+00:00,3.514680394541877,4,positive,2025-10-06 04:00:00+00:00,-2.0939376631866833,1.0
CI,2025-10-30 04:00:00+00:00,-6.231905064018543,3,negative,2025-11-03 05:00:00+00:00,2.4183697062840017,2.0
CI,2026-01-27 05:00:00+00:00,-2.529470209597491,3,negative,2026-01-28 05:00:00+00:00,0.4049252130164842,1.0
CI,2026-06-05 04:00:00+00:00,2.438652401398225,3,positive,2026-06-08 04:00:00+00:00,-0.0572636591820316,1.0
CL,2024-09-19 04:00:00+00:00,-2.235053370904566,9,negative,2024-09-20 04:00:00+00:00,1.498361957265972,1.0
CL,2025-01-06 05:00:00+00:00,-2.306195652050237,3,negative,2025-01-07 05:00:00+00:00,0.6537239457367816,1.0
CL,2025-04-24 04:00:00+00:00,-2.396656757527605,3,negative,2025-04-25 04:00:00+00:00,0.16709603598915007,1.0
CL,2026-01-13 05:00:00+00:00,2.4257403914189015,5,positive,2026-01-15 05:00:00+00:00,-0.8518551867278414,2.0
CL,2026-06-03 04:00:00+00:00,-2.695703756001523,5,negative,2026-06-05 04:00:00+00:00,6.4515420255774085,2.0
CLS,2024-10-10 04:00:00+00:00,2.250007167887855,7,positive,2024-10-14 04:00:00+00:00,-1.0954959163512537,2.0
CLS,2024-10-16 04:00:00+00:00,-2.221089407948335,3,negative,2024-10-23 04:00:00+00:00,1.128099419091593,5.0
CLS,2024-12-13 05:00:00+00:00,2.6331533069101427,3,positive,2024-12-16 05:00:00+00:00,-0.6486052990440532,1.0
CLS,2025-01-27 05:00:00+00:00,-10.377008429176593,3,negative,2025-01-28 05:00:00+00:00,2.09385860442192,1.0
CLS,2025-01-30 05:00:00+00:00,4.642649457270763,3,positive,2025-02-03 05:00:00+00:00,-1.5291753267541008,2.0
CLS,2025-03-03 05:00:00+00:00,-3.772560763306193,3,negative,2025-03-07 05:00:00+00:00,3.866091929541346,4.0
CLS,2025-07-29 04:00:00+00:00,5.219271298680097,3,positive,2025-07-31 04:00:00+00:00,-0.6817340100489643,2.0
CLS,2025-09-05 04:00:00+00:00,2.184708434879362,4,positive,2025-09-09 04:00:00+00:00,-0.45307366500228136,2.0
CLS,2025-10-08 04:00:00+00:00,2.8551458280131765,3,positive,2025-10-10 04:00:00+00:00,-1.9767055020765383,2.0
CLS,2026-06-02 04:00:00+00:00,3.022870472211495,3,positive,2026-06-03 04:00:00+00:00,-0.44123739993887373,1.0
CLS,2026-06-05 04:00:00+00:00,-2.2560198576910273,3,negative,2026-06-08 04:00:00+00:00,0.9126228216197791,1.0
CLS,2026-07-16 04:00:00+00:00,-2.141485080342836,4,negative,2026-07-17 04:00:00+00:00,0.20640597378192788,1.0
CLS,2026-07-21 04:00:00+00:00,2.394540511164304,3,positive,2026-07-22 04:00:00+00:00,-0.1667927086522115,1.0
CMCSA,2024-09-11 04:00:00+00:00,-2.5273153175790672,3,negative,2024-09-12 04:00:00+00:00,0.903037472817529,1.0
CMCSA,2024-10-21 04:00:00+00:00,-3.473094192828433,4,negative,2024-10-22 04:00:00+00:00,2.9263419757950815,1.0
CMCSA,2024-10-31 04:00:00+00:00,6.845742770317834,5,positive,2024-11-01 04:00:00+00:00,-0.8055908686170989,1.0
CMCSA,2025-01-27 05:00:00+00:00,5.295666065631609,3,positive,2025-01-28 05:00:00+00:00,-3.6540451842515087,1.0
CMCSA,2025-01-30 05:00:00+00:00,-14.459575165660024,3,negative,2025-01-31 05:00:00+00:00,2.3522131711235073,1.0
CMCSA,2025-02-18 05:00:00+00:00,2.1757434756361707,3,positive,2025-02-25 05:00:00+00:00,-0.8686883259469703,5.0
CMCSA,2025-04-24 04:00:00+00:00,-5.223824526034184,3,negative,2025-04-25 04:00:00+00:00,1.300988487679295,1.0
CMCSA,2026-03-18 04:00:00+00:00,-2.0441842856871046,3,negative,2026-03-19 04:00:00+00:00,1.1376253218152568,1.0
CMCSA,2026-05-08 04:00:00+00:00,-3.3922289047046013,5,negative,2026-05-14 04:00:00+00:00,0.4343699260669851,4.0
CMCSA,2026-07-23 04:00:00+00:00,-4.092790639091322,3,negative,2026-07-24 04:00:00+00:00,0.7638896072905749,1.0
CMCSA,2026-07-28 04:00:00+00:00,3.3747465926839557,3,positive,2026-07-30 04:00:00+00:00,-3.096048456956496,2.0
CME,2024-10-01 04:00:00+00:00,2.8727136270755835,4,positive,2024-10-02 04:00:00+00:00,-0.5591334755633692,1.0
CME,2025-03-10 04:00:00+00:00,3.846146538765151,3,positive,2025-03-12 04:00:00+00:00,-1.3803905948310349,2.0
CME,2025-05-21 04:00:00+00:00,2.2512829634204734,5,positive,2025-05-27 04:00:00+00:00,-1.4651451791809111,3.0
CME,2025-08-01 04:00:00+00:00,3.061008481087424,4,positive,2025-08-05 04:00:00+00:00,-0.6239234996708815,2.0
CME,2025-10-10 04:00:00+00:00,2.486580195945224,4,positive,2025-10-13 04:00:00+00:00,-1.0422028956854006,1.0
CME,2026-01-14 05:00:00+00:00,2.4135869119151905,3,positive,2026-01-15 05:00:00+00:00,-0.9927610874244274,1.0
CME,2026-02-23 05:00:00+00:00,2.5654183898896017,3,positive,2026-02-25 05:00:00+00:00,-5.457180512758207,2.0
CME,2026-03-25 04:00:00+00:00,-2.4555295722238397,3,negative,2026-03-26 04:00:00+00:00,2.37689635805276,1.0
CME,2026-05-13 04:00:00+00:00,4.017585070343323,3,positive,2026-05-14 04:00:00+00:00,-0.34132434842900583,1.0
CME,2026-06-01 04:00:00+00:00,-3.4055912208069095,5,negative,2026-06-03 04:00:00+00:00,0.971653661561771,2.0
CMG,2024-11-12 05:00:00+00:00,2.060435553044238,5,positive,2024-11-13 05:00:00+00:00,-2.394088674390326,1.0
CMG,2025-09-08 04:00:00+00:00,-3.75751949684522,7,negative,2025-09-16 04:00:00+00:00,3.8516641023187312,6.0
CMG,2025-10-14 04:00:00+00:00,2.026471098373825,4,positive,2025-10-15 04:00:00+00:00,-0.7425359740289187,1.0
CMG,2025-10-30 04:00:00+00:00,-13.354194013294977,7,negative,2025-11-04 05:00:00+00:00,1.9302336915760632,3.0
CMG,2026-07-30 04:00:00+00:00,3.6891394176038674,4,positive,,,
COF,2024-09-19 04:00:00+00:00,2.581544118204973,5,positive,2024-09-20 04:00:00+00:00,-0.49454585190459827,1.0
COF,2025-01-22 05:00:00+00:00,4.486842968081531,3,positive,2025-01-28 05:00:00+00:00,-0.9152882713289534,4.0
COF,2025-02-19 05:00:00+00:00,2.5831115416687216,3,positive,2025-02-20 05:00:00+00:00,-1.390832580603527,1.0
COF,2025-03-06 05:00:00+00:00,-2.0127926046233098,4,negative,2025-03-11 04:00:00+00:00,1.0429319628563025,3.0
COF,2025-04-09 04:00:00+00:00,2.8980254145612614,3,positive,2025-04-10 04:00:00+00:00,-2.5701328793441234,1.0
COF,2025-10-22 04:00:00+00:00,2.001727840298484,4,positive,2025-10-23 04:00:00+00:00,-0.6979538498585308,1.0
COF,2025-11-17 05:00:00+00:00,-2.680667851219264,3,negative,2025-11-18 05:00:00+00:00,0.3259594659030055,1.0
COF,2025-12-10 05:00:00+00:00,2.178579056999684,11,positive,2025-12-19 05:00:00+00:00,-1.7561418705423042,7.0
COF,2026-01-06 05:00:00+00:00,3.513308196854153,4,positive,2026-01-07 05:00:00+00:00,-2.4732896665706976,1.0
COF,2026-02-11 05:00:00+00:00,-2.619235337282149,3,negative,2026-02-13 05:00:00+00:00,0.053166609289138335,2.0
COF,2026-05-11 04:00:00+00:00,-2.6477333119772286,3,negative,2026-05-12 04:00:00+00:00,0.7056910819664469,1.0
COF,2026-07-08 04:00:00+00:00,-2.562460634856751,3,negative,2026-07-09 04:00:00+00:00,1.5944243738239248,1.0
COHR,2024-09-03 04:00:00+00:00,-2.8176122801841865,5,negative,2024-09-04 04:00:00+00:00,1.3355894788696723,1.0
COHR,2024-10-11 04:00:00+00:00,2.15341907901889,9,positive,2024-10-14 04:00:00+00:00,-2.459502338476835,1.0
COHR,2024-11-07 05:00:00+00:00,4.878600377359736,3,positive,2024-11-11 05:00:00+00:00,-2.580372587666553,2.0
COHR,2025-01-27 05:00:00+00:00,-5.1357872456279665,3,negative,2025-01-28 05:00:00+00:00,0.1812356204458587,1.0
COHR,2025-05-12 04:00:00+00:00,3.5699773949670193,3,positive,2025-05-15 04:00:00+00:00,-1.6591064952839658,3.0
COHR,2025-07-28 04:00:00+00:00,2.321185457675232,4,positive,2025-08-01 04:00:00+00:00,-2.324915599486642,4.0
COHR,2026-06-12 04:00:00+00:00,2.2941913621939305,3,positive,2026-06-16 04:00:00+00:00,-2.575642332396612,2.0
COHR,2026-06-22 04:00:00+00:00,3.858223742123075,3,positive,2026-06-23 04:00:00+00:00,-2.003592610104578,1.0
COHR,2026-07-21 04:00:00+00:00,2.0330189288635387,3,positive,2026-07-22 04:00:00+00:00,-0.31180908828235465,1.0
COHR,2026-07-28 04:00:00+00:00,-2.01071423542634,3,negative,2026-07-30 04:00:00+00:00,2.3023729947316633,2.0
COIN,2024-09-06 04:00:00+00:00,-2.2594214578763494,9,negative,2024-09-09 04:00:00+00:00,3.5123244841821952,1.0
COIN,2024-10-16 04:00:00+00:00,2.413505024668105,4,positive,2024-10-17 04:00:00+00:00,-0.9553139123182087,1.0
COIN,2024-11-06 05:00:00+00:00,4.638658370240744,4,positive,2024-11-07 05:00:00+00:00,-0.32473156797747854,1.0
COIN,2025-01-06 05:00:00+00:00,2.29841238621859,3,positive,2025-01-07 05:00:00+00:00,-1.8045901781397606,1.0
COIN,2025-04-22 04:00:00+00:00,2.563358611728904,4,positive,2025-04-28 04:00:00+00:00,-1.1096033135414765,4.0
COIN,2025-09-23 04:00:00+00:00,-2.2066840086521657,3,negative,2025-09-24 04:00:00+00:00,0.6980185069094482,1.0
COIN,2025-10-02 04:00:00+00:00,2.522219464132404,5,positive,2025-10-07 04:00:00+00:00,-1.3756407267363473,3.0
COIN,2026-02-05 05:00:00+00:00,-3.8779748366963123,13,negative,2026-02-06 05:00:00+00:00,5.125005921410321,1.0
COIN,2026-04-15 04:00:00+00:00,2.188690651226377,3,positive,2026-04-21 04:00:00+00:00,-1.906387547706296,4.0
COP,2024-09-17 04:00:00+00:00,2.2751523720884577,3,positive,2024-09-20 04:00:00+00:00,-0.0968482423340572,3.0
COP,2024-09-26 04:00:00+00:00,-2.3517668802576646,5,negative,2024-09-27 04:00:00+00:00,2.5057039989046648,1.0
COP,2024-10-01 04:00:00+00:00,4.105121935383678,3,positive,2024-10-08 04:00:00+00:00,-2.9448123474822756,5.0
COP,2024-11-25 05:00:00+00:00,-3.578782620046192,3,negative,2024-11-26 05:00:00+00:00,-0.04171850198487928,1.0
COP,2024-12-04 05:00:00+00:00,-2.2135792684983526,3,negative,2024-12-05 05:00:00+00:00,0.7705099542624375,1.0
COP,2024-12-31 05:00:00+00:00,2.540203620546694,3,positive,2025-01-03 05:00:00+00:00,-0.17577748367515555,2.0
COP,2025-03-10 04:00:00+00:00,2.0098838936296772,3,positive,2025-03-13 04:00:00+00:00,-0.32272820318741585,3.0
COP,2025-04-04 04:00:00+00:00,-2.062175847633286,3,negative,2025-04-09 04:00:00+00:00,0.9549061983717017,3.0
COP,2025-06-13 04:00:00+00:00,2.413676694320147,6,positive,2025-06-16 04:00:00+00:00,-1.6781222160244649,1.0
COP,2025-12-16 05:00:00+00:00,-2.0002723896703842,4,negative,2025-12-17 05:00:00+00:00,3.47702591424273,1.0
COP,2026-04-01 04:00:00+00:00,-2.2905745236076354,3,negative,2026-04-02 04:00:00+00:00,0.015518618651087304,1.0
COP,2026-06-29 04:00:00+00:00,-2.0197732848175964,4,negative,2026-07-02 04:00:00+00:00,0.8509383152510795,3.0
COST,2025-01-10 05:00:00+00:00,5.198345756222785,4,positive,2025-01-13 05:00:00+00:00,-2.129818031936326,1.0
COST,2025-02-03 05:00:00+00:00,2.333887751327803,4,positive,2025-02-11 05:00:00+00:00,-0.6564039854886382,6.0
COST,2025-02-25 05:00:00+00:00,2.3479914049324897,3,positive,2025-02-26 05:00:00+00:00,-3.811497252284307,1.0
COST,2025-03-07 05:00:00+00:00,-7.029140564491375,3,negative,2025-03-11 04:00:00+00:00,0.38522434814164985,2.0
COST,2025-04-03 04:00:00+00:00,3.685438457934435,10,positive,2025-04-07 04:00:00+00:00,-0.8668898915999044,2.0
COST,2025-04-23 04:00:00+00:00,-2.08964507184228,3,negative,2025-04-28 04:00:00+00:00,-0.11217747140026431,3.0
COST,2025-06-05 04:00:00+00:00,-2.3816253260652327,3,negative,2025-06-12 04:00:00+00:00,0.5056681637972315,5.0
CRCL,2025-11-12 05:00:00+00:00,-2.1896448743840002,3,negative,2025-11-18 05:00:00+00:00,0.9317099235359995,4.0
CRCL,2026-02-02 05:00:00+00:00,-2.450355165386372,3,negative,2026-02-06 05:00:00+00:00,2.9907121604957987,4.0
CRCL,2026-03-24 04:00:00+00:00,-4.425701002075401,4,negative,2026-03-25 04:00:00+00:00,0.027041349572700896,1.0
CRM,2024-11-08 05:00:00+00:00,3.0200000307486055,3,positive,2024-11-14 05:00:00+00:00,-2.2329774814837196,4.0
CRM,2025-01-27 05:00:00+00:00,7.084476489547388,4,positive,2025-01-29 05:00:00+00:00,-1.4652275978241007,2.0
CRM,2025-04-24 04:00:00+00:00,2.987060954251078,3,positive,2025-04-28 04:00:00+00:00,-0.6214583901587404,2.0
CRM,2025-07-31 04:00:00+00:00,-2.768203558789424,3,negative,2025-08-06 04:00:00+00:00,0.21240077716725925,4.0
CRM,2025-08-11 04:00:00+00:00,-2.856850993217431,3,negative,2025-08-13 04:00:00+00:00,1.8569148618033176,2.0
CRM,2025-12-04 05:00:00+00:00,2.127628855954541,5,positive,2025-12-08 05:00:00+00:00,-0.34158993398533377,2.0
CRM,2026-01-13 05:00:00+00:00,-4.869745484613001,4,negative,2026-01-22 05:00:00+00:00,2.797854132658552,6.0
CRM,2026-01-29 05:00:00+00:00,-4.651360523062862,3,negative,2026-02-04 05:00:00+00:00,2.7816470858208517,4.0
CRM,2026-04-08 04:00:00+00:00,-2.2445340141068986,3,negative,2026-04-13 04:00:00+00:00,1.7728436263032088,3.0
CRWD,2024-10-10 04:00:00+00:00,2.3891627262668096,3,positive,2024-10-14 04:00:00+00:00,-2.1121041062535255,2.0
CRWD,2024-11-27 05:00:00+00:00,-2.217067720539072,3,negative,2024-12-02 05:00:00+00:00,-0.14922395526216078,2.0
CRWD,2025-02-21 05:00:00+00:00,-3.766503156303748,3,negative,2025-02-26 05:00:00+00:00,1.8826585825076814,3.0
CRWD,2025-09-18 04:00:00+00:00,8.471784160058128,6,positive,2025-09-19 04:00:00+00:00,-0.459933498604289,1.0
CRWD,2026-02-05 05:00:00+00:00,-5.911093548595183,7,negative,2026-02-06 05:00:00+00:00,2.36801015346588,1.0
CRWD,2026-02-13 05:00:00+00:00,2.192904180394818,6,positive,2026-02-17 05:00:00+00:00,-1.423192905334268,1.0
CRWD,2026-03-24 04:00:00+00:00,-2.751800184447628,4,negative,2026-03-26 04:00:00+00:00,0.8832911518983395,2.0
CRWD,2026-06-04 04:00:00+00:00,-2.2056028518016744,3,negative,2026-06-10 04:00:00+00:00,0.15697288125241643,4.0
CRWD,2026-06-29 04:00:00+00:00,2.403847523351617,3,positive,2026-07-07 04:00:00+00:00,-1.077831962980276,5.0
CRWV,2025-05-21 04:00:00+00:00,2.5993674883661813,4,positive,2025-05-22 04:00:00+00:00,-1.4837169253375215,1.0
CRWV,2025-09-10 04:00:00+00:00,3.9340238398063567,4,positive,2025-09-11 04:00:00+00:00,-0.8728048555608493,1.0
CRWV,2026-01-27 05:00:00+00:00,2.2760787106861566,3,positive,2026-01-28 05:00:00+00:00,-0.6602864564956085,1.0
CRWV,2026-03-11 04:00:00+00:00,2.584197948219441,3,positive,2026-03-12 04:00:00+00:00,-0.4087997921535226,1.0
CRWV,2026-04-10 04:00:00+00:00,2.064271091314297,4,positive,2026-04-17 04:00:00+00:00,-1.0281538680952698,5.0
CRWV,2026-06-01 04:00:00+00:00,2.9588871541006516,3,positive,2026-06-02 04:00:00+00:00,-1.0390373058574054,1.0
CRWV,2026-06-16 04:00:00+00:00,2.7180029964647066,3,positive,2026-06-17 04:00:00+00:00,0.0057460627707333995,1.0
CSCO,2025-04-03 04:00:00+00:00,-2.4640708041570005,3,negative,2025-04-04 04:00:00+00:00,1.9923768473796506,1.0
CSCO,2025-04-22 04:00:00+00:00,-2.2452682591782356,7,negative,2025-04-28 04:00:00+00:00,0.7036848021340186,4.0
CSCO,2025-08-08 04:00:00+00:00,2.672225852773835,3,positive,2025-08-11 04:00:00+00:00,-2.2080519843425015,1.0
CSCO,2025-08-13 04:00:00+00:00,-3.1155323323011364,3,negative,2025-08-18 04:00:00+00:00,1.0398994460793343,3.0
CSCO,2025-10-13 04:00:00+00:00,-2.3719215665557813,3,negative,2025-10-14 04:00:00+00:00,1.4500938167898865,1.0
CSCO,2026-01-26 05:00:00+00:00,3.704931679053989,3,positive,2026-01-29 05:00:00+00:00,-0.340231231702429,3.0
CSCO,2026-02-03 05:00:00+00:00,3.0310630858026895,3,positive,2026-02-04 05:00:00+00:00,-1.5654016268354616,1.0
CSCO,2026-02-12 05:00:00+00:00,-7.956423637862748,3,negative,2026-02-13 05:00:00+00:00,1.1750823852198837,1.0
CSCO,2026-03-09 04:00:00+00:00,-4.131268379357024,3,negative,2026-03-10 04:00:00+00:00,2.5108801243046046,1.0
CSCO,2026-03-24 04:00:00+00:00,2.1673976775434025,4,positive,2026-03-27 04:00:00+00:00,-1.1569961084986964,3.0
CSCO,2026-05-14 04:00:00+00:00,6.611801549222418,6,positive,2026-05-19 04:00:00+00:00,-1.417849624554077,3.0
CSCO,2026-06-26 04:00:00+00:00,-2.3049764866661193,3,negative,2026-06-29 04:00:00+00:00,0.9309367774252483,1.0
CSCO,2026-07-15 04:00:00+00:00,-2.293665561591149,3,negative,2026-07-17 04:00:00+00:00,1.4313364834354643,2.0
CSX,2024-09-03 04:00:00+00:00,3.376194000653329,4,positive,2024-09-05 04:00:00+00:00,-1.955517780947152,2.0
CSX,2024-11-06 05:00:00+00:00,5.059104427182838,3,positive,2024-11-07 05:00:00+00:00,-3.8383491752373615,1.0
CSX,2025-09-29 04:00:00+00:00,8.383195972397658,3,positive,2025-09-30 04:00:00+00:00,-1.465167936963381,1.0
CSX,2025-12-10 05:00:00+00:00,2.0492302327269454,7,positive,2025-12-11 05:00:00+00:00,-0.5114325585330268,1.0
CSX,2026-01-07 05:00:00+00:00,-3.3667437692196724,4,negative,2026-01-08 05:00:00+00:00,1.2986802922128333,1.0
CSX,2026-03-05 05:00:00+00:00,-4.662296590537851,3,negative,2026-03-09 04:00:00+00:00,0.5984316456393987,2.0
CSX,2026-04-15 04:00:00+00:00,-2.101918874465222,4,negative,2026-04-16 04:00:00+00:00,0.9964392019384087,1.0
CVNA,2024-09-16 04:00:00+00:00,3.9678175109674525,4,positive,2024-09-24 04:00:00+00:00,-0.6145183954677871,6.0
CVNA,2024-10-08 04:00:00+00:00,2.6903008321247377,3,positive,2024-10-09 04:00:00+00:00,-1.0577995673027343,1.0
CVNA,2025-01-03 05:00:00+00:00,-5.905562092583155,5,negative,2025-01-06 05:00:00+00:00,3.208020843801425,1.0
CVNA,2025-01-15 05:00:00+00:00,5.2841506088566765,3,positive,2025-01-17 05:00:00+00:00,-0.4185581080077555,2.0
CVNA,2025-02-20 05:00:00+00:00,-5.963638412425578,3,negative,2025-02-25 05:00:00+00:00,1.0770388822407864,3.0
CVNA,2025-03-06 05:00:00+00:00,-3.683562685167165,4,negative,2025-03-07 05:00:00+00:00,0.31354945437864545,1.0
CVNA,2025-04-09 04:00:00+00:00,2.8460623690288256,3,positive,2025-04-10 04:00:00+00:00,-1.5017750859387649,1.0
CVNA,2025-05-14 04:00:00+00:00,2.555662468363006,3,positive,2025-05-15 04:00:00+00:00,-2.1809088291960324,1.0
CVNA,2025-07-24 04:00:00+00:00,-4.864263179943965,4,negative,2025-07-25 04:00:00+00:00,0.6780695040343993,1.0
CVNA,2025-12-08 05:00:00+00:00,4.346522270665833,10,positive,2025-12-12 05:00:00+00:00,-1.8277534473735302,4.0
CVNA,2026-01-02 05:00:00+00:00,-2.7847420287173335,5,negative,2026-01-05 05:00:00+00:00,2.932080211959624,1.0
CVNA,2026-06-02 04:00:00+00:00,-2.1164840564005405,3,negative,2026-06-04 04:00:00+00:00,1.8805743386769862,2.0
CVS,2024-09-27 04:00:00+00:00,2.4575591380368507,4,positive,2024-10-01 04:00:00+00:00,-0.7853416145345868,2.0
CVS,2024-10-18 04:00:00+00:00,-3.8403151097156045,4,negative,2024-10-23 04:00:00+00:00,0.3274504946856565,3.0
CVS,2025-01-10 05:00:00+00:00,2.554268027239652,3,positive,2025-01-14 05:00:00+00:00,-0.024031461833813415,2.0
CVS,2025-01-27 05:00:00+00:00,2.5043049884752326,3,positive,2025-01-29 05:00:00+00:00,-0.36975809413595156,2.0
CVS,2025-02-13 05:00:00+00:00,3.020197330466384,3,positive,2025-02-14 05:00:00+00:00,-0.6470562649596862,1.0
CVS,2025-02-27 05:00:00+00:00,2.9021001356740737,3,positive,2025-03-12 04:00:00+00:00,-0.8675347249497573,9.0
CVS,2025-04-08 04:00:00+00:00,4.4866282987365675,4,positive,2025-04-09 04:00:00+00:00,-3.22691254924917,1.0
CVS,2025-05-13 04:00:00+00:00,-5.234900006067298,3,negative,2025-05-15 04:00:00+00:00,0.9695016680688059,2.0
CVS,2025-10-30 04:00:00+00:00,-2.7053798529742186,4,negative,2025-10-31 04:00:00+00:00,1.344332844431946,1.0
CVS,2025-12-02 05:00:00+00:00,-2.0815476795023873,3,negative,2025-12-04 05:00:00+00:00,0.9846780022662076,2.0
CVS,2026-04-15 04:00:00+00:00,-2.773198840365471,3,negative,2026-04-16 04:00:00+00:00,1.3312393224604722,1.0
CVX,2024-09-04 04:00:00+00:00,-4.333216468430524,3,negative,2024-09-09 04:00:00+00:00,0.6626030807770665,3.0
CVX,2024-10-01 04:00:00+00:00,2.26207376096284,3,positive,2024-10-04 04:00:00+00:00,-2.3135429070881983,3.0
CVX,2024-11-01 04:00:00+00:00,2.626610642796855,3,positive,2024-11-05 05:00:00+00:00,-1.8822270981969145,2.0
CVX,2024-12-04 05:00:00+00:00,-3.5768127293234624,4,negative,2024-12-05 05:00:00+00:00,0.8596741058030748,1.0
CVX,2024-12-16 05:00:00+00:00,-3.259443934034813,4,negative,2024-12-18 05:00:00+00:00,0.6424309837132528,2.0
CVX,2025-01-10 05:00:00+00:00,2.928124560334277,3,positive,2025-01-15 05:00:00+00:00,-0.6966088916209257,3.0
CVX,2025-03-10 04:00:00+00:00,2.0727377073940794,3,positive,2025-03-11 04:00:00+00:00,-1.3181083338194972,1.0
CVX,2025-04-10 04:00:00+00:00,-2.3762993014108793,7,negative,2025-04-16 04:00:00+00:00,2.351234329695909,4.0
CVX,2025-10-31 04:00:00+00:00,2.5072489158062727,3,positive,2025-11-03 05:00:00+00:00,-2.2656103918326735,1.0
CVX,2026-01-05 05:00:00+00:00,3.65130044021056,5,positive,2026-01-06 05:00:00+00:00,-4.2233079138144785,1.0
CVX,2026-01-30 05:00:00+00:00,2.5214773087694797,4,positive,2026-02-02 05:00:00+00:00,-1.9726692829952037,1.0
DAL,2024-09-03 04:00:00+00:00,2.010917413144581,3,positive,2024-09-05 04:00:00+00:00,-0.01809617224606755,2.0
DAL,2024-09-26 04:00:00+00:00,3.1316049448722323,4,positive,2024-09-27 04:00:00+00:00,-0.8942228227653581,1.0
DAL,2024-10-02 04:00:00+00:00,-2.034101070227538,4,negative,2024-10-04 04:00:00+00:00,1.4468497657021004,2.0
DAL,2025-01-10 05:00:00+00:00,8.463990319605593,4,positive,2025-01-13 05:00:00+00:00,-1.9361961314503155,1.0
DAL,2025-06-06 04:00:00+00:00,3.3909343206477778,4,positive,2025-06-11 04:00:00+00:00,-5.4294846877702,3.0
DAL,2025-06-13 04:00:00+00:00,-2.990566027917945,3,negative,2025-06-16 04:00:00+00:00,5.062164942187356,1.0
DAL,2025-07-24 04:00:00+00:00,-2.11208937252822,5,negative,2025-07-28 04:00:00+00:00,1.4687043541832412,2.0
DAL,2026-05-26 04:00:00+00:00,2.3094360358659616,4,positive,2026-05-29 04:00:00+00:00,-0.3161814181716679,3.0
DAL,2026-07-28 04:00:00+00:00,2.4928448311258835,3,positive,2026-07-29 04:00:00+00:00,-0.7360949001776123,1.0
DASH,2024-09-20 04:00:00+00:00,2.1448849846972076,3,positive,2024-09-23 04:00:00+00:00,-0.42520277588382444,1.0
DASH,2024-10-31 04:00:00+00:00,2.698191297111724,3,positive,2024-11-01 04:00:00+00:00,-0.9815426885440511,1.0
DASH,2024-11-06 05:00:00+00:00,4.29655722794318,3,positive,2024-11-07 05:00:00+00:00,-0.6151973174279781,1.0
DASH,2025-02-14 05:00:00+00:00,3.0735858872717188,4,positive,2025-02-18 05:00:00+00:00,-2.1865523523531225,1.0
DASH,2025-03-06 05:00:00+00:00,-3.4362528818676483,3,negative,2025-03-10 04:00:00+00:00,1.1035378544187504,2.0
DASH,2025-11-03 05:00:00+00:00,-2.6182437258888887,3,negative,2025-11-04 05:00:00+00:00,0.4976449118224883,1.0
DASH,2026-02-05 05:00:00+00:00,-2.462995373966186,3,negative,2026-02-09 05:00:00+00:00,1.2752290047638097,2.0
DASH,2026-02-12 05:00:00+00:00,-2.8366336504026384,3,negative,2026-02-17 05:00:00+00:00,0.8622113088803467,2.0
DASH,2026-04-15 04:00:00+00:00,4.275597803296778,3,positive,2026-04-16 04:00:00+00:00,-0.07619225002121688,1.0
DASH,2026-05-13 04:00:00+00:00,-2.145502149850348,4,negative,2026-05-14 04:00:00+00:00,1.68530222531501,1.0
DDOG,2024-10-04 04:00:00+00:00,2.702275377959698,6,positive,2024-10-11 04:00:00+00:00,-1.214873312450432,5.0
DDOG,2024-11-22 05:00:00+00:00,2.56507788878297,4,positive,2024-11-26 05:00:00+00:00,-0.7769168050462693,2.0
DDOG,2025-01-28 05:00:00+00:00,6.68765319149729,3,positive,2025-01-29 05:00:00+00:00,-3.704428574852031,1.0
DDOG,2025-03-10 04:00:00+00:00,-3.215294200050145,4,negative,2025-03-11 04:00:00+00:00,2.2800757327723646,1.0
DDOG,2025-06-18 04:00:00+00:00,3.339435992376875,3,positive,2025-06-20 04:00:00+00:00,-1.4443428242158498,1.0
DDOG,2025-07-31 04:00:00+00:00,-2.6545759301570833,3,negative,2025-08-04 04:00:00+00:00,0.5383028926135347,2.0
DDOG,2025-09-29 04:00:00+00:00,2.382872635089163,3,positive,2025-09-30 04:00:00+00:00,-1.1153881926114113,1.0
DDOG,2025-10-16 04:00:00+00:00,-2.8518496259473274,3,negative,2025-10-17 04:00:00+00:00,0.3311639751088231,1.0
DDOG,2025-11-10 05:00:00+00:00,2.1626825662304205,3,positive,2025-11-11 05:00:00+00:00,-0.5612670119392362,1.0
DDOG,2025-11-20 05:00:00+00:00,-7.448696081549531,8,negative,2025-11-28 05:00:00+00:00,1.3906155225674224,5.0
DDOG,2025-12-15 05:00:00+00:00,-2.345962986435778,5,negative,2025-12-18 05:00:00+00:00,2.5185613237204207,3.0
DDOG,2025-12-22 05:00:00+00:00,2.421252022610715,3,positive,2025-12-23 05:00:00+00:00,0.21545864541879778,1.0
DDOG,2026-01-22 05:00:00+00:00,3.9073881341427037,3,positive,2026-01-23 05:00:00+00:00,-0.2365475877477857,1.0
DDOG,2026-02-10 05:00:00+00:00,4.941372274662197,3,positive,2026-02-11 05:00:00+00:00,-0.49551241074850205,1.0
DDOG,2026-02-23 05:00:00+00:00,-2.8383932383950734,6,negative,2026-02-24 05:00:00+00:00,0.6293671851513871,1.0
DDOG,2026-02-26 05:00:00+00:00,2.0420171926259973,3,positive,2026-02-27 05:00:00+00:00,-0.7691546842839005,1.0
DDOG,2026-04-09 04:00:00+00:00,-2.8987962488395347,4,negative,2026-04-13 04:00:00+00:00,1.0575761734575277,2.0
DDOG,2026-06-01 04:00:00+00:00,2.848229709846282,3,positive,2026-06-02 04:00:00+00:00,-1.0403863946861711,1.0
DE,2024-09-12 04:00:00+00:00,-2.3654114731784577,3,negative,2024-09-13 04:00:00+00:00,1.1883850333572912,1.0
DE,2025-12-12 05:00:00+00:00,2.0225742538115847,3,positive,2025-12-16 05:00:00+00:00,-0.35242758015251713,2.0
DE,2026-02-04 05:00:00+00:00,2.43351166028845,3,positive,2026-02-09 05:00:00+00:00,-0.678510179822405,3.0
DE,2026-02-25 05:00:00+00:00,-2.717785287430811,4,negative,2026-02-27 05:00:00+00:00,1.1757224533595616,2.0
DE,2026-03-24 04:00:00+00:00,2.199805666198323,3,positive,2026-03-25 04:00:00+00:00,-1.2037565725340535,1.0
DE,2026-04-15 04:00:00+00:00,-2.5317967693834116,4,negative,2026-04-16 04:00:00+00:00,0.6874883947725349,1.0
DE,2026-05-21 04:00:00+00:00,-2.7534048169241085,3,negative,2026-05-27 04:00:00+00:00,0.5249463012063023,3.0
DE,2026-06-25 04:00:00+00:00,2.5517538014408165,4,positive,2026-06-26 04:00:00+00:00,-1.6894140211229438,1.0
DELL,2024-11-27 05:00:00+00:00,-4.5570305253648495,3,negative,2024-11-29 05:00:00+00:00,0.8894971698203039,1.0
DELL,2025-01-06 05:00:00+00:00,2.2614152068693465,4,positive,2025-01-07 05:00:00+00:00,-1.4076211625760036,1.0
DELL,2025-01-27 05:00:00+00:00,-3.316590855937053,3,negative,2025-01-29 05:00:00+00:00,1.2042581835547952,2.0
DELL,2025-06-02 04:00:00+00:00,-3.873975584842288,3,negative,2025-06-03 04:00:00+00:00,2.744957954590608,1.0
DELL,2025-08-20 04:00:00+00:00,-3.1248508805566986,6,negative,2025-08-22 04:00:00+00:00,0.680374768975142,2.0
DELL,2025-10-01 04:00:00+00:00,2.4727172519276066,3,positive,2025-10-02 04:00:00+00:00,-0.7618467154119549,1.0
DELL,2025-10-08 04:00:00+00:00,3.575477175009387,3,positive,2025-10-09 04:00:00+00:00,-2.529337092748297,1.0
DELL,2025-11-17 05:00:00+00:00,-2.715332095292329,3,negative,2025-11-18 05:00:00+00:00,0.6752584893705729,1.0
DELL,2026-03-24 04:00:00+00:00,2.190569405671001,4,positive,2026-03-26 04:00:00+00:00,-1.777359011219237,2.0
DELL,2026-05-06 04:00:00+00:00,3.131543856987355,5,positive,2026-05-07 04:00:00+00:00,-1.398041289154272,1.0
DELL,2026-05-22 04:00:00+00:00,6.635596499439687,3,positive,2026-06-02 04:00:00+00:00,-1.9961903069336244,6.0
DHI,2024-09-20 04:00:00+00:00,-2.7654790897560493,3,negative,2024-09-23 04:00:00+00:00,1.1797329831705259,1.0
DHI,2024-10-04 04:00:00+00:00,-3.3177425350613428,3,negative,2024-10-07 04:00:00+00:00,1.043183723909373,1.0
DHI,2024-12-04 05:00:00+00:00,-3.0074414124497864,4,negative,2024-12-09 05:00:00+00:00,2.2176947482557416,3.0
DHI,2025-03-06 05:00:00+00:00,2.596245170660105,4,positive,2025-03-07 05:00:00+00:00,-0.6346380521820023,1.0
DHI,2025-04-09 04:00:00+00:00,-2.4065049580157933,3,negative,2025-04-10 04:00:00+00:00,0.5817941518514104,1.0
DHI,2025-07-15 04:00:00+00:00,-2.4105687191512795,3,negative,2025-07-16 04:00:00+00:00,0.522690071595784,1.0
DHI,2026-01-07 05:00:00+00:00,-2.235211780764114,3,negative,2026-01-08 05:00:00+00:00,3.503393544559534,1.0
DHI,2026-04-21 04:00:00+00:00,5.117714890321645,3,positive,2026-04-22 04:00:00+00:00,-1.309264917529745,1.0
DHR,2024-09-06 04:00:00+00:00,4.534204361074203,4,positive,2024-09-11 04:00:00+00:00,-2.963138135231572,3.0
DHR,2024-10-24 04:00:00+00:00,-2.9216624383232737,4,negative,2024-10-30 04:00:00+00:00,1.343644192025271,4.0
DHR,2024-11-06 05:00:00+00:00,-2.617611177992841,3,negative,2024-11-13 05:00:00+00:00,1.3292316713097527,5.0
DHR,2024-12-05 05:00:00+00:00,-2.859213477305378,3,negative,2024-12-06 05:00:00+00:00,0.9129778043316098,1.0
DHR,2025-01-27 05:00:00+00:00,2.5607799128721678,3,positive,2025-01-28 05:00:00+00:00,-1.7061529074682724,1.0
DHR,2025-02-21 05:00:00+00:00,2.110891254403653,3,positive,2025-02-26 05:00:00+00:00,-0.04837210647873595,3.0
DHR,2025-03-06 05:00:00+00:00,2.576069311110637,4,positive,2025-03-07 05:00:00+00:00,-1.2970475564635986,1.0
DHR,2025-09-30 04:00:00+00:00,3.62660828787273,3,positive,2025-10-02 04:00:00+00:00,-0.47464942844795405,2.0
DHR,2025-11-13 05:00:00+00:00,2.2251282714674603,3,positive,2025-11-19 05:00:00+00:00,-0.9653045743327943,4.0
DHR,2026-06-24 04:00:00+00:00,2.30964156494994,3,positive,2026-06-29 04:00:00+00:00,-1.1340607596222056,3.0
DIS,2024-11-13 05:00:00+00:00,2.2595040128317274,3,positive,2024-11-18 05:00:00+00:00,-1.530050653211189,3.0
DIS,2025-01-27 05:00:00+00:00,2.3435737005508694,3,positive,2025-01-28 05:00:00+00:00,-1.2907347275903271,1.0
DIS,2025-04-03 04:00:00+00:00,-5.654069384655116,3,negative,2025-04-09 04:00:00+00:00,4.097978187335176,4.0
DIS,2025-05-07 04:00:00+00:00,11.513120955681606,4,positive,2025-05-15 04:00:00+00:00,-1.7178799328930159,6.0
DIS,2025-06-10 04:00:00+00:00,2.795950251398263,3,positive,2025-06-12 04:00:00+00:00,-1.5559883692088075,2.0
DIS,2025-08-07 04:00:00+00:00,-2.3252981781902164,3,negative,2025-08-11 04:00:00+00:00,1.0552814006468911,2.0
DIS,2025-10-21 04:00:00+00:00,2.0803093445051863,3,positive,2025-10-22 04:00:00+00:00,-0.7541856854605016,1.0
DIS,2025-10-24 04:00:00+00:00,-2.308814413569664,3,negative,2025-10-30 04:00:00+00:00,3.7309101537772675,4.0
ELV,2024-09-03 04:00:00+00:00,2.906819423608544,6,positive,2024-09-04 04:00:00+00:00,-2.5716511141374028,1.0
ELV,2024-09-19 04:00:00+00:00,-2.433247097377356,3,negative,2024-09-20 04:00:00+00:00,0.7022711227730036,1.0
ELV,2025-01-13 05:00:00+00:00,3.4323101505262805,6,positive,2025-01-14 05:00:00+00:00,-1.358411610821609,1.0
ELV,2025-01-27 05:00:00+00:00,3.3172037116081277,3,positive,2025-01-28 05:00:00+00:00,-1.994687090720606,1.0
ELV,2025-02-06 05:00:00+00:00,-2.4810933180195183,3,negative,2025-02-07 05:00:00+00:00,1.2261471450627213,1.0
ELV,2025-02-25 05:00:00+00:00,3.948310046907021,5,positive,2025-02-26 05:00:00+00:00,-2.7266479467202447,1.0
ELV,2025-05-13 04:00:00+00:00,-5.853118397902312,4,negative,2025-05-15 04:00:00+00:00,2.7192734673075747,2.0
ELV,2025-08-15 04:00:00+00:00,2.019964452898957,3,positive,2025-08-18 04:00:00+00:00,-0.13918038767608568,1.0
ELV,2025-10-30 04:00:00+00:00,-3.2049992315695115,8,negative,2025-11-04 05:00:00+00:00,3.050991965613745,3.0
ELV,2026-03-02 05:00:00+00:00,-4.16727331377388,3,negative,2026-03-04 05:00:00+00:00,1.1814054167310715,2.0
ELV,2026-06-05 04:00:00+00:00,2.125908465010723,3,positive,2026-06-10 04:00:00+00:00,-1.5006564672284868,3.0
EQT,2024-11-06 05:00:00+00:00,2.6014130519847103,3,positive,2024-11-12 05:00:00+00:00,-0.519076831040375,4.0
EQT,2025-06-13 04:00:00+00:00,2.6417584020088007,3,positive,2025-06-23 04:00:00+00:00,-1.5525981286686503,5.0
EQT,2025-09-24 04:00:00+00:00,2.3602853119891356,3,positive,2025-09-26 04:00:00+00:00,-0.034133436908893394,2.0
EQT,2025-11-03 05:00:00+00:00,2.080178950971284,3,positive,2025-11-14 05:00:00+00:00,-0.3869282965021755,9.0
EQT,2025-12-10 05:00:00+00:00,-2.182668948025296,3,negative,2025-12-12 05:00:00+00:00,0.2610088706154003,2.0
EQT,2026-01-21 05:00:00+00:00,2.9516193853730606,3,positive,2026-01-22 05:00:00+00:00,-0.10976709361009368,1.0
EQT,2026-04-01 04:00:00+00:00,-2.526384005115824,3,negative,2026-04-06 04:00:00+00:00,0.3466283527093771,2.0
EQT,2026-05-19 04:00:00+00:00,2.912920258743897,4,positive,2026-05-20 04:00:00+00:00,-2.553819848291168,1.0
EQT,2026-05-26 04:00:00+00:00,-2.044167003667116,4,negative,2026-06-01 04:00:00+00:00,0.4545096477675975,4.0
ETN,2025-01-03 05:00:00+00:00,3.553542925339195,4,positive,2025-01-07 05:00:00+00:00,0.2997845415137,2.0
ETN,2025-08-13 04:00:00+00:00,-2.178678156739593,3,negative,2025-08-18 04:00:00+00:00,1.2617705449651326,3.0
ETN,2026-01-16 05:00:00+00:00,4.272287347871735,6,positive,2026-01-21 05:00:00+00:00,-1.6223719011316964,2.0
ETN,2026-02-11 05:00:00+00:00,2.364923803968244,4,positive,2026-02-13 05:00:00+00:00,-0.3595170069586517,2.0
ETN,2026-04-09 04:00:00+00:00,2.2791811089042144,4,positive,2026-04-13 04:00:00+00:00,-1.1745096893193367,2.0
F,2024-11-06 05:00:00+00:00,2.2208929468951313,3,positive,2024-11-07 05:00:00+00:00,-1.3304277712955037,1.0
F,2025-01-21 05:00:00+00:00,2.445478766839019,3,positive,2025-01-22 05:00:00+00:00,-6.963169395777643,1.0
F,2025-03-07 05:00:00+00:00,2.2350800715829044,3,positive,2025-03-11 04:00:00+00:00,-3.975062498574076,2.0
F,2025-05-27 04:00:00+00:00,-3.0670310789214366,7,negative,2025-05-29 04:00:00+00:00,0.5349006307777208,2.0
F,2025-06-10 04:00:00+00:00,2.369187443912487,3,positive,2025-06-12 04:00:00+00:00,-1.6238342475089689,2.0
F,2025-10-08 04:00:00+00:00,-2.045487717451559,3,negative,2025-10-10 04:00:00+00:00,1.2454929856985226,2.0
F,2026-02-12 05:00:00+00:00,2.7019408038449355,3,positive,2026-02-17 05:00:00+00:00,-0.03819756149174992,2.0
F,2026-04-30 04:00:00+00:00,-2.1780867658174707,3,negative,2026-05-05 04:00:00+00:00,1.0607613809845133,3.0
F,2026-05-14 04:00:00+00:00,2.71720296780188,3,positive,2026-05-15 04:00:00+00:00,-3.3152438531564927,1.0
F,2026-05-22 04:00:00+00:00,2.516018343326108,4,positive,2026-06-01 04:00:00+00:00,-1.2851629148246368,5.0
F,2026-07-29 04:00:00+00:00,2.083485783088428,4,positive,2026-07-30 04:00:00+00:00,-3.4328343429800925,1.0
FCX,2024-09-18 04:00:00+00:00,2.215006710720232,6,positive,2024-09-20 04:00:00+00:00,-1.383099158058117,2.0
FCX,2025-01-08 05:00:00+00:00,2.2596846272016418,3,positive,2025-01-10 05:00:00+00:00,-0.2518011458446303,1.0
FCX,2025-01-22 05:00:00+00:00,-4.82485339198305,3,negative,2025-01-29 05:00:00+00:00,1.1864441802628578,5.0
FCX,2025-02-07 05:00:00+00:00,2.727742626924099,5,positive,2025-02-10 05:00:00+00:00,-0.06736310484551666,1.0
FCX,2025-04-04 04:00:00+00:00,-2.6077832748406338,3,negative,2025-04-07 04:00:00+00:00,1.2129404991069042,1.0
FCX,2025-07-30 04:00:00+00:00,-3.963334310940541,3,negative,2025-07-31 04:00:00+00:00,1.9060199625739869,1.0
FCX,2025-09-30 04:00:00+00:00,2.6951140294020384,3,positive,2025-10-01 04:00:00+00:00,-0.33532463398020546,1.0
FCX,2025-10-08 04:00:00+00:00,2.559920571206799,4,positive,2025-10-10 04:00:00+00:00,-1.992894637059857,2.0
FCX,2026-07-21 04:00:00+00:00,2.0733003123876266,3,positive,2026-07-23 04:00:00+00:00,-0.4381547514997075,2.0
FISV,2024-10-01 04:00:00+00:00,5.128107393111846,3,positive,2024-10-09 04:00:00+00:00,-1.9099240826593977,6.0
FISV,2024-10-23 04:00:00+00:00,2.4462440882182577,4,positive,2024-10-25 04:00:00+00:00,-3.882041164851532,2.0
FISV,2024-12-05 05:00:00+00:00,-4.51554514176112,8,negative,2024-12-06 05:00:00+00:00,1.62346340926865,1.0
FISV,2025-01-23 05:00:00+00:00,-3.2652631734886866,3,negative,2025-01-24 05:00:00+00:00,2.01506558606819,1.0
FISV,2025-03-03 05:00:00+00:00,2.2149947157556773,3,positive,2025-03-04 05:00:00+00:00,-5.006211562343297,1.0
FISV,2025-07-11 04:00:00+00:00,-2.108270421240122,5,negative,2025-07-14 04:00:00+00:00,1.0280253414612586,1.0
FISV,2025-08-15 04:00:00+00:00,3.577992725074245,3,positive,2025-08-22 04:00:00+00:00,-1.3473430547646996,5.0
FISV,2025-10-29 04:00:00+00:00,-21.539748818004217,3,negative,2025-10-31 04:00:00+00:00,0.9102281838732824,2.0
FISV,2025-12-03 05:00:00+00:00,4.103925007414319,4,positive,2025-12-04 05:00:00+00:00,-0.6814085410560005,1.0
FLUT,2024-10-30 04:00:00+00:00,3.773687372603293,3,positive,2024-11-01 04:00:00+00:00,-1.0065146056738883,2.0
FLUT,2025-02-14 05:00:00+00:00,5.385859593725917,3,positive,2025-02-18 05:00:00+00:00,-1.6885897132325365,1.0
FLUT,2025-02-21 05:00:00+00:00,-2.626016972469802,4,negative,2025-02-26 05:00:00+00:00,3.711310081320269,3.0
FLUT,2025-03-10 04:00:00+00:00,-2.449414711783233,3,negative,2025-03-11 04:00:00+00:00,1.0256987949521679,1.0
FLUT,2025-05-09 04:00:00+00:00,-2.0410155748320613,4,negative,2025-05-12 04:00:00+00:00,1.7340646344744683,1.0
FLUT,2025-09-12 04:00:00+00:00,-2.603204292935197,3,negative,2025-09-16 04:00:00+00:00,0.6549924115898781,2.0
FLUT,2025-11-05 05:00:00+00:00,-2.019453710011061,3,negative,2025-11-06 05:00:00+00:00,1.13727827528295,1.0
FLUT,2026-02-13 05:00:00+00:00,-4.388762478780271,4,negative,2026-02-18 05:00:00+00:00,1.2415182895692487,2.0
FLUT,2026-05-06 04:00:00+00:00,-2.751420095180646,8,negative,2026-05-07 04:00:00+00:00,1.6616328165025802,1.0
FLUT,2026-06-09 04:00:00+00:00,2.312992397917836,3,positive,2026-06-11 04:00:00+00:00,-1.1694203725640349,2.0
FLUT,2026-07-27 04:00:00+00:00,2.0269597988493984,3,positive,2026-07-30 04:00:00+00:00,-3.6510156923377624,3.0
FSLR,2024-10-10 04:00:00+00:00,-3.076958859644608,3,negative,2024-10-11 04:00:00+00:00,0.7743011233174267,1.0
FSLR,2024-11-12 05:00:00+00:00,-2.0750285475947616,3,negative,2024-11-14 05:00:00+00:00,2.5426202295077984,2.0
FSLR,2025-04-03 04:00:00+00:00,3.321577098940581,3,positive,2025-04-08 04:00:00+00:00,-2.5605791912222244,3.0
FSLR,2025-04-30 04:00:00+00:00,-2.277549034266543,3,negative,2025-05-02 04:00:00+00:00,0.5664492860316233,2.0
FSLR,2025-05-12 04:00:00+00:00,2.0961865263325525,5,positive,2025-05-15 04:00:00+00:00,-1.3570783728940736,3.0
FSLR,2025-08-21 04:00:00+00:00,-3.505387526687515,3,negative,2025-08-22 04:00:00+00:00,3.0861149074486067,1.0
FSLR,2025-12-22 05:00:00+00:00,3.6420604352019685,3,positive,2025-12-23 05:00:00+00:00,-3.113300892445065,1.0
FSLR,2026-01-07 05:00:00+00:00,-4.420099516470417,3,negative,2026-01-08 05:00:00+00:00,0.7162614391005095,1.0
FSLR,2026-02-18 05:00:00+00:00,2.0135605388835183,3,positive,2026-02-19 05:00:00+00:00,-0.8996765125555766,1.0
FSLR,2026-05-28 04:00:00+00:00,2.2175274682853043,6,positive,2026-06-01 04:00:00+00:00,-0.7859911359524056,2.0
GE,2024-10-28 04:00:00+00:00,-3.612990199138777,3,negative,2024-10-30 04:00:00+00:00,0.778783227825715,2.0
GE,2025-02-21 05:00:00+00:00,-2.3815385078496387,3,negative,2025-02-25 05:00:00+00:00,0.5625006572669566,2.0
GE,2025-04-04 04:00:00+00:00,-3.6339216400340457,3,negative,2025-04-07 04:00:00+00:00,0.5094872804240151,1.0
GE,2025-05-15 04:00:00+00:00,2.683442931812226,3,positive,2025-05-22 04:00:00+00:00,-3.7273140362227437,5.0
GE,2026-02-17 05:00:00+00:00,2.367596518213289,3,positive,2026-02-23 05:00:00+00:00,-0.6965690347883673,4.0
GEV,2024-10-24 04:00:00+00:00,4.585029757555071,4,positive,2024-10-25 04:00:00+00:00,-0.7976183363199254,1.0
GEV,2025-06-10 04:00:00+00:00,-2.3159902346887087,5,negative,2025-06-11 04:00:00+00:00,2.479595979223244,1.0
GEV,2025-09-10 04:00:00+00:00,2.949733790564434,3,positive,2025-09-11 04:00:00+00:00,-0.8564857954072312,1.0
GEV,2025-10-08 04:00:00+00:00,2.317777871532684,3,positive,2025-10-10 04:00:00+00:00,-0.7414798938604118,2.0
GEV,2026-06-17 04:00:00+00:00,2.66235257245723,5,positive,2026-06-23 04:00:00+00:00,-1.8089298173040402,3.0
GILD,2025-04-09 04:00:00+00:00,-3.908572705558434,3,negative,2025-04-11 04:00:00+00:00,0.4343194332730247,2.0
GILD,2025-04-25 04:00:00+00:00,-2.152650450946032,4,negative,2025-04-28 04:00:00+00:00,2.3982525737805203,1.0
GILD,2026-04-10 04:00:00+00:00,-2.947938786782517,8,negative,2026-04-23 04:00:00+00:00,2.2967890947389984,9.0
GM,2024-09-10 04:00:00+00:00,-7.106547575490122,4,negative,2024-09-12 04:00:00+00:00,2.3280112728896736,2.0
GM,2024-09-18 04:00:00+00:00,2.0509833000372018,3,positive,2024-09-19 04:00:00+00:00,-1.9599965507798045,1.0
GM,2024-09-25 04:00:00+00:00,-2.919150042468539,3,negative,2024-09-27 04:00:00+00:00,1.2084400236654531,2.0
GM,2024-11-25 05:00:00+00:00,2.2568135302161396,3,positive,2024-11-26 05:00:00+00:00,-9.448506275236662,1.0
GM,2025-01-02 05:00:00+00:00,-2.6467045385536183,3,negative,2025-01-06 05:00:00+00:00,2.0544899279912756,2.0
GM,2025-02-26 05:00:00+00:00,2.841960781849926,3,positive,2025-02-27 05:00:00+00:00,0.0036878392052767162,1.0
GM,2026-01-20 05:00:00+00:00,-2.2026456567950787,4,negative,2026-01-21 05:00:00+00:00,4.233233023785101,1.0
GM,2026-02-09 05:00:00+00:00,-2.1317919416654108,3,negative,2026-02-12 05:00:00+00:00,0.970924556887246,3.0
GM,2026-03-23 04:00:00+00:00,2.9035656499950497,5,positive,2026-03-25 04:00:00+00:00,-0.4606069944251634,2.0
GM,2026-04-02 04:00:00+00:00,-4.374358890855277,3,negative,2026-04-06 04:00:00+00:00,0.8355262229899248,1.0
GM,2026-05-11 04:00:00+00:00,-3.6993667267617054,3,negative,2026-05-12 04:00:00+00:00,1.7477080053144782,1.0
GM,2026-05-27 04:00:00+00:00,2.213580604949862,5,positive,2026-05-28 04:00:00+00:00,-0.15354388282753983,1.0
GOOG,2024-10-09 04:00:00+00:00,-2.6202690348304722,4,negative,2024-10-10 04:00:00+00:00,0.05787664633639833,1.0
GOOG,2024-10-30 04:00:00+00:00,4.264385891571967,4,positive,2024-10-31 04:00:00+00:00,-0.12611779337209866,1.0
GOOG,2024-12-10 05:00:00+00:00,3.661351121843059,3,positive,2024-12-12 05:00:00+00:00,-0.7794153923641882,2.0
GOOG,2025-05-14 04:00:00+00:00,3.884955695310312,3,positive,2025-05-15 04:00:00+00:00,-1.5738790299679648,1.0
GOOG,2025-08-08 04:00:00+00:00,2.4862181478210523,6,positive,2025-08-11 04:00:00+00:00,-0.4704822449581838,1.0
GOOG,2026-02-11 05:00:00+00:00,-2.200805319357837,4,negative,2026-02-12 05:00:00+00:00,0.8813352533692816,1.0
GOOG,2026-03-24 04:00:00+00:00,-3.6456450627840127,3,negative,2026-03-30 04:00:00+00:00,0.1518055592393642,4.0
GOOG,2026-04-01 04:00:00+00:00,2.7644821492730474,3,positive,2026-04-02 04:00:00+00:00,-0.37069655960076475,1.0
GOOG,2026-04-30 04:00:00+00:00,10.393044026410134,7,positive,2026-05-04 04:00:00+00:00,-1.1251811078077936,2.0
GOOG,2026-05-29 04:00:00+00:00,-2.476607454142315,3,negative,2026-06-04 04:00:00+00:00,3.3476276328575834,4.0
GOOG,2026-07-23 04:00:00+00:00,-3.4823795325684856,3,negative,2026-07-24 04:00:00+00:00,0.34999111155974,1.0
GOOGL,2024-10-09 04:00:00+00:00,-2.897590459470129,4,negative,2024-10-10 04:00:00+00:00,0.09517478765988503,1.0
GOOGL,2024-10-30 04:00:00+00:00,4.100453287536296,4,positive,2024-11-01 04:00:00+00:00,-0.6126953243248272,2.0
GOOGL,2024-12-10 05:00:00+00:00,4.089927307247807,3,positive,2024-12-12 05:00:00+00:00,-1.1776501447369447,2.0
GOOGL,2025-03-06 05:00:00+00:00,2.012237749562267,3,positive,2025-03-10 04:00:00+00:00,-1.6294050770619184,2.0
GOOGL,2025-08-25 04:00:00+00:00,2.004049788377958,3,positive,2025-08-26 04:00:00+00:00,-1.77925040353276,1.0
GOOGL,2026-03-17 04:00:00+00:00,2.291415264717125,3,positive,2026-03-20 04:00:00+00:00,-0.9208507560875421,3.0
GOOGL,2026-03-24 04:00:00+00:00,-4.360365632497448,3,negative,2026-03-31 04:00:00+00:00,2.712474776763218,5.0
GOOGL,2026-04-30 04:00:00+00:00,8.032498504803527,7,positive,2026-05-01 04:00:00+00:00,-0.536324794458903,1.0
GOOGL,2026-05-29 04:00:00+00:00,-3.2842877745492083,3,negative,2026-06-03 04:00:00+00:00,0.1868520931595918,3.0
GOOGL,2026-07-23 04:00:00+00:00,-3.055925430105006,3,negative,2026-07-24 04:00:00+00:00,0.49975261106296565,1.0
GS,2024-10-21 04:00:00+00:00,-2.2122307873568827,3,negative,2024-10-22 04:00:00+00:00,-0.17025534308399964,1.0
GS,2024-12-17 05:00:00+00:00,-2.2230308449313307,3,negative,2024-12-19 05:00:00+00:00,0.9177951329278408,2.0
GS,2025-01-15 05:00:00+00:00,5.335452646393383,3,positive,2025-01-22 05:00:00+00:00,-1.5043900953314633,4.0
GS,2026-01-05 05:00:00+00:00,2.405072467099746,3,positive,2026-01-07 05:00:00+00:00,-1.2597536936634084,2.0
GS,2026-01-23 05:00:00+00:00,-3.512767891513509,5,negative,2026-01-26 05:00:00+00:00,0.8439407583556257,1.0
GS,2026-06-01 04:00:00+00:00,3.3507563312030664,4,positive,2026-06-03 04:00:00+00:00,-2.61174780936928,2.0
HCA,2024-10-07 04:00:00+00:00,-2.3779108188953977,4,negative,2024-10-09 04:00:00+00:00,1.3417126863141033,2.0
HCA,2025-02-25 05:00:00+00:00,2.145687140921659,5,positive,2025-02-26 05:00:00+00:00,-1.9136558959428365,1.0
HCA,2025-06-10 04:00:00+00:00,-2.9727071634761297,3,negative,2025-06-11 04:00:00+00:00,1.4322712217160642,1.0
HCA,2025-07-24 04:00:00+00:00,-2.5524235220952747,3,negative,2025-07-28 04:00:00+00:00,1.1804517789986728,2.0
HCA,2025-09-10 04:00:00+00:00,-4.0852084948054275,3,negative,2025-09-11 04:00:00+00:00,0.8855604543656055,1.0
HCA,2025-09-24 04:00:00+00:00,2.010883470116298,3,positive,2025-10-01 04:00:00+00:00,-0.6009658707156414,5.0
HCA,2025-12-03 05:00:00+00:00,-2.2342864443765325,5,negative,2025-12-04 05:00:00+00:00,-0.2519124881144725,1.0
HCA,2026-04-15 04:00:00+00:00,-3.075945767559895,5,negative,2026-04-23 04:00:00+00:00,1.352166815337749,6.0
HCA,2026-07-14 04:00:00+00:00,-3.06301822961901,5,negative,2026-07-15 04:00:00+00:00,1.5699109786189775,1.0
HCA,2026-07-28 04:00:00+00:00,2.64685444763023,4,positive,2026-07-29 04:00:00+00:00,-0.5302677950273503,1.0
HD,2024-09-24 04:00:00+00:00,2.3117102193804056,3,positive,2024-09-25 04:00:00+00:00,-1.3439878499040505,1.0
HD,2024-10-01 04:00:00+00:00,2.0877229239545523,3,positive,2024-10-04 04:00:00+00:00,-2.879560838691024,3.0
HD,2024-10-21 04:00:00+00:00,-2.175225032992662,3,negative,2024-10-23 04:00:00+00:00,0.18645667096664834,2.0
HD,2025-01-27 05:00:00+00:00,4.140508008000642,3,positive,2025-01-28 05:00:00+00:00,-2.7588690429714626,1.0
HD,2025-02-19 05:00:00+00:00,-2.307869831911477,3,negative,2025-02-20 05:00:00+00:00,0.4009205158004175,1.0
HD,2025-03-13 04:00:00+00:00,-2.259831225725347,3,negative,2025-03-17 04:00:00+00:00,0.523449808863861,2.0
HD,2025-04-04 04:00:00+00:00,2.9755732563166135,3,positive,2025-04-07 04:00:00+00:00,-2.3242849800763845,1.0
HD,2025-04-09 04:00:00+00:00,-2.4898832076603616,3,negative,2025-04-10 04:00:00+00:00,1.6852334890698561,1.0
HD,2025-07-15 04:00:00+00:00,-3.027159349492144,3,negative,2025-07-18 04:00:00+00:00,0.34640258246979,3.0
HD,2025-07-22 04:00:00+00:00,2.9816379893478944,3,positive,2025-07-24 04:00:00+00:00,-0.9217531186500837,2.0
HD,2025-08-13 04:00:00+00:00,2.355387880260175,3,positive,2025-08-14 04:00:00+00:00,-1.863012922669758,1.0
HD,2025-10-01 04:00:00+00:00,-2.6883006601830757,5,negative,2025-10-10 04:00:00+00:00,3.4621489418312033,7.0
HD,2025-11-18 05:00:00+00:00,-2.8134853081169546,3,negative,2025-11-20 05:00:00+00:00,0.7482564724047743,2.0
HD,2026-01-08 05:00:00+00:00,2.444793215673417,3,positive,2026-01-12 05:00:00+00:00,-0.07178527388056019,2.0
HLT,2025-01-06 05:00:00+00:00,-2.4522815167204035,4,negative,2025-01-07 05:00:00+00:00,0.5979121434203422,1.0
HLT,2025-12-04 05:00:00+00:00,-2.497032438624681,6,negative,2025-12-10 05:00:00+00:00,0.43774286272607915,4.0
HLT,2025-12-12 05:00:00+00:00,2.4663812079165255,3,positive,2025-12-18 05:00:00+00:00,-2.3615512690541376,4.0
HLT,2026-04-28 04:00:00+00:00,-2.5725235507229685,3,negative,2026-04-30 04:00:00+00:00,1.2579639322258476,2.0
HLT,2026-06-05 04:00:00+00:00,3.087026507754565,3,positive,2026-06-08 04:00:00+00:00,-0.809972744564784,1.0
HOOD,2024-10-08 04:00:00+00:00,3.8914233440409456,3,positive,2024-10-09 04:00:00+00:00,-0.45814547841377734,1.0
HOOD,2024-11-06 05:00:00+00:00,10.338661374279381,4,positive,2024-11-07 05:00:00+00:00,-2.473906405193925,1.0
HOOD,2024-11-18 05:00:00+00:00,3.38433431480326,3,positive,2024-11-21 05:00:00+00:00,-2.5291699150417752,3.0
HOOD,2025-03-10 04:00:00+00:00,-3.09946223732538,3,negative,2025-03-11 04:00:00+00:00,0.8481720804381773,1.0
HOOD,2025-05-08 04:00:00+00:00,2.4243179496045153,3,positive,2025-05-14 04:00:00+00:00,-1.26604407667628,4.0
HOOD,2026-02-02 05:00:00+00:00,-7.551494933912484,6,negative,2026-02-06 05:00:00+00:00,8.032755063367546,4.0
HOOD,2026-02-12 05:00:00+00:00,-2.965992154558508,3,negative,2026-02-13 05:00:00+00:00,4.931988053398715,1.0
HOOD,2026-04-15 04:00:00+00:00,4.604843326817648,3,positive,2026-04-16 04:00:00+00:00,-0.18353846761635953,1.0
HOOD,2026-04-29 04:00:00+00:00,-5.680438497008839,3,negative,2026-04-30 04:00:00+00:00,0.5536682209310075,1.0
HOOD,2026-05-29 04:00:00+00:00,2.4918266006134715,3,positive,2026-06-01 04:00:00+00:00,-0.8993460433067911,1.0
HPE,2024-09-17 04:00:00+00:00,3.847609554583858,5,positive,2024-09-20 04:00:00+00:00,-0.2716117533813529,3.0
HPE,2024-10-30 04:00:00+00:00,2.4058196043776596,5,positive,2024-10-31 04:00:00+00:00,-2.2843501024804813,1.0
HPE,2025-01-06 05:00:00+00:00,4.127905413251717,4,positive,2025-01-07 05:00:00+00:00,-1.3571670698221907,1.0
HPE,2025-03-07 05:00:00+00:00,-11.172061539715921,3,negative,2025-03-11 04:00:00+00:00,2.6119563089058517,2.0
HPE,2025-04-15 04:00:00+00:00,3.1519463995967834,3,positive,2025-04-22 04:00:00+00:00,-0.3278886372494793,4.0
HPE,2025-05-19 04:00:00+00:00,-2.024481359998474,4,negative,2025-05-20 04:00:00+00:00,2.316535011885112,1.0
HPE,2025-05-30 04:00:00+00:00,-2.384823197842184,3,negative,2025-06-03 04:00:00+00:00,1.6444453235941514,2.0
HPE,2025-07-02 04:00:00+00:00,2.2946662678932968,3,positive,2025-07-03 04:00:00+00:00,-0.3270531841316569,1.0
HPE,2025-10-08 04:00:00+00:00,2.416030845572712,3,positive,2025-10-10 04:00:00+00:00,-2.3878435501179296,2.0
HPE,2025-11-17 05:00:00+00:00,-12.09057391185338,3,negative,2025-11-21 05:00:00+00:00,1.474598747897481,4.0
HPE,2026-01-07 05:00:00+00:00,-3.8795270910664623,3,negative,2026-01-13 05:00:00+00:00,1.1892569238552437,4.0
HPE,2026-02-23 05:00:00+00:00,-2.872966703326922,5,negative,2026-02-24 05:00:00+00:00,0.16644127619574658,1.0
HPE,2026-03-25 04:00:00+00:00,2.9414255340594435,3,positive,2026-03-26 04:00:00+00:00,-0.6700012478855079,1.0
HPE,2026-03-30 04:00:00+00:00,-2.458589049111186,3,negative,2026-03-31 04:00:00+00:00,0.8992525267656042,1.0
HPE,2026-04-20 04:00:00+00:00,2.2169228785665034,3,positive,2026-04-22 04:00:00+00:00,-0.7825593662883037,2.0
HPE,2026-05-22 04:00:00+00:00,3.12651004421989,3,positive,2026-05-27 04:00:00+00:00,-0.875261413567599,2.0
HPE,2026-06-01 04:00:00+00:00,2.155469564045172,3,positive,2026-06-03 04:00:00+00:00,-0.4506002965703631,2.0
HPE,2026-07-09 04:00:00+00:00,2.9087612527566455,4,positive,2026-07-10 04:00:00+00:00,-0.7143348044069531,1.0
HUM,2024-09-09 04:00:00+00:00,-6.429512813409014,3,negative,2024-09-10 04:00:00+00:00,0.7135885097867697,1.0
HUM,2024-10-02 04:00:00+00:00,-6.134829942689057,3,negative,2024-10-08 04:00:00+00:00,1.9083068467693707,4.0
HUM,2024-10-10 04:00:00+00:00,2.026201345346262,3,positive,2024-10-15 04:00:00+00:00,-1.2339900456370982,3.0
HUM,2025-01-13 05:00:00+00:00,2.777844624595162,6,positive,2025-01-14 05:00:00+00:00,-0.9381031973536754,1.0
HUM,2025-04-08 04:00:00+00:00,11.658179221409405,4,positive,2025-04-09 04:00:00+00:00,-8.002713081695005,1.0
HUM,2025-05-13 04:00:00+00:00,-4.452079263847912,4,negative,2025-05-14 04:00:00+00:00,0.603438021229401,1.0
HUM,2025-05-20 04:00:00+00:00,2.262907564036534,3,positive,2025-05-21 04:00:00+00:00,-0.7761046667409414,1.0
HUM,2025-07-01 04:00:00+00:00,2.958639306774099,3,positive,2025-07-02 04:00:00+00:00,-3.2857642705280035,1.0
HUM,2025-09-19 04:00:00+00:00,-5.103526932527239,6,negative,2025-09-22 04:00:00+00:00,2.3944278568977464,1.0
HUM,2026-01-27 05:00:00+00:00,-16.04871241171554,5,negative,2026-01-29 05:00:00+00:00,1.0434601920920639,2.0
HUM,2026-04-07 04:00:00+00:00,3.338950564295273,5,positive,2026-04-08 04:00:00+00:00,-1.3685972766430663,1.0
HUM,2026-05-08 04:00:00+00:00,3.559665040768142,3,positive,2026-05-11 04:00:00+00:00,-0.47778393697455523,1.0
HUM,2026-07-16 04:00:00+00:00,-3.254310150813074,3,negative,2026-07-17 04:00:00+00:00,1.9506804480954363,1.0
HWM,2025-05-01 04:00:00+00:00,2.8521680762432093,8,positive,2025-05-08 04:00:00+00:00,-0.7001344891474252,5.0
HWM,2025-05-19 04:00:00+00:00,2.054324489211577,5,positive,2025-05-20 04:00:00+00:00,-1.6138870395395148,1.0
HWM,2025-05-23 04:00:00+00:00,3.567202798164915,3,positive,2025-05-29 04:00:00+00:00,-1.7136899118431026,3.0
HWM,2025-06-10 04:00:00+00:00,-3.4732302446288728,3,negative,2025-06-11 04:00:00+00:00,1.26271380411407,1.0
HWM,2025-09-04 04:00:00+00:00,3.1604040011951677,3,positive,2025-09-05 04:00:00+00:00,-0.19460329831732404,1.0
HWM,2025-11-12 05:00:00+00:00,-2.1533250910818627,3,negative,2025-11-14 05:00:00+00:00,0.7576489384206572,2.0
HWM,2025-12-01 05:00:00+00:00,-3.0530919481722427,3,negative,2025-12-04 05:00:00+00:00,1.0314655380558797,3.0
HWM,2026-01-28 05:00:00+00:00,-2.0785782459476216,5,negative,2026-02-03 05:00:00+00:00,3.4669523510320075,4.0
HWM,2026-02-11 05:00:00+00:00,2.2574909654836635,5,positive,2026-02-18 05:00:00+00:00,-0.763622904360433,4.0
HWM,2026-03-05 05:00:00+00:00,-2.249728597465097,3,negative,2026-03-06 05:00:00+00:00,-0.1275724641351842,1.0
HWM,2026-03-13 04:00:00+00:00,-2.770602803018843,3,negative,2026-03-16 04:00:00+00:00,0.06482850194252103,1.0
HWM,2026-04-16 04:00:00+00:00,-2.581635242408899,3,negative,2026-04-17 04:00:00+00:00,1.397634762676418,1.0
HWM,2026-05-06 04:00:00+00:00,2.131450955819884,3,positive,2026-05-08 04:00:00+00:00,-0.5192290362290456,2.0
HWM,2026-07-23 04:00:00+00:00,2.125643491019138,5,positive,2026-07-27 04:00:00+00:00,-0.5633038705950041,2.0
HWM,2026-07-29 04:00:00+00:00,-2.4256903178447216,3,negative,,,
IBM,2024-10-30 04:00:00+00:00,-2.0094997786988076,5,negative,2024-10-31 04:00:00+00:00,3.094695345847486,1.0
IBM,2024-11-20 05:00:00+00:00,2.3837130024326036,3,positive,2024-11-22 05:00:00+00:00,0.06452791809637827,2.0
IBM,2025-05-12 04:00:00+00:00,-2.6345989670419074,3,negative,2025-05-13 04:00:00+00:00,0.47014129191663223,1.0
IBM,2025-06-11 04:00:00+00:00,2.0749766879721783,3,positive,2025-06-12 04:00:00+00:00,-0.6091689651985974,1.0
IBM,2025-07-24 04:00:00+00:00,-9.305462498660772,4,negative,2025-07-28 04:00:00+00:00,2.555322800557147,2.0
IBM,2025-08-08 04:00:00+00:00,-3.538453128630019,5,negative,2025-08-13 04:00:00+00:00,2.5783025463708142,3.0
IBM,2025-09-08 04:00:00+00:00,2.5402898851175038,4,positive,2025-09-10 04:00:00+00:00,-1.6475447674432755,2.0
IBM,2025-10-13 04:00:00+00:00,-2.28351176874353,4,negative,2025-10-15 04:00:00+00:00,0.7234958696480058,2.0
IBM,2026-02-11 05:00:00+00:00,-2.362658603720835,3,negative,2026-02-13 05:00:00+00:00,0.680350772948087,2.0
IBM,2026-02-23 05:00:00+00:00,-6.247086480482874,3,negative,2026-02-24 05:00:00+00:00,1.2433425227820765,1.0
IBM,2026-04-08 04:00:00+00:00,-4.223418081538386,3,negative,2026-04-13 04:00:00+00:00,2.041788084928056,3.0
IBM,2026-05-21 04:00:00+00:00,5.244475966549533,6,positive,2026-05-22 04:00:00+00:00,-0.03984548981442313,1.0
IBM,2026-05-29 04:00:00+00:00,5.389926177515132,3,positive,2026-06-03 04:00:00+00:00,-2.268824696447184,3.0
ICE,2024-09-11 04:00:00+00:00,-3.8963034405005743,3,negative,2024-09-16 04:00:00+00:00,0.9927733110669816,3.0
ICE,2025-01-27 05:00:00+00:00,4.448590449875746,5,positive,2025-01-28 05:00:00+00:00,-3.593629025565299,1.0
ICE,2025-02-21 05:00:00+00:00,2.302695863989756,3,positive,2025-02-26 05:00:00+00:00,-0.2758607886344233,3.0
ICE,2025-04-09 04:00:00+00:00,-3.826385579741102,4,negative,2025-04-10 04:00:00+00:00,2.1096896112763677,1.0
ICE,2025-08-12 04:00:00+00:00,-4.058839247328368,3,negative,2025-08-14 04:00:00+00:00,0.7764977325468684,2.0
ICE,2025-10-01 04:00:00+00:00,-4.096197345087319,4,negative,2025-10-03 04:00:00+00:00,1.4522984166360604,2.0
ICE,2026-02-03 05:00:00+00:00,-4.687130812370304,3,negative,2026-02-04 05:00:00+00:00,1.4461270576286922,1.0
ICE,2026-02-11 05:00:00+00:00,-4.57400337591524,4,negative,2026-02-12 05:00:00+00:00,0.27387591635869624,1.0
ICE,2026-04-09 04:00:00+00:00,-2.3316608191395747,3,negative,2026-04-13 04:00:00+00:00,0.7313693494474407,2.0
INTC,2025-01-24 05:00:00+00:00,-3.0410552433562317,3,negative,2025-01-29 05:00:00+00:00,0.33711032031014665,3.0
INTC,2025-02-12 05:00:00+00:00,3.9123040748068583,3,positive,2025-02-14 05:00:00+00:00,-0.8123464851987137,2.0
INTC,2025-03-13 04:00:00+00:00,4.4943549023691505,3,positive,2025-03-14 04:00:00+00:00,0.009397149620806605,1.0
INTC,2025-05-30 04:00:00+00:00,-2.8099539404523326,3,negative,2025-06-02 04:00:00+00:00,0.7827246850042746,1.0
INTC,2025-06-18 04:00:00+00:00,2.1289554212402653,3,positive,2025-06-20 04:00:00+00:00,-0.7248913274285064,1.0
INTC,2025-08-12 04:00:00+00:00,3.3340944733992184,3,positive,2025-08-18 04:00:00+00:00,-1.3272315906782,4.0
INTC,2025-09-25 04:00:00+00:00,3.9426752798188285,3,positive,2025-09-29 04:00:00+00:00,-0.9922874625943235,2.0
INTC,2025-11-04 05:00:00+00:00,-2.388034309603709,5,negative,2025-11-05 05:00:00+00:00,1.3664941004958076,1.0
INTU,2024-09-27 04:00:00+00:00,-2.45080560938581,6,negative,2024-10-02 04:00:00+00:00,0.29576539891309217,3.0
INTU,2024-10-29 04:00:00+00:00,2.043667471916739,4,positive,2024-10-30 04:00:00+00:00,-0.2907990311695763,1.0
INTU,2024-11-19 05:00:00+00:00,-5.135273952954476,4,negative,2024-11-20 05:00:00+00:00,0.5496416649143027,1.0
INTU,2024-12-11 05:00:00+00:00,2.338238634336634,3,positive,2024-12-13 05:00:00+00:00,-1.8939552204688241,2.0
INTU,2025-03-10 04:00:00+00:00,-2.0171408225022662,3,negative,2025-03-11 04:00:00+00:00,1.8832639580858128,1.0
INTU,2025-05-23 04:00:00+00:00,9.894209067376874,7,positive,2025-05-29 04:00:00+00:00,-0.2696033377451654,3.0
INTU,2025-07-10 04:00:00+00:00,-2.011697790962065,3,negative,2025-07-11 04:00:00+00:00,0.3562025029643101,1.0
INTU,2025-08-11 04:00:00+00:00,-7.180970896386066,3,negative,2025-08-15 04:00:00+00:00,0.9090920530898896,4.0
INTU,2025-09-10 04:00:00+00:00,-4.62049358393418,3,negative,2025-09-15 04:00:00+00:00,0.5314679353129897,3.0
INTU,2025-09-17 04:00:00+00:00,3.3785028985682373,3,positive,2025-09-24 04:00:00+00:00,-0.6362349898956438,5.0
INTU,2025-10-29 04:00:00+00:00,-2.550974612187794,4,negative,2025-10-30 04:00:00+00:00,0.9175255054104303,1.0
INTU,2025-11-26 05:00:00+00:00,-2.1658055081405823,3,negative,2025-11-28 05:00:00+00:00,0.2691483967647603,1.0
INTU,2026-01-02 05:00:00+00:00,-7.672664214792181,4,negative,2026-01-05 05:00:00+00:00,0.13618866377665073,1.0
INTU,2026-01-13 05:00:00+00:00,-6.234002765637462,3,negative,2026-01-22 05:00:00+00:00,3.2070788699604593,6.0
INTU,2026-01-29 05:00:00+00:00,-2.4916681386074657,4,negative,2026-02-04 05:00:00+00:00,1.9665926305729375,4.0
INTU,2026-03-05 05:00:00+00:00,2.0099084812174928,7,positive,2026-03-09 04:00:00+00:00,-0.6326455684120982,2.0
INTU,2026-04-08 04:00:00+00:00,-2.8158839883542015,6,negative,2026-04-13 04:00:00+00:00,1.877151226417177,3.0
INTU,2026-05-21 04:00:00+00:00,-4.1425737222548,3,negative,2026-05-22 04:00:00+00:00,1.0645824670400408,1.0
ISRG,2025-03-10 04:00:00+00:00,-3.732235893816724,3,negative,2025-03-11 04:00:00+00:00,2.765537352726701,1.0
ISRG,2025-04-09 04:00:00+00:00,3.8444874634945614,3,positive,2025-04-10 04:00:00+00:00,-2.5922604728972654,1.0
ISRG,2025-07-11 04:00:00+00:00,-2.159928263040717,6,negative,2025-07-14 04:00:00+00:00,1.316163121964242,1.0
ISRG,2025-07-23 04:00:00+00:00,-3.2214616853162403,3,negative,2025-07-25 04:00:00+00:00,2.0509379829545002,2.0
ISRG,2025-10-22 04:00:00+00:00,10.375709897946985,5,positive,2025-10-24 04:00:00+00:00,-1.2698697661769875,2.0
ISRG,2026-01-12 05:00:00+00:00,-3.101244395686934,3,negative,2026-01-20 05:00:00+00:00,0.8517226637429175,5.0
ISRG,2026-04-02 04:00:00+00:00,-2.2137775216984803,3,negative,2026-04-07 04:00:00+00:00,0.4224861184099248,2.0
ISRG,2026-05-27 04:00:00+00:00,-2.518746196107585,4,negative,2026-05-28 04:00:00+00:00,0.7727434906470999,1.0
JNJ,2024-09-03 04:00:00+00:00,3.2161071645843244,4,positive,2024-09-05 04:00:00+00:00,-1.4495639614965408,2.0
JNJ,2024-11-06 05:00:00+00:00,-2.420181110154727,4,negative,2024-11-13 05:00:00+00:00,0.9060951822416405,5.0
JNJ,2025-01-27 05:00:00+00:00,3.099004133187825,3,positive,2025-01-28 05:00:00+00:00,-1.2934695629466513,1.0
JNJ,2025-02-21 05:00:00+00:00,3.476947201711406,3,positive,2025-02-26 05:00:00+00:00,-2.357148678759075,3.0
JNJ,2025-07-22 04:00:00+00:00,3.1931549615108548,3,positive,2025-07-23 04:00:00+00:00,-0.01651244453680231,1.0
JNJ,2025-08-28 04:00:00+00:00,-2.0597472440807336,5,negative,2025-08-29 04:00:00+00:00,1.8961449727675066,1.0
JNJ,2025-11-13 05:00:00+00:00,2.1539640204172996,3,positive,2025-11-21 05:00:00+00:00,-0.4823972452025167,6.0
JNJ,2025-12-12 05:00:00+00:00,2.1689809820643062,3,positive,2025-12-16 05:00:00+00:00,-2.0921835367174473,2.0
JNJ,2026-02-12 05:00:00+00:00,2.6025416382300035,3,positive,2026-02-13 05:00:00+00:00,-0.8832904686549782,1.0
JNJ,2026-06-05 04:00:00+00:00,3.0171131718673916,3,positive,2026-06-08 04:00:00+00:00,-0.44373901686184614,1.0
JPM,2024-11-15 05:00:00+00:00,2.5876011735961404,5,positive,2024-11-18 05:00:00+00:00,-1.2205133021005778,1.0
JPM,2025-03-07 05:00:00+00:00,-2.2828546722282943,4,negative,2025-03-13 04:00:00+00:00,0.6046297341228394,4.0
JPM,2025-06-18 04:00:00+00:00,4.471250172137313,3,positive,2025-06-24 04:00:00+00:00,-0.16550665857771316,3.0
JPM,2025-08-07 04:00:00+00:00,-2.0541125352112344,3,negative,2025-08-11 04:00:00+00:00,1.122179214689889,2.0
JPM,2025-10-01 04:00:00+00:00,-3.6824798025622956,3,negative,2025-10-03 04:00:00+00:00,0.77378043274357,2.0
JPM,2025-10-08 04:00:00+00:00,-2.7934892263585653,3,negative,2025-10-09 04:00:00+00:00,0.9490886123035517,1.0
JPM,2026-01-13 05:00:00+00:00,-4.096028921770953,3,negative,2026-01-15 05:00:00+00:00,0.09639363948176648,2.0
JPM,2026-02-03 05:00:00+00:00,2.3766683174845924,5,positive,2026-02-05 05:00:00+00:00,-0.7181945588340498,2.0
KKR,2024-09-16 04:00:00+00:00,2.7054053912789886,3,positive,2024-09-23 04:00:00+00:00,-1.327194558672463,5.0
KKR,2025-01-15 05:00:00+00:00,2.1420180751082856,3,positive,2025-01-22 05:00:00+00:00,-0.27629234782380097,4.0
KKR,2025-05-21 04:00:00+00:00,-3.2214249781769717,5,negative,2025-05-22 04:00:00+00:00,0.5248365749788946,1.0
KKR,2025-11-17 05:00:00+00:00,-2.1209193539582536,3,negative,2025-11-18 05:00:00+00:00,0.7586007283689631,1.0
KKR,2025-12-09 05:00:00+00:00,2.6847592843486634,8,positive,2025-12-12 05:00:00+00:00,-2.0354644768130368,3.0
KKR,2026-02-03 05:00:00+00:00,-5.052780313997867,4,negative,2026-02-04 05:00:00+00:00,1.4708284137284615,1.0
KKR,2026-02-23 05:00:00+00:00,-3.2488902049764783,3,negative,2026-02-24 05:00:00+00:00,1.564241927340839,1.0
KLAC,2024-11-06 05:00:00+00:00,-3.556619400142189,3,negative,2024-11-07 05:00:00+00:00,1.64793801851438,1.0
KLAC,2024-12-05 05:00:00+00:00,-2.281746596710818,3,negative,2024-12-06 05:00:00+00:00,0.4246208333257661,1.0
KLAC,2025-01-06 05:00:00+00:00,4.500069188209543,3,positive,2025-01-08 05:00:00+00:00,-0.6083978297362153,2.0
KLAC,2025-01-16 05:00:00+00:00,3.4242071451959633,5,positive,2025-01-22 05:00:00+00:00,-0.4135045025751943,3.0
KLAC,2025-01-27 05:00:00+00:00,-4.4890172856902195,4,negative,2025-01-29 05:00:00+00:00,1.0749796330748482,2.0
KLAC,2025-04-09 04:00:00+00:00,4.747803395870791,3,positive,2025-04-10 04:00:00+00:00,-1.9441123810999998,1.0
KLAC,2025-10-10 04:00:00+00:00,-3.280187177659914,4,negative,2025-10-13 04:00:00+00:00,2.167655106607517,1.0
KLAC,2025-10-15 04:00:00+00:00,2.720229911392953,3,positive,2025-10-21 04:00:00+00:00,-0.27657419987279386,4.0
KLAC,2026-04-08 04:00:00+00:00,2.5122863589013034,3,positive,2026-04-15 04:00:00+00:00,-2.337733002539553,5.0
KLAC,2026-04-24 04:00:00+00:00,3.251683256623053,3,positive,2026-04-27 04:00:00+00:00,-1.5273036306238312,1.0
KLAC,2026-06-11 04:00:00+00:00,2.2219529971150482,4,positive,2026-06-15 04:00:00+00:00,-0.4631436961741639,2.0
KO,2024-12-04 05:00:00+00:00,-7.302497155123369,4,negative,2024-12-05 05:00:00+00:00,3.6124645697947346,1.0
KO,2025-02-11 05:00:00+00:00,3.054904094441852,3,positive,2025-02-14 05:00:00+00:00,-0.6443476278136511,3.0
KO,2025-02-21 05:00:00+00:00,2.6514531105022012,3,positive,2025-02-24 05:00:00+00:00,-0.7322951825636973,1.0
KO,2025-04-24 04:00:00+00:00,-2.1021736652452048,3,negative,2025-04-29 04:00:00+00:00,0.20048914823423378,3.0
KO,2025-05-12 04:00:00+00:00,-2.5053068461724792,3,negative,2025-05-14 04:00:00+00:00,0.4445471149063546,2.0
KO,2025-07-01 04:00:00+00:00,2.5184228266557107,3,positive,2025-07-02 04:00:00+00:00,-2.208066895979328,1.0
KO,2026-03-27 04:00:00+00:00,4.47234300843849,3,positive,2026-03-31 04:00:00+00:00,-3.3515673055646986,2.0
KO,2026-07-28 04:00:00+00:00,2.0927948222650725,3,positive,2026-07-30 04:00:00+00:00,-1.1345795473109384,2.0
LIN,2024-11-08 05:00:00+00:00,-3.3185432311410006,4,negative,2024-11-12 05:00:00+00:00,0.7399044698218666,2.0
LIN,2024-12-05 05:00:00+00:00,-3.8438674432006192,4,negative,2024-12-10 05:00:00+00:00,1.7187981831086423,3.0
LIN,2025-12-16 05:00:00+00:00,2.3141534337435745,4,positive,2025-12-18 05:00:00+00:00,-1.4549029925485253,2.0
LIN,2026-02-04 05:00:00+00:00,2.9005528307307706,5,positive,2026-02-05 05:00:00+00:00,-2.394697035719598,1.0
LITE,2024-11-08 05:00:00+00:00,7.7466286675052105,4,positive,2024-11-14 05:00:00+00:00,-1.6338394425411145,4.0
LITE,2025-01-17 05:00:00+00:00,2.0759008162011057,4,positive,2025-01-23 05:00:00+00:00,-0.972918500906563,3.0
LITE,2025-01-27 05:00:00+00:00,-10.026756964582548,3,negative,2025-01-28 05:00:00+00:00,1.47512900599881,1.0
LITE,2025-01-30 05:00:00+00:00,2.68868109901935,3,positive,2025-02-03 05:00:00+00:00,-0.4423401339277504,2.0
LITE,2025-07-01 04:00:00+00:00,-2.5135268355489426,3,negative,2025-07-03 04:00:00+00:00,0.05589061303990145,2.0
LITE,2025-08-28 04:00:00+00:00,2.510305242975958,6,positive,2025-08-29 04:00:00+00:00,-0.8419084778858156,1.0
LITE,2025-09-04 04:00:00+00:00,2.1564524041628843,3,positive,2025-09-08 04:00:00+00:00,-0.4958947924349629,2.0
LITE,2026-03-06 05:00:00+00:00,-2.265037621207245,4,negative,2026-03-09 04:00:00+00:00,1.728990552419531,1.0
LLY,2024-11-06 05:00:00+00:00,-5.389584563143081,6,negative,2024-11-07 05:00:00+00:00,1.643393308934103,1.0
LLY,2025-01-10 05:00:00+00:00,2.207375933958749,3,positive,2025-01-13 05:00:00+00:00,-0.5187523143804266,1.0
LLY,2025-01-27 05:00:00+00:00,2.3527156993735567,5,positive,2025-01-28 05:00:00+00:00,-1.0881188386337306,1.0
LLY,2025-05-08 04:00:00+00:00,-2.30193745623861,3,negative,2025-05-15 04:00:00+00:00,0.8588803954336164,5.0
LLY,2025-06-13 04:00:00+00:00,2.2169856092724003,5,positive,2025-06-16 04:00:00+00:00,-3.07415434793238,1.0
LLY,2025-06-20 04:00:00+00:00,-2.8431540226880228,4,negative,2025-06-25 04:00:00+00:00,2.3211348907011176,3.0
LLY,2025-09-25 04:00:00+00:00,-4.074764491887906,7,negative,2025-09-26 04:00:00+00:00,1.0566463972479916,1.0
LLY,2025-11-03 05:00:00+00:00,2.951502029948707,3,positive,2025-11-07 05:00:00+00:00,-0.5785533727277191,4.0
LLY,2026-04-01 04:00:00+00:00,3.0389497693271874,3,positive,2026-04-02 04:00:00+00:00,-2.0519952520728912,1.0
LLY,2026-06-26 04:00:00+00:00,3.070650825423155,5,positive,2026-06-30 04:00:00+00:00,-2.4752414843637927,2.0
LMT,2025-01-06 05:00:00+00:00,-2.996027882649804,3,negative,2025-01-07 05:00:00+00:00,0.5500089738555962,1.0
LMT,2025-01-13 05:00:00+00:00,2.6766608398514014,4,positive,2025-01-15 05:00:00+00:00,-1.8993154076583478,2.0
LMT,2025-03-21 04:00:00+00:00,-2.452022895612301,3,negative,2025-03-25 04:00:00+00:00,0.5713707558706618,2.0
LMT,2025-04-03 04:00:00+00:00,2.3910753089987535,5,positive,2025-04-07 04:00:00+00:00,-0.046326780788789955,2.0
LMT,2025-05-12 04:00:00+00:00,-2.3582639182142504,3,negative,2025-05-15 04:00:00+00:00,2.613358409147195,3.0
LMT,2025-06-11 04:00:00+00:00,-4.858638175026647,5,negative,2025-06-12 04:00:00+00:00,2.645204940580733,1.0
LMT,2025-07-22 04:00:00+00:00,-13.379862893577249,6,negative,2025-07-23 04:00:00+00:00,1.7412414322184386,1.0
LMT,2026-01-29 05:00:00+00:00,2.122586150901038,3,positive,2026-02-02 05:00:00+00:00,-0.982883646829169,2.0
LMT,2026-02-04 05:00:00+00:00,-2.577812710970623,3,negative,2026-02-05 05:00:00+00:00,0.7959163185701571,1.0
LMT,2026-06-05 04:00:00+00:00,2.7895507999196325,3,positive,2026-06-08 04:00:00+00:00,-0.8612413055169725,1.0
LNG,2024-11-11 05:00:00+00:00,3.0353836134548535,6,positive,2024-11-12 05:00:00+00:00,-0.17407177655429223,1.0
LNG,2025-01-02 05:00:00+00:00,2.793513327677988,4,positive,2025-01-03 05:00:00+00:00,-0.3921949041856571,1.0
LNG,2025-01-14 05:00:00+00:00,4.000771765068677,6,positive,2025-01-15 05:00:00+00:00,-0.9929012391447379,1.0
LNG,2025-01-22 05:00:00+00:00,-4.926386843859656,3,negative,2025-01-28 05:00:00+00:00,-0.13047021071491025,4.0
LNG,2025-02-20 05:00:00+00:00,2.362377318454886,4,positive,2025-02-21 05:00:00+00:00,-0.6807918673156059,1.0
LNG,2025-05-12 04:00:00+00:00,-2.528069282864357,3,negative,2025-05-13 04:00:00+00:00,0.11933887117437521,1.0
LNG,2025-08-21 04:00:00+00:00,2.032612479045812,3,positive,2025-08-22 04:00:00+00:00,-1.987156919583178,1.0
LNG,2025-12-31 05:00:00+00:00,2.4091883988448592,3,positive,2026-01-05 05:00:00+00:00,0.19979324685162492,2.0
LNG,2026-03-02 05:00:00+00:00,2.923896626173203,3,positive,2026-03-03 05:00:00+00:00,-0.6155253914344692,1.0
LNG,2026-05-07 04:00:00+00:00,-2.144245690952987,3,negative,2026-05-11 04:00:00+00:00,0.2829224138852745,2.0
LOW,2024-10-04 04:00:00+00:00,-2.537063093921819,3,negative,2024-10-07 04:00:00+00:00,1.0462048957923054,1.0
LOW,2025-01-27 05:00:00+00:00,5.648950659397698,3,positive,2025-01-28 05:00:00+00:00,-4.500484415476313,1.0
LOW,2025-04-09 04:00:00+00:00,-3.6622367327348244,3,negative,2025-04-10 04:00:00+00:00,2.3651786503604413,1.0
LOW,2025-07-15 04:00:00+00:00,-2.233328896751455,3,negative,2025-07-16 04:00:00+00:00,0.7795729259159823,1.0
LOW,2025-07-22 04:00:00+00:00,3.0613006818484907,5,positive,2025-07-24 04:00:00+00:00,-1.246993833813688,2.0
LOW,2025-09-05 04:00:00+00:00,2.0717910275131186,5,positive,2025-09-09 04:00:00+00:00,-1.9742878100001087,2.0
LOW,2025-10-29 04:00:00+00:00,-2.141078464788116,5,negative,2025-10-30 04:00:00+00:00,1.724801904845779,1.0
LOW,2026-01-08 05:00:00+00:00,4.217982265355834,3,positive,2026-01-20 05:00:00+00:00,-2.2748957692432445,7.0
LOW,2026-02-03 05:00:00+00:00,2.062495516073559,3,positive,2026-02-06 05:00:00+00:00,-1.0002946285895473,3.0
LRCX,2024-09-26 04:00:00+00:00,2.4367839618158196,4,positive,2024-09-27 04:00:00+00:00,-0.8893384099801432,1.0
LRCX,2024-10-24 04:00:00+00:00,3.130548808307582,4,positive,2024-10-28 04:00:00+00:00,-1.7336661189051452,2.0
LRCX,2025-01-27 05:00:00+00:00,-3.112117340399327,3,negative,2025-01-29 05:00:00+00:00,0.6183720116808727,2.0
LRCX,2025-09-11 04:00:00+00:00,3.474971892559531,7,positive,2025-09-24 04:00:00+00:00,-2.1090221193723577,9.0
LRCX,2025-10-01 04:00:00+00:00,2.894604035639283,3,positive,2025-10-03 04:00:00+00:00,-1.3984745914767118,2.0
LRCX,2026-03-03 05:00:00+00:00,-2.137937483145016,4,negative,2026-03-04 05:00:00+00:00,0.905079360079962,1.0
LRCX,2026-04-08 04:00:00+00:00,2.836971935230376,3,positive,2026-04-15 04:00:00+00:00,-1.4544940530305215,5.0
LULU,2024-11-06 05:00:00+00:00,-2.5599904540082736,3,negative,2024-11-11 05:00:00+00:00,1.3600879583257068,3.0
LULU,2025-01-24 05:00:00+00:00,2.4041733533531655,3,positive,2025-01-31 05:00:00+00:00,-0.9492072745325056,5.0
LULU,2025-02-14 05:00:00+00:00,-3.7872941615881572,8,negative,2025-02-18 05:00:00+00:00,0.9764230089010013,1.0
LULU,2025-03-11 04:00:00+00:00,-2.4826947103623103,3,negative,2025-03-17 04:00:00+00:00,3.002068290747127,4.0
LULU,2025-07-01 04:00:00+00:00,2.252933466148338,3,positive,2025-07-03 04:00:00+00:00,0.31912127842019145,2.0
LULU,2025-09-18 04:00:00+00:00,2.3597405123664137,3,positive,2025-09-19 04:00:00+00:00,-0.13542293336557845,1.0
LULU,2025-09-24 04:00:00+00:00,2.216818065331814,3,positive,2025-09-25 04:00:00+00:00,-1.989168275473671,1.0
LULU,2025-10-21 04:00:00+00:00,4.31917875850831,3,positive,2025-10-22 04:00:00+00:00,-0.6718688297973606,1.0
LULU,2026-04-01 04:00:00+00:00,2.465306710999011,3,positive,2026-04-02 04:00:00+00:00,-0.9931960684841415,1.0
LULU,2026-06-22 04:00:00+00:00,-3.491433474309999,6,negative,2026-06-23 04:00:00+00:00,2.626616445358146,1.0
MA,2025-01-06 05:00:00+00:00,-3.6830284024280413,3,negative,2025-01-07 05:00:00+00:00,1.19468205602294,1.0
MA,2025-01-27 05:00:00+00:00,4.217194756250048,3,positive,2025-01-28 05:00:00+00:00,-0.8731429338599896,1.0
MA,2025-03-27 04:00:00+00:00,2.0689427488200094,3,positive,2025-03-28 04:00:00+00:00,-1.1343004835488277,1.0
MA,2025-08-07 04:00:00+00:00,-2.005383279843358,3,negative,2025-08-08 04:00:00+00:00,2.8086575001177057,1.0
MA,2025-08-20 04:00:00+00:00,2.014612560917213,3,positive,2025-08-22 04:00:00+00:00,-0.7635304871943027,2.0
MA,2025-09-05 04:00:00+00:00,-2.1896585958853123,3,negative,2025-09-08 04:00:00+00:00,0.3989818827378039,1.0
MA,2025-09-17 04:00:00+00:00,3.5916249124189705,3,positive,2025-09-18 04:00:00+00:00,-2.989673065402854,1.0
MA,2026-01-13 05:00:00+00:00,-7.294343983198806,3,negative,2026-01-14 05:00:00+00:00,1.5820956088438451,1.0
MA,2026-04-29 04:00:00+00:00,4.421800981177574,3,positive,2026-04-30 04:00:00+00:00,-5.171756656887353,1.0
MAR,2024-09-18 04:00:00+00:00,2.1835445303364067,3,positive,2024-09-23 04:00:00+00:00,-2.503575450947553,3.0
MAR,2025-06-13 04:00:00+00:00,-2.3136295699466096,3,negative,2025-06-16 04:00:00+00:00,0.327208134910146,1.0
MAR,2025-11-05 05:00:00+00:00,2.5389502858594923,3,positive,2025-11-10 05:00:00+00:00,-0.8816699566255908,3.0
MAR,2025-11-21 05:00:00+00:00,2.6569693952073252,4,positive,2025-11-24 05:00:00+00:00,-1.1785123014335492,1.0
MAR,2026-06-05 04:00:00+00:00,3.7186128286074687,3,positive,2026-06-08 04:00:00+00:00,-0.516123741036702,1.0
MCD,2024-12-24 05:00:00+00:00,-2.6477947718313577,4,negative,2024-12-26 05:00:00+00:00,0.7981881538257591,1.0
MCD,2025-01-27 05:00:00+00:00,4.515030169583131,3,positive,2025-01-28 05:00:00+00:00,-1.1862462374334797,1.0
MCD,2025-02-10 05:00:00+00:00,4.034085678656083,3,positive,2025-02-12 05:00:00+00:00,-0.33291081924706584,2.0
MCD,2025-06-25 04:00:00+00:00,-2.697272416267996,7,negative,2025-06-27 04:00:00+00:00,2.8214743644425058,2.0
MCD,2025-09-10 04:00:00+00:00,-2.5068497527024776,6,negative,2025-09-16 04:00:00+00:00,1.010544919744221,4.0
MCHP,2024-10-29 04:00:00+00:00,3.58865300286521,6,positive,2024-10-30 04:00:00+00:00,-7.782315420603505,1.0
MCHP,2024-11-06 05:00:00+00:00,-6.1048202445804955,3,negative,2024-11-18 05:00:00+00:00,2.444179292273858,8.0
MCHP,2025-02-19 05:00:00+00:00,4.390529697213281,3,positive,2025-02-21 05:00:00+00:00,-1.1628010373729942,2.0
MCHP,2025-03-20 04:00:00+00:00,-2.391557945738428,3,negative,2025-03-21 04:00:00+00:00,0.7610768583500528,1.0
MCHP,2025-05-09 04:00:00+00:00,6.875417862106194,3,positive,2025-05-14 04:00:00+00:00,-1.8091415993186926,3.0
MCHP,2025-09-15 04:00:00+00:00,-2.235618756760552,6,negative,2025-09-16 04:00:00+00:00,2.308513462800907,1.0
MCHP,2025-12-02 05:00:00+00:00,2.5635298976669683,7,positive,2025-12-09 05:00:00+00:00,-0.45757311266644174,5.0
MCHP,2026-01-06 05:00:00+00:00,6.789520899178842,3,positive,2026-01-07 05:00:00+00:00,-0.5796921759429398,1.0
MCHP,2026-04-23 04:00:00+00:00,7.175040841993353,6,positive,2026-04-24 04:00:00+00:00,-1.5992833231108379,1.0
MCK,2024-09-19 04:00:00+00:00,-2.670281345767467,4,negative,2024-09-20 04:00:00+00:00,0.466945211255773,1.0
MCK,2024-11-01 04:00:00+00:00,5.553750280291421,3,positive,2024-11-05 05:00:00+00:00,-1.6924485393256343,2.0
MCK,2024-12-04 05:00:00+00:00,-2.293020494696065,4,negative,2024-12-12 05:00:00+00:00,1.0976541532454456,6.0
MCK,2025-02-25 05:00:00+00:00,4.506516691345953,6,positive,2025-02-26 05:00:00+00:00,-0.9749714457241375,1.0
MCK,2025-03-03 05:00:00+00:00,2.1667925719668513,3,positive,2025-03-05 05:00:00+00:00,-2.7104520674134545,2.0
MCK,2025-04-24 04:00:00+00:00,-2.1891949563234347,3,negative,2025-04-25 04:00:00+00:00,0.07153372941813137,1.0
MCK,2026-01-22 05:00:00+00:00,-2.179068940261534,4,negative,2026-01-23 05:00:00+00:00,0.8690430136507287,1.0
MCK,2026-05-06 04:00:00+00:00,-8.380337402943155,6,negative,2026-05-07 04:00:00+00:00,3.107596783373703,1.0
MCK,2026-06-05 04:00:00+00:00,2.390620452389008,4,positive,2026-06-08 04:00:00+00:00,-0.7025816072334677,1.0
MDLZ,2024-09-04 04:00:00+00:00,4.9865527219713055,3,positive,2024-09-09 04:00:00+00:00,-0.9078876755066079,3.0
MDLZ,2024-09-11 04:00:00+00:00,-2.311601917059976,3,negative,2024-09-13 04:00:00+00:00,0.6053607154881052,2.0
MDLZ,2025-01-06 05:00:00+00:00,-2.6299838835034475,3,negative,2025-01-07 05:00:00+00:00,1.046127500797276,1.0
MDLZ,2025-02-21 05:00:00+00:00,3.300466691124503,4,positive,2025-02-26 05:00:00+00:00,-3.0488030874730994,3.0
MDLZ,2025-04-09 04:00:00+00:00,-2.8848918383823485,3,negative,2025-04-10 04:00:00+00:00,1.090908408455818,1.0
MDLZ,2025-05-12 04:00:00+00:00,-2.128627299179178,4,negative,2025-05-15 04:00:00+00:00,1.6867239502071218,3.0
MDLZ,2025-06-25 04:00:00+00:00,-2.1349896675880258,3,negative,2025-07-01 04:00:00+00:00,4.126308886936783,4.0
MDLZ,2026-01-06 05:00:00+00:00,-2.0314447331391787,5,negative,2026-01-08 05:00:00+00:00,4.539238065012588,2.0
MDLZ,2026-04-13 04:00:00+00:00,-2.857252450045315,5,negative,2026-04-16 04:00:00+00:00,0.46516818192709325,3.0
MDLZ,2026-06-15 04:00:00+00:00,-2.512156953912869,3,negative,2026-06-16 04:00:00+00:00,1.1917193483291857,1.0
MDT,2024-11-06 05:00:00+00:00,-2.030954883265619,3,negative,2024-11-11 05:00:00+00:00,0.7220011155869523,3.0
MDT,2025-01-27 05:00:00+00:00,2.338895479139113,3,positive,2025-01-28 05:00:00+00:00,-1.2374521810568193,1.0
MDT,2025-02-21 05:00:00+00:00,4.942865920040009,3,positive,2025-02-28 05:00:00+00:00,-0.6758314380258615,5.0
MDT,2025-05-22 04:00:00+00:00,-5.046068195961395,3,negative,2025-05-23 04:00:00+00:00,0.9938423780084157,1.0
MDT,2025-06-05 04:00:00+00:00,2.445097463884066,7,positive,2025-06-06 04:00:00+00:00,-0.6305640457769325,1.0
MDT,2026-01-30 05:00:00+00:00,2.4736522777768983,3,positive,2026-02-02 05:00:00+00:00,-0.6531374944273631,1.0
MDT,2026-03-27 04:00:00+00:00,3.059389138073769,3,positive,2026-03-30 04:00:00+00:00,-1.2493127023217465,1.0
MDT,2026-04-29 04:00:00+00:00,-2.230126901637713,4,negative,2026-04-30 04:00:00+00:00,1.7484992047226349,1.0
META,2024-09-19 04:00:00+00:00,2.073502748836446,4,positive,2024-09-24 04:00:00+00:00,-0.8780598299571345,3.0
META,2024-12-03 05:00:00+00:00,2.64226832398357,3,positive,2024-12-04 05:00:00+00:00,-0.3748369163124318,1.0
META,2024-12-20 05:00:00+00:00,-2.3205045416260974,4,negative,2024-12-23 05:00:00+00:00,0.3733778163404516,1.0
META,2025-01-27 05:00:00+00:00,2.6337737178651306,4,positive,2025-02-05 05:00:00+00:00,-0.5805461750428565,7.0
META,2025-04-09 04:00:00+00:00,3.1751193317268633,4,positive,2025-04-10 04:00:00+00:00,-1.879114875288697,1.0
META,2025-09-16 04:00:00+00:00,2.1516694415949305,3,positive,2025-09-17 04:00:00+00:00,-0.5004911675490195,1.0
META,2025-10-09 04:00:00+00:00,2.032585592496046,4,positive,2025-10-10 04:00:00+00:00,-0.6178717937358319,1.0
META,2025-10-30 04:00:00+00:00,-18.785875719263796,3,negative,2025-11-05 05:00:00+00:00,1.3166334438026879,4.0
META,2026-03-26 04:00:00+00:00,-5.427360923893871,3,negative,2026-03-30 04:00:00+00:00,2.197196345933121,2.0
META,2026-04-30 04:00:00+00:00,-9.075149109332958,3,negative,2026-05-04 04:00:00+00:00,0.32394586346324405,2.0
META,2026-06-01 04:00:00+00:00,-4.542023956213562,3,negative,2026-06-03 04:00:00+00:00,6.812899350434053,2.0
MO,2024-09-11 04:00:00+00:00,-3.4622168209149233,3,negative,2024-09-13 04:00:00+00:00,-0.19781317332862633,2.0
MO,2024-11-07 05:00:00+00:00,-2.1584685492717317,3,negative,2024-11-08 05:00:00+00:00,0.6979526101828282,1.0
MO,2025-01-27 05:00:00+00:00,5.917161670930378,3,positive,2025-01-28 05:00:00+00:00,-3.8705352820633565,1.0
MO,2025-05-12 04:00:00+00:00,-4.0575622023031634,3,negative,2025-05-15 04:00:00+00:00,1.849800593456742,3.0
MO,2025-10-30 04:00:00+00:00,-2.858036545024076,6,negative,2025-11-03 05:00:00+00:00,0.6074082572979733,2.0
MO,2026-01-06 05:00:00+00:00,-4.2534707902107805,3,negative,2026-01-08 05:00:00+00:00,2.2461881097198075,2.0
MO,2026-03-26 04:00:00+00:00,2.071257941432058,3,positive,2026-03-31 04:00:00+00:00,-2.417245836808055,3.0
MO,2026-04-30 04:00:00+00:00,3.5598750706489395,3,positive,2026-05-04 04:00:00+00:00,-0.5747109444600268,2.0
MO,2026-05-06 04:00:00+00:00,-2.3144185996024453,3,negative,2026-05-11 04:00:00+00:00,0.5612006612527425,3.0
MO,2026-06-05 04:00:00+00:00,2.2787085248011114,4,positive,2026-06-08 04:00:00+00:00,-0.9230019742342611,1.0
MRK,2025-04-09 04:00:00+00:00,-2.3428170482910975,3,negative,2025-04-11 04:00:00+00:00,0.21611429775921892,2.0
MRK,2025-07-31 04:00:00+00:00,-2.7572302189552453,4,negative,2025-08-01 04:00:00+00:00,1.8995883621793759,1.0
MRK,2025-11-06 05:00:00+00:00,2.1678098187714543,3,positive,2025-11-10 05:00:00+00:00,-0.8279769344155672,2.0
MRK,2025-11-18 05:00:00+00:00,2.753434992099133,6,positive,2025-11-19 05:00:00+00:00,-1.3159389378157351,1.0
MRK,2026-01-08 05:00:00+00:00,2.202340607524,6,positive,2026-01-09 05:00:00+00:00,-1.773040544222728,1.0
MRK,2026-03-27 04:00:00+00:00,2.12176336883782,9,positive,2026-03-30 04:00:00+00:00,-1.1683734110918935,1.0
MRSH,2024-09-19 04:00:00+00:00,-2.1164484420171,3,negative,2024-09-23 04:00:00+00:00,0.21494536677792042,2.0
MRSH,2024-12-09 05:00:00+00:00,-2.323853679693242,7,negative,2024-12-12 05:00:00+00:00,1.205056714948202,3.0
MRSH,2025-06-09 04:00:00+00:00,-2.641299018844112,6,negative,2025-06-12 04:00:00+00:00,0.6792911184246936,3.0
MRSH,2026-02-26 05:00:00+00:00,2.274115299677125,3,positive,2026-03-02 05:00:00+00:00,-0.6466736801694413,2.0
MRSH,2026-03-20 04:00:00+00:00,6.1181615426618885,3,positive,2026-03-23 04:00:00+00:00,-3.2398521242112452,1.0
MRVL,2024-12-09 05:00:00+00:00,-2.327579114827735,3,negative,2024-12-11 05:00:00+00:00,1.385694023813528,2.0
MRVL,2025-05-07 04:00:00+00:00,-3.735775563715427,3,negative,2025-05-08 04:00:00+00:00,0.9178528625393513,1.0
MRVL,2025-07-30 04:00:00+00:00,6.129833321165664,3,positive,2025-07-31 04:00:00+00:00,-1.4837159114918612,1.0
MRVL,2025-08-28 04:00:00+00:00,2.1586664352474965,6,positive,2025-08-29 04:00:00+00:00,-15.600288274153833,1.0
MRVL,2025-12-03 05:00:00+00:00,2.1830045573417163,5,positive,2025-12-04 05:00:00+00:00,-0.6217125786645187,1.0
MRVL,2026-04-10 04:00:00+00:00,2.033237054587108,3,positive,2026-04-15 04:00:00+00:00,-0.6922768777993323,3.0
MRVL,2026-06-02 04:00:00+00:00,6.598297125686953,4,positive,2026-06-05 04:00:00+00:00,-4.177652401060765,3.0
MS,2024-10-04 04:00:00+00:00,3.7324610327064955,4,positive,2024-10-08 04:00:00+00:00,-1.6762001866110585,2.0
MS,2024-10-16 04:00:00+00:00,5.180654602998833,4,positive,2024-10-17 04:00:00+00:00,-0.5239272525586313,1.0
MS,2024-11-26 05:00:00+00:00,-2.179764158392965,3,negative,2024-11-27 05:00:00+00:00,0.19100106041271822,1.0
MS,2024-12-24 05:00:00+00:00,2.16244755946747,3,positive,2025-01-02 05:00:00+00:00,-0.6559035405141519,5.0
MS,2025-01-15 05:00:00+00:00,2.9321618226336916,3,positive,2025-01-21 05:00:00+00:00,-1.7707835077941245,3.0
MS,2025-02-04 05:00:00+00:00,-2.120310773269161,3,negative,2025-02-05 05:00:00+00:00,1.0801404825620313,1.0
MS,2025-03-10 04:00:00+00:00,-2.190625368172869,3,negative,2025-03-11 04:00:00+00:00,0.8373026484518278,1.0
MS,2025-06-18 04:00:00+00:00,3.664683333652577,3,positive,2025-06-23 04:00:00+00:00,-0.002700793245385898,2.0
MS,2025-08-12 04:00:00+00:00,2.6838559403415534,3,positive,2025-08-13 04:00:00+00:00,-0.11472520321414163,1.0
MS,2025-10-15 04:00:00+00:00,4.691379857596603,3,positive,2025-10-16 04:00:00+00:00,-0.9250164078340978,1.0
MS,2026-01-23 05:00:00+00:00,-2.614613104417551,5,negative,2026-01-26 05:00:00+00:00,1.6365522787072297,1.0
MS,2026-02-12 05:00:00+00:00,-2.6512729291049704,3,negative,2026-02-13 05:00:00+00:00,1.9759762569455275,1.0
MS,2026-02-23 05:00:00+00:00,-2.6525474611107547,3,negative,2026-02-24 05:00:00+00:00,0.37074265357227304,1.0
MS,2026-06-17 04:00:00+00:00,2.31845401937589,5,positive,2026-06-18 04:00:00+00:00,-1.5629541931471573,1.0
MSFT,2024-09-24 04:00:00+00:00,-3.7098351995972427,3,negative,2024-09-25 04:00:00+00:00,1.8951074861746484,1.0
MSFT,2025-02-20 05:00:00+00:00,2.9191330623843146,3,positive,2025-02-21 05:00:00+00:00,0.21331568917330015,1.0
MSFT,2025-05-01 04:00:00+00:00,9.10833017030962,3,positive,2025-05-07 04:00:00+00:00,-0.7843470006775926,4.0
MSFT,2025-07-31 04:00:00+00:00,5.562960227976357,3,positive,2025-08-01 04:00:00+00:00,-0.3081377991031087,1.0
MSFT,2025-09-05 04:00:00+00:00,-2.5754525463908213,3,negative,2025-09-08 04:00:00+00:00,0.8578393904058755,1.0
MSFT,2025-11-14 05:00:00+00:00,2.102248269067434,5,positive,2025-11-18 05:00:00+00:00,-2.719824280169261,2.0
MSFT,2025-12-08 05:00:00+00:00,2.03781033021777,3,positive,2025-12-10 05:00:00+00:00,-3.4337736586816616,2.0
MSFT,2026-03-24 04:00:00+00:00,-2.4992001777744055,6,negative,2026-03-26 04:00:00+00:00,0.9456490387300522,2.0
MSFT,2026-04-08 04:00:00+00:00,-2.0961864869498337,3,negative,2026-04-13 04:00:00+00:00,4.537928770218654,3.0
MSFT,2026-04-15 04:00:00+00:00,5.965996419415491,3,positive,2026-04-17 04:00:00+00:00,-0.17256219431450714,2.0
MSFT,2026-06-01 04:00:00+00:00,2.4851379543526027,3,positive,2026-06-02 04:00:00+00:00,-3.9058206774344586,1.0
MSFT,2026-07-30 04:00:00+00:00,5.991648759509921,4,positive,,,
MSTR,2024-11-18 05:00:00+00:00,2.082668935493726,3,positive,2024-11-21 05:00:00+00:00,-2.5788707355293328,3.0
MSTR,2025-02-25 05:00:00+00:00,-2.06523040001332,3,negative,2025-02-26 05:00:00+00:00,1.396081201320734,1.0
MSTR,2025-03-04 05:00:00+00:00,2.168257414608899,3,positive,2025-03-07 05:00:00+00:00,-0.9031676322373757,3.0
MSTR,2025-03-28 04:00:00+00:00,-2.140472242272614,3,negative,2025-04-01 04:00:00+00:00,1.282785804009636,2.0
MSTR,2025-05-23 04:00:00+00:00,-3.257776629489596,3,negative,2025-05-29 04:00:00+00:00,0.6891780175026003,3.0
MSTR,2025-09-25 04:00:00+00:00,-6.149975472282413,5,negative,2025-09-26 04:00:00+00:00,2.3891660283664504,1.0
MSTR,2026-02-05 05:00:00+00:00,-2.484975085875283,4,negative,2026-02-06 05:00:00+00:00,4.753509465711906,1.0
MSTR,2026-04-17 04:00:00+00:00,2.971713614805473,5,positive,2026-04-21 04:00:00+00:00,-0.8367523811679488,2.0
MU,2024-09-26 04:00:00+00:00,5.721124729902192,6,positive,2024-09-27 04:00:00+00:00,-0.8926515923141464,1.0
MU,2025-01-06 05:00:00+00:00,2.8254697249390395,3,positive,2025-01-08 05:00:00+00:00,-0.6768108833702824,2.0
MU,2025-01-27 05:00:00+00:00,-3.201531791274735,4,negative,2025-01-29 05:00:00+00:00,0.23359323101069185,2.0
MU,2025-02-18 05:00:00+00:00,2.0719970481729453,3,positive,2025-02-19 05:00:00+00:00,-0.6206525737643006,1.0
MU,2025-04-04 04:00:00+00:00,-2.090428038727358,3,negative,2025-04-07 04:00:00+00:00,2.1640161616452924,1.0
MU,2025-09-11 04:00:00+00:00,2.8620036347332194,3,positive,2025-09-15 04:00:00+00:00,-0.14259389366225284,2.0
MU,2025-10-01 04:00:00+00:00,2.2144913003578695,3,positive,2025-10-07 04:00:00+00:00,-1.3400341409131673,4.0
MU,2025-11-20 05:00:00+00:00,-3.1363970195374833,4,negative,2025-11-21 05:00:00+00:00,0.7447883368279424,1.0
MU,2026-05-05 04:00:00+00:00,2.048645917300394,3,positive,2026-05-07 04:00:00+00:00,-1.036546736243155,2.0
MU,2026-07-21 04:00:00+00:00,2.0788902574428105,3,positive,2026-07-22 04:00:00+00:00,-0.15055270355518285,1.0
NBIS,2025-01-02 05:00:00+00:00,2.2717060386732832,3,positive,2025-01-06 05:00:00+00:00,0.02263185937214731,2.0
NBIS,2025-05-12 04:00:00+00:00,3.31451821191219,5,positive,2025-05-15 04:00:00+00:00,-0.8625838626107156,3.0
NBIS,2025-06-05 04:00:00+00:00,4.485123544018248,3,positive,2025-06-10 04:00:00+00:00,-0.6458346280180248,3.0
NBIS,2026-03-11 04:00:00+00:00,2.8943748538111347,3,positive,2026-03-12 04:00:00+00:00,-0.7259796752675023,1.0
NBIS,2026-07-21 04:00:00+00:00,2.9655305313418987,3,positive,2026-07-24 04:00:00+00:00,-1.9258580411492814,3.0
NEE,2024-10-07 04:00:00+00:00,-2.6976526217410077,3,negative,2024-10-10 04:00:00+00:00,0.6494567036604595,3.0
NEE,2025-01-16 05:00:00+00:00,3.211315572487271,3,positive,2025-01-17 05:00:00+00:00,-1.6957097505152399,1.0
NEE,2025-01-22 05:00:00+00:00,-3.5425080160626368,3,negative,2025-01-23 05:00:00+00:00,0.44440237387045456,1.0
NEE,2025-01-27 05:00:00+00:00,2.234011356762314,3,positive,2025-01-28 05:00:00+00:00,-4.308528760161892,1.0
NEE,2025-02-21 05:00:00+00:00,2.0927960072009117,4,positive,2025-02-24 05:00:00+00:00,-0.5174433083906905,1.0
NEE,2025-03-10 04:00:00+00:00,4.063956989187921,3,positive,2025-03-11 04:00:00+00:00,-1.370469518400221,1.0
NEE,2025-05-09 04:00:00+00:00,2.2937928775718865,4,positive,2025-05-12 04:00:00+00:00,-3.2838078885250632,1.0
NEE,2025-12-08 05:00:00+00:00,-3.376699106970868,3,negative,2025-12-10 05:00:00+00:00,2.298684611417599,2.0
NEE,2025-12-19 05:00:00+00:00,-4.004626226602859,4,negative,2025-12-24 05:00:00+00:00,1.0269123767977943,3.0
NEE,2026-01-07 05:00:00+00:00,-4.320739484172101,3,negative,2026-01-08 05:00:00+00:00,2.4100058556108066,1.0
NEE,2026-01-16 05:00:00+00:00,2.795638877620201,5,positive,2026-01-21 05:00:00+00:00,-1.4159832439978945,2.0
NEE,2026-06-01 04:00:00+00:00,-2.2078605656022603,3,negative,2026-06-02 04:00:00+00:00,2.2633872256043657,1.0
NEM,2024-11-19 05:00:00+00:00,2.3385519376594677,3,positive,2024-11-20 05:00:00+00:00,0.31809868517556256,1.0
NEM,2024-12-18 05:00:00+00:00,-2.3200605159281467,5,negative,2024-12-20 05:00:00+00:00,2.941345250350566,2.0
NEM,2025-10-16 04:00:00+00:00,2.7141537369853626,5,positive,2025-10-17 04:00:00+00:00,-5.74659970174622,1.0
NET,2024-10-04 04:00:00+00:00,3.513452230262413,3,positive,2024-10-07 04:00:00+00:00,-1.400740974700565,1.0
NET,2024-10-10 04:00:00+00:00,4.165825847447292,3,positive,2024-10-14 04:00:00+00:00,-0.033955369304104296,2.0
NET,2025-01-28 05:00:00+00:00,5.906704878265719,10,positive,2025-01-29 05:00:00+00:00,-1.7987323606836432,1.0
NET,2025-02-19 05:00:00+00:00,-2.637901984450065,3,negative,2025-02-26 05:00:00+00:00,0.636654015139274,5.0
NET,2025-07-18 04:00:00+00:00,2.322567043102563,6,positive,2025-07-22 04:00:00+00:00,-3.5620271817651954,2.0
NET,2025-07-31 04:00:00+00:00,2.984097857968372,6,positive,2025-08-01 04:00:00+00:00,-2.1727388607543934,1.0
NET,2026-01-26 05:00:00+00:00,5.826356423478327,3,positive,2026-01-28 05:00:00+00:00,-4.363317124189525,2.0
NET,2026-04-10 04:00:00+00:00,-3.196731125168373,3,negative,2026-04-13 04:00:00+00:00,2.5184516275598665,1.0
NET,2026-06-01 04:00:00+00:00,3.617190548298462,3,positive,2026-06-03 04:00:00+00:00,-0.8448403470975243,2.0
NET,2026-06-10 04:00:00+00:00,-2.0153246594086554,4,negative,2026-06-11 04:00:00+00:00,0.37462114116742357,1.0
NFLX,2025-01-03 05:00:00+00:00,-2.216770317037897,3,negative,2025-01-07 05:00:00+00:00,2.025784383694636,2.0
NFLX,2025-01-22 05:00:00+00:00,9.240943783648614,3,positive,2025-01-24 05:00:00+00:00,-0.055119297368921294,2.0
NFLX,2025-05-12 04:00:00+00:00,-4.559857270468269,3,negative,2025-05-13 04:00:00+00:00,0.7115943835938499,1.0
NFLX,2026-02-27 05:00:00+00:00,5.950773930219918,4,positive,2026-03-09 04:00:00+00:00,-1.836747315095104,6.0
NFLX,2026-05-05 04:00:00+00:00,-2.138119106830644,3,negative,2026-05-07 04:00:00+00:00,0.6388125703140481,2.0
NFLX,2026-06-22 04:00:00+00:00,-4.628566189080439,7,negative,2026-06-23 04:00:00+00:00,1.5898100673876983,1.0
NKE,2024-10-30 04:00:00+00:00,-2.123296540826668,10,negative,2024-10-31 04:00:00+00:00,4.921174529007121,1.0
NKE,2024-11-06 05:00:00+00:00,-7.089574007910215,3,negative,2024-11-07 05:00:00+00:00,0.7043010309112908,1.0
NKE,2025-02-06 05:00:00+00:00,-2.0615782407981094,3,negative,2025-02-10 05:00:00+00:00,1.3233125613659105,2.0
NKE,2025-03-14 04:00:00+00:00,-2.104056113390179,5,negative,2025-03-17 04:00:00+00:00,1.1715278160786768,1.0
NKE,2025-03-21 04:00:00+00:00,-3.135562204801731,3,negative,2025-03-27 04:00:00+00:00,0.4211767683562676,4.0
NKE,2025-09-02 04:00:00+00:00,-2.02129441390285,5,negative,2025-09-03 04:00:00+00:00,0.07120095867062072,1.0
NKE,2025-09-19 04:00:00+00:00,-2.072643967649618,7,negative,2025-09-22 04:00:00+00:00,0.7792742775960554,1.0
NKE,2025-10-07 04:00:00+00:00,-2.222449498357981,3,negative,2025-10-13 04:00:00+00:00,1.890518589999128,4.0
NKE,2025-11-13 05:00:00+00:00,2.287492087672787,3,positive,2025-11-14 05:00:00+00:00,-0.9684360396011124,1.0
NKE,2025-12-19 05:00:00+00:00,-8.896475925738711,4,negative,2025-12-24 05:00:00+00:00,3.676920675848259,3.0
NKE,2025-12-31 05:00:00+00:00,3.9445814330622713,5,positive,2026-01-02 05:00:00+00:00,-0.721530231292052,1.0
NKE,2026-01-27 05:00:00+00:00,-2.5256422210849334,4,negative,2026-01-29 05:00:00+00:00,0.6894506071059531,2.0
NKE,2026-02-09 05:00:00+00:00,-2.6472924253714694,3,negative,2026-02-10 05:00:00+00:00,1.6240837479372965,1.0
NKE,2026-04-07 04:00:00+00:00,-2.1418021832036365,4,negative,2026-04-09 04:00:00+00:00,1.6929431724353206,2.0
NKE,2026-05-20 04:00:00+00:00,2.378242403378793,4,positive,2026-05-26 04:00:00+00:00,-0.036196489479086234,3.0
NKE,2026-06-02 04:00:00+00:00,-2.7234057430815835,3,negative,2026-06-03 04:00:00+00:00,0.39589375369697377,1.0
NKE,2026-06-09 04:00:00+00:00,2.4968509130951984,3,positive,2026-06-12 04:00:00+00:00,-2.1429419634034454,3.0
NOW,2024-09-09 04:00:00+00:00,4.8643064535350105,4,positive,2024-09-10 04:00:00+00:00,0.062122474292757836,1.0
NOW,2024-09-25 04:00:00+00:00,-2.6630679485752107,3,negative,2024-09-30 04:00:00+00:00,0.5276174954716358,3.0
NOW,2025-01-21 05:00:00+00:00,2.256478917136245,5,positive,2025-01-24 05:00:00+00:00,-0.32153692987581867,3.0
NOW,2025-03-10 04:00:00+00:00,-4.367514192891486,3,negative,2025-03-11 04:00:00+00:00,4.3221958279159045,1.0
NOW,2025-04-09 04:00:00+00:00,2.5722310781879023,3,positive,2025-04-10 04:00:00+00:00,-1.1307203573227407,1.0
NOW,2025-07-10 04:00:00+00:00,-4.021652414716713,4,negative,2025-07-14 04:00:00+00:00,1.8346473692125729,2.0
NOW,2025-10-21 04:00:00+00:00,2.7892007660079665,3,positive,2025-10-22 04:00:00+00:00,0.04979778757300778,1.0
NOW,2026-01-29 05:00:00+00:00,-3.176642905726755,3,negative,2026-01-30 05:00:00+00:00,0.6667670304594027,1.0
NOW,2026-03-24 04:00:00+00:00,-2.9536715261366715,5,negative,2026-03-26 04:00:00+00:00,1.1578409085867973,2.0
NOW,2026-04-08 04:00:00+00:00,-2.8675372901787495,6,negative,2026-04-13 04:00:00+00:00,3.902264014265476,3.0
NOW,2026-05-18 04:00:00+00:00,2.1252246409650435,3,positive,2026-05-19 04:00:00+00:00,-0.252470198719283,1.0
NOW,2026-05-29 04:00:00+00:00,2.616095591812177,3,positive,2026-06-02 04:00:00+00:00,-1.2876384256098954,2.0
NU,2024-10-14 04:00:00+00:00,3.5159663406561443,3,positive,2024-10-15 04:00:00+00:00,-1.255323085783305,1.0
NU,2024-11-14 05:00:00+00:00,-2.0254446597482723,3,negative,2024-11-21 05:00:00+00:00,0.2202098354419622,5.0
NU,2024-11-29 05:00:00+00:00,-3.0776692645626182,3,negative,2024-12-04 05:00:00+00:00,1.572999678916447,3.0
NU,2025-02-21 05:00:00+00:00,-12.401789810550994,8,negative,2025-02-24 05:00:00+00:00,1.7094664119830336,1.0
NU,2025-03-14 04:00:00+00:00,2.701501425480139,4,positive,2025-03-18 04:00:00+00:00,-0.614929667555593,2.0
NU,2026-01-22 05:00:00+00:00,2.8052400376383733,4,positive,2026-01-30 05:00:00+00:00,-2.805998303903308,6.0
NU,2026-03-23 04:00:00+00:00,2.5678596400519185,3,positive,2026-03-24 04:00:00+00:00,-1.5353597910858303,1.0
NU,2026-05-21 04:00:00+00:00,2.0465639230640607,4,positive,2026-05-22 04:00:00+00:00,-1.4686859992284926,1.0
NVDA,2025-01-27 05:00:00+00:00,-5.769427345907943,3,negative,2025-01-28 05:00:00+00:00,2.9835322863234763,1.0
NVDA,2025-04-09 04:00:00+00:00,4.3133892779208525,3,positive,2025-04-10 04:00:00+00:00,-0.7010558712116298,1.0
NVDA,2025-05-29 04:00:00+00:00,2.0707235451634096,3,positive,2025-05-30 04:00:00+00:00,-3.0679449673496215,1.0
NVDA,2025-07-22 04:00:00+00:00,-2.64925273582056,3,negative,2025-07-23 04:00:00+00:00,0.8617168013906694,1.0
NVDA,2025-08-25 04:00:00+00:00,2.1744164386530405,4,positive,2025-08-27 04:00:00+00:00,-0.4529450720056375,2.0
NVDA,2025-08-29 04:00:00+00:00,-3.235771990160511,3,negative,2025-09-08 04:00:00+00:00,0.8035731327218748,5.0
NVDA,2025-09-10 04:00:00+00:00,2.8284665111993945,3,positive,2025-09-11 04:00:00+00:00,-0.7324015693637219,1.0
NVDA,2025-10-28 04:00:00+00:00,2.5056750337328793,5,positive,2025-10-30 04:00:00+00:00,-0.5384438067573454,2.0
NVDA,2026-04-30 04:00:00+00:00,-5.303286511211706,3,negative,2026-05-04 04:00:00+00:00,0.1327914472196632,2.0
NVDA,2026-07-27 04:00:00+00:00,-2.5176447502988846,3,negative,2026-07-30 04:00:00+00:00,0.57325900846445,3.0
NVO,2024-09-17 04:00:00+00:00,-2.9645624602193603,3,negative,2024-09-18 04:00:00+00:00,0.513490832494217,1.0
NVO,2024-11-06 05:00:00+00:00,-7.090514996240611,4,negative,2024-11-07 05:00:00+00:00,2.1380972121384434,1.0
NVO,2025-02-21 05:00:00+00:00,3.5663767720567887,4,positive,2025-02-26 05:00:00+00:00,-0.7265470239532543,3.0
NVO,2025-03-10 04:00:00+00:00,-3.4217892455948404,3,negative,2025-03-13 04:00:00+00:00,1.1501307430807692,3.0
NVO,2025-04-17 04:00:00+00:00,-3.554611802565601,3,negative,2025-04-21 04:00:00+00:00,1.5561133070868172,1.0
NVO,2025-06-23 04:00:00+00:00,-3.5443017239699874,6,negative,2025-06-24 04:00:00+00:00,-0.16102194907951567,1.0
NVO,2025-07-23 04:00:00+00:00,2.36089134182152,3,positive,2025-07-28 04:00:00+00:00,-2.7039405647173673,3.0
NVO,2025-07-30 04:00:00+00:00,-3.032262278453374,3,negative,2025-08-01 04:00:00+00:00,1.5837395904719274,2.0
NVO,2025-09-18 04:00:00+00:00,2.772256366683156,5,positive,2025-09-19 04:00:00+00:00,-0.6801192994470501,1.0
NVO,2025-09-25 04:00:00+00:00,-2.2332821606277213,5,negative,2025-10-01 04:00:00+00:00,5.782996847346619,4.0
NVO,2025-10-17 04:00:00+00:00,-3.808010444886024,7,negative,2025-10-20 04:00:00+00:00,2.115908284506587,1.0
NVO,2025-11-24 05:00:00+00:00,-6.051266410446463,3,negative,2025-11-25 05:00:00+00:00,4.0088696782120525,1.0
NVO,2026-01-05 05:00:00+00:00,2.701077169941341,3,positive,2026-01-13 05:00:00+00:00,-0.30948242339953425,6.0
NVO,2026-02-23 05:00:00+00:00,-4.823068802957112,5,negative,2026-03-02 05:00:00+00:00,0.5814956740762811,5.0
NVO,2026-06-02 04:00:00+00:00,-2.8305914595837556,3,negative,2026-06-04 04:00:00+00:00,2.515758243407771,2.0
NXPI,2025-02-19 05:00:00+00:00,3.113630886939943,3,positive,2025-02-21 05:00:00+00:00,-0.7865086727587316,2.0
NXPI,2025-06-04 04:00:00+00:00,2.7804821889051468,3,positive,2025-06-05 04:00:00+00:00,-0.6375786871252556,1.0
NXPI,2025-07-02 04:00:00+00:00,3.272257161866004,3,positive,2025-07-03 04:00:00+00:00,-0.09040494586945111,1.0
NXPI,2025-09-03 04:00:00+00:00,-2.0040185782525257,3,negative,2025-09-05 04:00:00+00:00,0.7007879991375391,2.0
NXPI,2025-12-01 05:00:00+00:00,2.5035193176884327,3,positive,2025-12-04 05:00:00+00:00,-0.1924929270403541,3.0
NXPI,2026-01-06 05:00:00+00:00,8.232646205917298,3,positive,2026-01-07 05:00:00+00:00,-1.428019522016997,1.0
NXPI,2026-02-11 05:00:00+00:00,2.6554089669829755,3,positive,2026-02-12 05:00:00+00:00,-0.3563738560345959,1.0
ON,2025-01-10 05:00:00+00:00,-3.38710091810114,3,negative,2025-01-13 05:00:00+00:00,2.322391782410903,1.0
ON,2025-02-27 05:00:00+00:00,-2.1707593391907647,5,negative,2025-03-04 05:00:00+00:00,0.13172197616617487,3.0
ON,2025-06-04 04:00:00+00:00,2.220350946516552,3,positive,2025-06-05 04:00:00+00:00,-0.4829264779536343,1.0
ON,2025-09-03 04:00:00+00:00,-3.222829174689648,4,negative,2025-09-05 04:00:00+00:00,5.501884952948405,2.0
ON,2025-09-18 04:00:00+00:00,3.6004985982437856,3,positive,2025-09-19 04:00:00+00:00,-0.9994959256805773,1.0
ON,2025-12-03 05:00:00+00:00,4.980135956254701,8,positive,2025-12-04 05:00:00+00:00,-2.7389908994308185,1.0
ON,2026-01-02 05:00:00+00:00,3.1272175280658314,3,positive,2026-01-08 05:00:00+00:00,-1.0969901737050693,4.0
ON,2026-03-24 04:00:00+00:00,2.01759139863323,3,positive,2026-03-26 04:00:00+00:00,-0.6731066363871968,2.0
ON,2026-04-08 04:00:00+00:00,2.4175047701901478,3,positive,2026-04-09 04:00:00+00:00,-0.5030315177045225,1.0
ON,2026-04-23 04:00:00+00:00,4.2038913332621535,6,positive,2026-04-24 04:00:00+00:00,-0.4987996625452288,1.0
ON,2026-04-28 04:00:00+00:00,-2.711094035112132,3,negative,2026-04-29 04:00:00+00:00,2.6473176321467724,1.0
ORCL,2024-11-07 05:00:00+00:00,2.5685193981402885,3,positive,2024-11-11 05:00:00+00:00,-0.21828689629110012,2.0
ORCL,2025-04-24 04:00:00+00:00,2.841480317035959,3,positive,2025-04-25 04:00:00+00:00,0.40843570877415075,1.0
ORCL,2025-09-10 04:00:00+00:00,19.677167270867475,4,positive,2025-09-11 04:00:00+00:00,-4.1144571134184655,1.0
ORCL,2025-10-30 04:00:00+00:00,-2.062904956982169,4,negative,2025-10-31 04:00:00+00:00,0.6816250702554739,1.0
ORCL,2026-04-09 04:00:00+00:00,-2.137362796102749,4,negative,2026-04-10 04:00:00+00:00,0.6191041023077963,1.0
ORCL,2026-06-01 04:00:00+00:00,3.211684975764653,3,positive,2026-06-02 04:00:00+00:00,-0.817868663990129,1.0
ORCL,2026-06-11 04:00:00+00:00,-2.9599451655713422,5,negative,2026-06-15 04:00:00+00:00,0.9203313895506409,2.0
ORLY,2024-10-29 04:00:00+00:00,-2.8630815088093065,4,negative,2024-10-31 04:00:00+00:00,1.7836718070028,2.0
ORLY,2025-03-27 04:00:00+00:00,2.822511479864077,4,positive,2025-04-01 04:00:00+00:00,-0.6314482710617292,3.0
ORLY,2025-04-24 04:00:00+00:00,-2.0337940186803376,3,negative,2025-04-28 04:00:00+00:00,0.9844102267349671,2.0
ORLY,2025-09-08 04:00:00+00:00,2.0491522740208374,6,positive,2025-09-10 04:00:00+00:00,-4.435533539251806,2.0
ORLY,2025-12-09 05:00:00+00:00,-2.3992511265605407,3,negative,2025-12-11 05:00:00+00:00,0.2609821325792712,2.0
ORLY,2026-01-21 05:00:00+00:00,2.2907439990085443,3,positive,2026-01-22 05:00:00+00:00,-0.32022259323987967,1.0
ORLY,2026-02-12 05:00:00+00:00,2.09949324404451,3,positive,2026-02-17 05:00:00+00:00,-3.544759374354235,2.0
ORLY,2026-04-30 04:00:00+00:00,8.98894415821978,3,positive,2026-05-01 04:00:00+00:00,-2.2613221926776355,1.0
ORLY,2026-06-05 04:00:00+00:00,2.7985900273621502,3,positive,2026-06-08 04:00:00+00:00,-0.642484066385257,1.0
PANW,2025-01-16 05:00:00+00:00,2.0790681523142993,3,positive,2025-01-17 05:00:00+00:00,-0.4880259979840543,1.0
PANW,2025-07-31 04:00:00+00:00,-4.002663562554113,3,negative,2025-08-01 04:00:00+00:00,0.5632209719143353,1.0
PANW,2025-11-20 05:00:00+00:00,-7.2634889979199855,4,negative,2025-11-25 05:00:00+00:00,0.783081765985132,3.0
PANW,2026-01-07 05:00:00+00:00,3.1877397811557144,3,positive,2026-01-08 05:00:00+00:00,-0.6690038859621152,1.0
PANW,2026-03-24 04:00:00+00:00,-2.7774435397840573,3,negative,2026-03-26 04:00:00+00:00,1.8671628518005678,2.0
PANW,2026-04-10 04:00:00+00:00,-2.544795175313984,3,negative,2026-04-13 04:00:00+00:00,1.2334907340105365,1.0
PANW,2026-06-29 04:00:00+00:00,2.5161344925760787,3,positive,2026-07-02 04:00:00+00:00,-0.5713484181349355,3.0
PDD,2024-09-24 04:00:00+00:00,4.63056906571233,7,positive,2024-09-30 04:00:00+00:00,-0.7620733867755215,4.0
PDD,2024-11-21 05:00:00+00:00,-3.5330597291544064,3,negative,2024-11-25 05:00:00+00:00,0.261418377304301,2.0
PDD,2024-12-09 05:00:00+00:00,8.677571285512492,3,positive,2024-12-10 05:00:00+00:00,-2.438655603935309,1.0
PDD,2025-03-05 05:00:00+00:00,2.6178681282670357,3,positive,2025-03-07 05:00:00+00:00,-1.0848162037018503,2.0
PDD,2025-04-09 04:00:00+00:00,-2.4639082389848377,4,negative,2025-04-11 04:00:00+00:00,0.8477953812337934,2.0
PDD,2025-09-17 04:00:00+00:00,2.3253356070811053,3,positive,2025-09-18 04:00:00+00:00,-1.0449231267380064,1.0
PDD,2025-11-18 05:00:00+00:00,-6.171782184925233,3,negative,2025-11-26 05:00:00+00:00,1.4845940355957785,6.0
PDD,2026-01-13 05:00:00+00:00,-2.6210648962176,3,negative,2026-01-21 05:00:00+00:00,0.24941537113633894,5.0
PDD,2026-01-28 05:00:00+00:00,-3.6266459059735,3,negative,2026-01-29 05:00:00+00:00,0.33813961940698384,1.0
PDD,2026-04-21 04:00:00+00:00,-3.3178941206922845,3,negative,2026-04-22 04:00:00+00:00,0.36847171760620173,1.0
PDD,2026-05-12 04:00:00+00:00,-2.164040086927279,4,negative,2026-05-13 04:00:00+00:00,2.6637693167917873,1.0
PEP,2024-09-19 04:00:00+00:00,-2.4164844314263636,5,negative,2024-09-23 04:00:00+00:00,0.8631126607863522,2.0
PEP,2024-10-28 04:00:00+00:00,-2.146487132107921,3,negative,2024-10-31 04:00:00+00:00,2.746807794499257,3.0
PEP,2025-02-20 05:00:00+00:00,2.118352206175651,3,positive,2025-02-26 05:00:00+00:00,-2.803047236903238,4.0
PEP,2025-04-09 04:00:00+00:00,-2.5932306926753923,3,negative,2025-04-10 04:00:00+00:00,1.4252812023757266,1.0
PEP,2025-04-24 04:00:00+00:00,-2.5199355515078317,3,negative,2025-04-28 04:00:00+00:00,0.2896191327069819,2.0
PEP,2025-07-01 04:00:00+00:00,2.912649541462013,3,positive,2025-07-03 04:00:00+00:00,-1.7469673753367247,2.0
PEP,2025-08-07 04:00:00+00:00,2.157699984416083,3,positive,2025-08-14 04:00:00+00:00,-0.1772824074685031,5.0
PEP,2026-02-03 05:00:00+00:00,2.7525986811962335,4,positive,2026-02-06 05:00:00+00:00,-0.4173813306937007,3.0
PEP,2026-03-27 04:00:00+00:00,3.2502295858799397,4,positive,2026-03-31 04:00:00+00:00,-2.7529654587526085,2.0
PFE,2024-09-06 04:00:00+00:00,3.199168282518605,3,positive,2024-09-11 04:00:00+00:00,-1.763922533714508,3.0
PFE,2024-11-06 05:00:00+00:00,-4.925805070901205,4,negative,2024-11-12 05:00:00+00:00,0.6798442973650449,4.0
PFE,2025-01-27 05:00:00+00:00,3.2883145212006726,3,positive,2025-01-28 05:00:00+00:00,-1.4942953036420283,1.0
PFE,2025-02-21 05:00:00+00:00,3.10537942297781,3,positive,2025-02-26 05:00:00+00:00,-1.0675348257319357,3.0
PFE,2025-03-10 04:00:00+00:00,2.0120187606382722,3,positive,2025-03-11 04:00:00+00:00,-1.8186331049878868,1.0
PFE,2025-04-09 04:00:00+00:00,-3.6035963860735527,3,negative,2025-04-14 04:00:00+00:00,0.3653273535777847,3.0
PFE,2025-04-30 04:00:00+00:00,3.4947706217941037,3,positive,2025-05-01 04:00:00+00:00,-2.1175235759466555,1.0
PFE,2025-05-06 04:00:00+00:00,-3.032252569759177,4,negative,2025-05-08 04:00:00+00:00,0.42705888391692187,2.0
PFE,2025-05-20 04:00:00+00:00,2.190986426408422,4,positive,2025-05-21 04:00:00+00:00,-0.18307973556846477,1.0
PFE,2025-07-15 04:00:00+00:00,-2.9080084526374503,3,negative,2025-07-22 04:00:00+00:00,4.410833503746695,5.0
PFE,2025-09-30 04:00:00+00:00,5.460500677478694,3,positive,2025-10-02 04:00:00+00:00,-0.587213525840854,2.0
PFE,2025-10-08 04:00:00+00:00,-2.8145747923984303,3,negative,2025-10-10 04:00:00+00:00,0.7493084091796018,2.0
PFE,2026-04-07 04:00:00+00:00,-2.0190490518857755,3,negative,2026-04-13 04:00:00+00:00,0.43735404683915924,4.0
PFE,2026-06-01 04:00:00+00:00,-2.4307833381808677,3,negative,2026-06-04 04:00:00+00:00,1.4127059000056281,3.0
PG,2024-09-19 04:00:00+00:00,-2.4802343473036643,3,negative,2024-09-20 04:00:00+00:00,1.2912409679350474,1.0
PG,2024-10-15 04:00:00+00:00,2.358014659084983,3,positive,2024-10-16 04:00:00+00:00,-1.3224754714605975,1.0
PG,2024-11-15 05:00:00+00:00,2.365287620599186,4,positive,2024-11-19 05:00:00+00:00,-0.5733174885707132,2.0
PG,2024-12-03 05:00:00+00:00,-3.626740565548182,3,negative,2024-12-05 05:00:00+00:00,0.6862853636355852,2.0
PG,2025-01-06 05:00:00+00:00,-2.125924651297718,3,negative,2025-01-07 05:00:00+00:00,1.3488970322120117,1.0
PG,2025-02-21 05:00:00+00:00,3.346373795558832,4,positive,2025-02-26 05:00:00+00:00,-1.0889930549004776,3.0
PG,2025-03-24 04:00:00+00:00,-2.194993504245023,5,negative,2025-03-26 04:00:00+00:00,2.032125918638835,2.0
PG,2025-04-24 04:00:00+00:00,-3.2733683913373186,3,negative,2025-04-25 04:00:00+00:00,0.001397768072653028,1.0
PG,2025-12-08 05:00:00+00:00,-2.479697024408788,3,negative,2025-12-09 05:00:00+00:00,0.9367264296103474,1.0
PG,2025-12-17 05:00:00+00:00,2.1017664102843048,5,positive,2025-12-18 05:00:00+00:00,-1.5526776356332652,1.0
PGR,2026-03-20 04:00:00+00:00,2.0320603916701327,3,positive,2026-03-23 04:00:00+00:00,-1.1266317050755759,1.0
PLTR,2025-02-04 05:00:00+00:00,11.227483311867081,4,positive,2025-02-05 05:00:00+00:00,-2.1063646719135587,1.0
PLTR,2025-04-09 04:00:00+00:00,2.030251126884693,3,positive,2025-04-10 04:00:00+00:00,-0.21775946308190167,1.0
PLTR,2025-08-19 04:00:00+00:00,-3.5722537438063213,5,negative,2025-08-21 04:00:00+00:00,0.28216022023270226,2.0
PLTR,2025-11-06 05:00:00+00:00,-2.4034232314458848,3,negative,2025-11-07 05:00:00+00:00,0.694041403969056,1.0
PLTR,2026-01-02 05:00:00+00:00,-2.847711099646669,8,negative,2026-01-05 05:00:00+00:00,1.422938083510583,1.0
PLTR,2026-01-28 05:00:00+00:00,-2.183660043945619,3,negative,2026-02-02 05:00:00+00:00,0.2207527957996611,3.0
PLTR,2026-05-13 04:00:00+00:00,-2.704000652462742,4,negative,2026-05-14 04:00:00+00:00,0.8675355403621111,1.0
PLTR,2026-07-01 04:00:00+00:00,3.229848799824749,4,positive,2026-07-08 04:00:00+00:00,-0.2107000556667955,4.0
PM,2024-10-31 04:00:00+00:00,2.340917859214749,4,positive,2024-11-01 04:00:00+00:00,-1.972923008656882,1.0
PM,2025-01-27 05:00:00+00:00,3.326918693871362,3,positive,2025-01-28 05:00:00+00:00,-2.218028105139224,1.0
PM,2025-02-21 05:00:00+00:00,2.506435928669299,3,positive,2025-02-26 05:00:00+00:00,-2.3567040617710164,3.0
PM,2025-05-12 04:00:00+00:00,-3.3067565699878694,3,negative,2025-05-14 04:00:00+00:00,0.23786115078075828,2.0
PM,2025-10-27 04:00:00+00:00,-2.1983873757926062,3,negative,2025-10-30 04:00:00+00:00,0.3505640636979642,3.0
PM,2025-12-15 05:00:00+00:00,2.350021132157112,3,positive,2025-12-16 05:00:00+00:00,0.06444258432111055,1.0
PM,2026-01-06 05:00:00+00:00,-2.6236420255715855,4,negative,2026-01-07 05:00:00+00:00,0.11808516387718994,1.0
PM,2026-01-14 05:00:00+00:00,2.5529248578859427,6,positive,2026-01-20 05:00:00+00:00,-2.118097259109392,3.0
PM,2026-03-05 05:00:00+00:00,-2.327729849653117,4,negative,2026-03-06 05:00:00+00:00,1.307231547663952,1.0
PM,2026-05-26 04:00:00+00:00,-3.4905629324268737,4,negative,2026-05-27 04:00:00+00:00,0.0731115660581168,1.0
PM,2026-06-01 04:00:00+00:00,-2.3523174149230455,3,negative,2026-06-02 04:00:00+00:00,0.46319726685986484,1.0
PWR,2024-11-05 05:00:00+00:00,2.147936892208684,3,positive,2024-11-06 05:00:00+00:00,-3.490122019439035,1.0
PWR,2024-12-04 05:00:00+00:00,-2.6866429575249553,5,negative,2024-12-05 05:00:00+00:00,0.6441875902251174,1.0
PWR,2025-05-01 04:00:00+00:00,11.790850662461265,8,positive,2025-05-02 04:00:00+00:00,-3.693430039427906,1.0
PWR,2025-06-03 04:00:00+00:00,3.2046251930052883,3,positive,2025-06-06 04:00:00+00:00,-0.9400312526735496,3.0
PWR,2025-06-10 04:00:00+00:00,-3.1173745261011865,3,negative,2025-06-11 04:00:00+00:00,2.424545552906303,1.0
PWR,2025-07-01 04:00:00+00:00,-3.1076210553544845,3,negative,2025-07-03 04:00:00+00:00,3.6985812999934162,2.0
PWR,2025-07-17 04:00:00+00:00,2.309026136214805,5,positive,2025-07-21 04:00:00+00:00,-2.715715572213804,2.0
PWR,2026-01-13 05:00:00+00:00,2.38472483417079,3,positive,2026-01-14 05:00:00+00:00,-0.9724104164946541,1.0
PWR,2026-04-23 04:00:00+00:00,2.3272665492906546,5,positive,2026-04-24 04:00:00+00:00,-1.6803610023673876,1.0
PWR,2026-06-10 04:00:00+00:00,-3.2143878916474584,4,negative,2026-06-11 04:00:00+00:00,2.357333641662426,1.0
PWR,2026-07-28 04:00:00+00:00,-2.180839656437795,3,negative,2026-07-30 04:00:00+00:00,7.3240179456306045,2.0
PYPL,2024-09-19 04:00:00+00:00,2.9210617470413114,4,positive,2024-09-20 04:00:00+00:00,-0.2599234730046862,1.0
PYPL,2024-12-18 05:00:00+00:00,-2.3858720590427254,3,negative,2024-12-19 05:00:00+00:00,1.331796141598891,1.0
PYPL,2025-01-10 05:00:00+00:00,-4.724388825224148,3,negative,2025-01-13 05:00:00+00:00,0.8630623923920653,1.0
PYPL,2025-03-28 04:00:00+00:00,-3.6009806018543578,5,negative,2025-04-01 04:00:00+00:00,1.2102142926435897,2.0
PYPL,2025-10-07 04:00:00+00:00,3.207482719744127,4,positive,2025-10-09 04:00:00+00:00,-0.05235139542437577,2.0
PYPL,2026-02-03 05:00:00+00:00,-16.98198448708668,8,negative,2026-02-09 05:00:00+00:00,2.2397273679367955,4.0
PYPL,2026-06-16 04:00:00+00:00,4.169772591218911,3,positive,2026-06-17 04:00:00+00:00,-2.3084596194602187,1.0
QCOM,2025-02-24 05:00:00+00:00,-2.1767482358250376,3,negative,2025-02-25 05:00:00+00:00,0.5496228264731807,1.0
QCOM,2025-03-07 05:00:00+00:00,2.691144425590292,4,positive,2025-03-10 04:00:00+00:00,-1.2364437250340536,1.0
QCOM,2025-06-09 04:00:00+00:00,3.9271402815260292,6,positive,2025-06-12 04:00:00+00:00,-1.4059583455378637,3.0
QCOM,2025-07-14 04:00:00+00:00,-2.505825555146859,4,negative,2025-07-15 04:00:00+00:00,0.6721193573535298,1.0
QCOM,2025-09-24 04:00:00+00:00,2.388858806242148,3,positive,2025-09-25 04:00:00+00:00,-1.601784324680487,1.0
QCOM,2025-12-10 05:00:00+00:00,2.24258023432693,4,positive,2025-12-11 05:00:00+00:00,-1.1264896327816238,1.0
QCOM,2026-01-06 05:00:00+00:00,2.9795505527583113,3,positive,2026-01-07 05:00:00+00:00,-0.73983837680954,1.0
QCOM,2026-04-29 04:00:00+00:00,3.572064649341133,4,positive,2026-05-01 04:00:00+00:00,-1.5089274732545566,2.0
QCOM,2026-05-07 04:00:00+00:00,2.7356912251928525,3,positive,2026-05-12 04:00:00+00:00,-3.6280475318014442,3.0
RBLX,2024-10-08 04:00:00+00:00,-2.2845784637427116,9,negative,2024-10-09 04:00:00+00:00,2.0686020413334103,1.0
RBLX,2024-10-14 04:00:00+00:00,-2.103038167294421,3,negative,2024-10-15 04:00:00+00:00,1.0983098135510168,1.0
RBLX,2024-10-31 04:00:00+00:00,16.30733825102346,9,positive,2024-11-01 04:00:00+00:00,-1.1951001039327724,1.0
RBLX,2024-11-15 05:00:00+00:00,-2.5292439139308573,4,negative,2024-11-18 05:00:00+00:00,-0.1290497816752482,1.0
RBLX,2024-12-02 05:00:00+00:00,2.2099684340428385,3,positive,2024-12-09 05:00:00+00:00,-1.7489922331705978,5.0
RBLX,2025-02-04 05:00:00+00:00,2.194357327417756,9,positive,2025-02-06 05:00:00+00:00,-9.784469628957805,2.0
RBLX,2025-02-10 05:00:00+00:00,-2.12828056579712,3,negative,2025-02-11 05:00:00+00:00,0.5931390381326581,1.0
RBLX,2025-05-02 04:00:00+00:00,2.4515446918190342,3,positive,2025-05-05 04:00:00+00:00,-1.744787001717899,1.0
RBLX,2025-07-07 04:00:00+00:00,2.5697908073646727,3,positive,2025-07-08 04:00:00+00:00,-1.4169126434499433,1.0
RBLX,2025-07-16 04:00:00+00:00,3.72451080111415,4,positive,2025-07-21 04:00:00+00:00,-0.4728887878692705,3.0
RBLX,2025-10-03 04:00:00+00:00,-6.024806816224914,4,negative,2025-10-06 04:00:00+00:00,1.6256008991511648,1.0
RBLX,2025-11-03 05:00:00+00:00,-2.0627479389409094,3,negative,2025-11-06 05:00:00+00:00,0.30545085359135915,3.0
RBLX,2025-12-12 05:00:00+00:00,-2.1202129804942964,3,negative,2025-12-16 05:00:00+00:00,0.44301340420560825,2.0
RBLX,2026-01-06 05:00:00+00:00,-3.9080815417783734,4,negative,2026-01-07 05:00:00+00:00,0.9683732980662235,1.0
RBLX,2026-03-10 04:00:00+00:00,-2.146566147498663,5,negative,2026-03-11 04:00:00+00:00,1.0014002468019556,1.0
RBLX,2026-04-23 04:00:00+00:00,-2.7973038353632114,3,negative,2026-04-24 04:00:00+00:00,0.11233470649253148,1.0
RCL,2024-10-09 04:00:00+00:00,2.4523291779877816,4,positive,2024-10-14 04:00:00+00:00,-0.4546945301250454,3.0
RCL,2024-11-06 05:00:00+00:00,3.1817994696651537,3,positive,2024-11-07 05:00:00+00:00,-2.4604205364152363,1.0
RCL,2024-12-06 05:00:00+00:00,2.1054583451958013,3,positive,2024-12-09 05:00:00+00:00,-4.186921329855774,1.0
RCL,2025-04-09 04:00:00+00:00,3.367220505465307,4,positive,2025-04-10 04:00:00+00:00,-2.3002710892150047,1.0
RCL,2025-05-21 04:00:00+00:00,-2.064637292353664,3,negative,2025-05-22 04:00:00+00:00,-0.049121926670231644,1.0
RCL,2025-05-27 04:00:00+00:00,2.5295629755931732,3,positive,2025-05-28 04:00:00+00:00,-1.0156010648784293,1.0
RCL,2025-07-31 04:00:00+00:00,-2.9736035075924745,4,negative,2025-08-01 04:00:00+00:00,0.25781277772762734,1.0
RCL,2025-10-28 04:00:00+00:00,-5.353067802960178,4,negative,2025-10-30 04:00:00+00:00,1.9732527331370828,2.0
RCL,2026-04-16 04:00:00+00:00,-2.515455428918764,3,negative,2026-04-17 04:00:00+00:00,2.4071690988330925,1.0
RCL,2026-07-27 04:00:00+00:00,2.1546468227623317,3,positive,2026-07-30 04:00:00+00:00,-0.7414572717190362,3.0
RDDT,2025-01-28 05:00:00+00:00,3.7066581102461207,3,positive,2025-01-30 05:00:00+00:00,-0.904845339054466,2.0
RDDT,2025-03-10 04:00:00+00:00,-3.0496675195041587,3,negative,2025-03-11 04:00:00+00:00,3.4927751361264794,1.0
RDDT,2025-04-22 04:00:00+00:00,2.0545399870178334,4,positive,2025-04-30 04:00:00+00:00,-0.9952083552431839,6.0
RDDT,2025-08-01 04:00:00+00:00,8.195561684651107,3,positive,2025-08-05 04:00:00+00:00,-0.38968388587536157,2.0
RDDT,2026-01-06 05:00:00+00:00,2.027149138704518,3,positive,2026-01-08 05:00:00+00:00,-0.3625534714562684,2.0
RDDT,2026-05-08 04:00:00+00:00,-2.1389995369737176,3,negative,2026-05-11 04:00:00+00:00,0.5822511795427288,1.0
RDDT,2026-05-28 04:00:00+00:00,2.4081445607248853,3,positive,2026-06-02 04:00:00+00:00,-1.680000281129951,3.0
RTX,2024-10-01 04:00:00+00:00,4.1880048033147785,3,positive,2024-10-02 04:00:00+00:00,0.027984993574227412,1.0
RTX,2024-11-07 05:00:00+00:00,-2.9568757913775165,5,negative,2024-11-08 05:00:00+00:00,4.723033893903876,1.0
RTX,2025-01-13 05:00:00+00:00,2.4635084183639977,4,positive,2025-01-15 05:00:00+00:00,-3.1215197991126447,2.0
RTX,2025-09-08 04:00:00+00:00,-3.9096954612455828,4,negative,2025-09-10 04:00:00+00:00,2.822526563204535,2.0
RTX,2025-10-21 04:00:00+00:00,8.115084819639373,4,positive,2025-10-24 04:00:00+00:00,-1.313150474326425,3.0
RTX,2026-01-14 05:00:00+00:00,3.7208758133243975,3,positive,2026-01-20 05:00:00+00:00,-1.234009957296892,3.0
RTX,2026-02-24 05:00:00+00:00,-2.1117006784685,3,negative,2026-02-26 05:00:00+00:00,1.2648029482431893,2.0
RTX,2026-03-02 05:00:00+00:00,2.6957259380157126,3,positive,2026-03-03 05:00:00+00:00,-0.7560289411228022,1.0
RTX,2026-04-15 04:00:00+00:00,-3.092848612437984,5,negative,2026-04-28 04:00:00+00:00,2.1233973361633067,9.0
SBUX,2024-09-11 04:00:00+00:00,3.2698744048151585,4,positive,2024-09-13 04:00:00+00:00,-1.175577897013114,2.0
SBUX,2024-11-06 05:00:00+00:00,-2.696710968246953,3,negative,2024-11-08 05:00:00+00:00,0.6978746317624761,2.0
SBUX,2024-12-16 05:00:00+00:00,-3.4375846575532885,6,negative,2024-12-18 05:00:00+00:00,0.8510527000673196,2.0
SBUX,2025-06-11 04:00:00+00:00,2.5013926248332012,4,positive,2025-06-12 04:00:00+00:00,-1.2596969446904593,1.0
SBUX,2025-07-31 04:00:00+00:00,-4.104583645375354,4,negative,2025-08-04 04:00:00+00:00,2.14894862774224,2.0
SBUX,2025-11-07 05:00:00+00:00,2.472161471829447,3,positive,2025-11-10 05:00:00+00:00,-1.2204113758642128,1.0
SBUX,2025-11-21 05:00:00+00:00,2.0139271409498836,4,positive,2025-11-24 05:00:00+00:00,-2.4065953654144,1.0
SBUX,2026-03-18 04:00:00+00:00,-3.8913550365006038,4,negative,2026-03-19 04:00:00+00:00,2.8328804033117465,1.0
SCHW,2024-09-12 04:00:00+00:00,-3.491776611568075,4,negative,2024-09-13 04:00:00+00:00,0.566309611371119,1.0
SCHW,2024-11-14 05:00:00+00:00,2.2273781280296414,5,positive,2024-11-19 05:00:00+00:00,-1.300469837824326,3.0
SCHW,2025-01-21 05:00:00+00:00,7.022581670845028,4,positive,2025-01-22 05:00:00+00:00,-1.3157269788999404,1.0
SCHW,2025-01-27 05:00:00+00:00,2.2088967394104797,3,positive,2025-01-28 05:00:00+00:00,-2.0805372991015916,1.0
SCHW,2025-03-04 05:00:00+00:00,-2.0667272048954306,3,negative,2025-03-05 05:00:00+00:00,0.7809929174443084,1.0
SCHW,2025-03-14 04:00:00+00:00,2.085107275440748,4,positive,2025-03-20 04:00:00+00:00,-0.15728789424790576,4.0
SCHW,2026-03-20 04:00:00+00:00,2.5411055236797364,4,positive,2026-03-23 04:00:00+00:00,-0.6003554346925525,1.0
SCHW,2026-05-27 04:00:00+00:00,-2.58740565770559,3,negative,2026-05-29 04:00:00+00:00,1.721843438380567,2.0
SE,2024-08-29 04:00:00+00:00,-2.3881786019124767,5,negative,2024-08-30 04:00:00+00:00,-0.30056729836211066,1.0
SE,2024-09-23 04:00:00+00:00,3.8260557435995963,5,positive,2024-09-27 04:00:00+00:00,-1.3026392536246583,4.0
SE,2024-10-29 04:00:00+00:00,-4.18465758126109,3,negative,2024-10-31 04:00:00+00:00,0.7499657619713905,2.0
SE,2024-11-06 05:00:00+00:00,-2.9178364324618786,3,negative,2024-11-11 05:00:00+00:00,3.395238393510691,3.0
SE,2024-11-19 05:00:00+00:00,2.7149334463163988,3,positive,2024-11-22 05:00:00+00:00,-1.9016638337849037,3.0
SE,2025-06-10 04:00:00+00:00,-2.1853564594934385,3,negative,2025-06-13 04:00:00+00:00,0.6282153932883174,3.0
SE,2025-10-15 04:00:00+00:00,-5.872035511650342,5,negative,2025-10-16 04:00:00+00:00,0.19138637682211773,1.0
SE,2026-01-05 05:00:00+00:00,2.322012362679965,3,positive,2026-01-07 05:00:00+00:00,-1.3114594515243112,2.0
SE,2026-03-03 05:00:00+00:00,-4.521402122964697,3,negative,2026-03-05 05:00:00+00:00,2.461383487566636,2.0
SE,2026-07-23 04:00:00+00:00,-2.289336106411148,3,negative,2026-07-24 04:00:00+00:00,-0.09610967847181257,1.0
SHOP,2024-11-07 05:00:00+00:00,5.2572715290914,3,positive,2024-11-14 05:00:00+00:00,-4.678316607534912,5.0
SHOP,2024-11-25 05:00:00+00:00,2.189885141177151,3,positive,2024-12-02 05:00:00+00:00,-1.432025069282011,4.0
SHOP,2025-01-06 05:00:00+00:00,2.8665752594802703,4,positive,2025-01-07 05:00:00+00:00,-3.4389179662292975,1.0
SHOP,2025-01-28 05:00:00+00:00,5.814673485946578,3,positive,2025-01-29 05:00:00+00:00,-0.126233738148732,1.0
SHOP,2025-08-06 04:00:00+00:00,8.329885661016087,3,positive,2025-08-07 04:00:00+00:00,-0.8747208408524528,1.0
SHOP,2025-09-25 04:00:00+00:00,-2.0308914406482863,3,negative,2025-09-29 04:00:00+00:00,3.167990020531452,2.0
SHOP,2025-10-03 04:00:00+00:00,3.781975718384748,3,positive,2025-10-07 04:00:00+00:00,-0.8806641131784108,2.0
SHOP,2025-11-04 05:00:00+00:00,-2.681864584542029,5,negative,2025-11-05 05:00:00+00:00,0.4158154496215582,1.0
SHOP,2026-01-21 05:00:00+00:00,-2.0668413094576747,3,negative,2026-01-23 05:00:00+00:00,0.42405161781847717,2.0
SHOP,2026-01-29 05:00:00+00:00,2.076168322407554,3,positive,2026-01-30 05:00:00+00:00,-3.7633131010867897,1.0
SHOP,2026-04-09 04:00:00+00:00,-3.942779288646429,6,negative,2026-04-13 04:00:00+00:00,2.091421102167941,2.0
SHOP,2026-04-15 04:00:00+00:00,4.985374775129033,3,positive,2026-04-16 04:00:00+00:00,-0.11220314480746595,1.0
SHOP,2026-04-23 04:00:00+00:00,-3.167005303081536,3,negative,2026-04-24 04:00:00+00:00,0.3804234225901358,1.0
SHOP,2026-05-28 04:00:00+00:00,2.1640318643495773,3,positive,2026-06-02 04:00:00+00:00,-1.5462741975695224,3.0
SHW,2024-10-15 04:00:00+00:00,2.6545750840382345,3,positive,2024-10-16 04:00:00+00:00,-0.16012618760848846,1.0
SHW,2024-10-22 04:00:00+00:00,-5.894674242125614,5,negative,2024-10-23 04:00:00+00:00,1.507292979970261,1.0
SHW,2025-02-25 05:00:00+00:00,3.1911458747612964,3,positive,2025-03-11 04:00:00+00:00,-1.1510874157267164,10.0
SHW,2025-03-14 04:00:00+00:00,-2.1819249809159866,4,negative,2025-03-20 04:00:00+00:00,0.20137378496714123,4.0
SHW,2025-04-04 04:00:00+00:00,2.6395273221236737,8,positive,2025-04-07 04:00:00+00:00,-1.8234419133018134,1.0
SHW,2025-06-13 04:00:00+00:00,-6.835162520810908,3,negative,2025-06-18 04:00:00+00:00,0.46343300271961324,3.0
SHW,2025-06-23 04:00:00+00:00,2.224770732821263,3,positive,2025-06-24 04:00:00+00:00,-0.39702876484184585,1.0
SHW,2026-03-25 04:00:00+00:00,2.136850799347033,3,positive,2026-03-31 04:00:00+00:00,-1.2291195073425736,4.0
SHW,2026-06-05 04:00:00+00:00,2.618662853878405,3,positive,2026-06-08 04:00:00+00:00,-1.02863413074197,1.0
SHW,2026-07-28 04:00:00+00:00,4.613359128976078,3,positive,2026-07-29 04:00:00+00:00,-0.4921060804604053,1.0
SLB,2024-12-06 05:00:00+00:00,-2.131194883826103,3,negative,2024-12-09 05:00:00+00:00,0.742108007496412,1.0
SLB,2025-01-17 05:00:00+00:00,3.220679666509872,3,positive,2025-01-21 05:00:00+00:00,-0.5763297962856573,1.0
SLB,2025-04-04 04:00:00+00:00,-4.191596459175929,3,negative,2025-04-09 04:00:00+00:00,2.2524669417554195,3.0
SLB,2025-06-10 04:00:00+00:00,3.3027242111204917,4,positive,2025-06-12 04:00:00+00:00,-0.09604506130496679,2.0
SLB,2025-08-22 04:00:00+00:00,2.7382100570659826,5,positive,2025-08-26 04:00:00+00:00,-0.6994265199244545,2.0
SLB,2026-01-02 05:00:00+00:00,2.7500246157723454,4,positive,2026-01-06 05:00:00+00:00,-0.6981569770576092,2.0
SLB,2026-06-15 04:00:00+00:00,-3.6350061375909783,3,negative,2026-06-22 04:00:00+00:00,0.18970900390556136,4.0
SLB,2026-07-24 04:00:00+00:00,12.8241716056123,3,positive,2026-07-27 04:00:00+00:00,-1.618698587973235,1.0
SMCI,2024-09-11 04:00:00+00:00,2.161073905889396,3,positive,2024-09-12 04:00:00+00:00,-0.01035220330126512,1.0
SMCI,2024-09-26 04:00:00+00:00,-3.456606995483858,3,negative,2024-09-27 04:00:00+00:00,1.435271300565395,1.0
SMCI,2024-11-01 04:00:00+00:00,-3.336288457816158,3,negative,2024-11-04 05:00:00+00:00,0.08779427609663462,1.0
SMCI,2024-11-19 05:00:00+00:00,3.649120304621945,3,positive,2024-11-20 05:00:00+00:00,-0.7068247306671717,1.0
SMCI,2025-01-27 05:00:00+00:00,-2.7445349847487868,3,negative,2025-01-30 05:00:00+00:00,0.8189548237107026,3.0
SMCI,2025-02-10 05:00:00+00:00,2.937637941130598,5,positive,2025-02-11 05:00:00+00:00,-1.6675093454441576,1.0
SMCI,2025-04-24 04:00:00+00:00,2.3811460255880283,3,positive,2025-04-29 04:00:00+00:00,-0.8795725223817141,3.0
SMCI,2025-05-14 04:00:00+00:00,3.374295995594031,3,positive,2025-05-15 04:00:00+00:00,-0.9098602017839408,1.0
SMCI,2025-07-28 04:00:00+00:00,2.929906612245307,4,positive,2025-07-29 04:00:00+00:00,-0.6991867362866787,1.0
SMCI,2025-10-01 04:00:00+00:00,4.297413076879941,3,positive,2025-10-03 04:00:00+00:00,-0.7363906996375589,2.0
SMCI,2025-10-08 04:00:00+00:00,2.5562784925894584,3,positive,2025-10-09 04:00:00+00:00,-0.7172284359795463,1.0
SMCI,2025-10-23 04:00:00+00:00,-2.920911862354787,3,negative,2025-10-27 04:00:00+00:00,1.225381262973847,2.0
SMCI,2025-11-05 05:00:00+00:00,-2.8783352327801066,3,negative,2025-11-14 05:00:00+00:00,1.7945916977343008,7.0
SMCI,2026-02-04 05:00:00+00:00,5.777260945444976,3,positive,2026-02-05 05:00:00+00:00,-2.9029366326964863,1.0
SMCI,2026-03-25 04:00:00+00:00,3.039553799269707,3,positive,2026-03-26 04:00:00+00:00,-2.256666492195321,1.0
SMCI,2026-05-29 04:00:00+00:00,2.1859565600392705,5,positive,2026-06-03 04:00:00+00:00,-1.0462573171007241,3.0
SMCI,2026-07-16 04:00:00+00:00,-2.510225882567062,6,negative,2026-07-21 04:00:00+00:00,4.038698422851748,3.0
SMCI,2026-07-29 04:00:00+00:00,-2.5208414346361105,4,negative,2026-07-30 04:00:00+00:00,2.424523349514383,1.0
SNDK,2025-04-04 04:00:00+00:00,-4.162488863084408,3,negative,2025-04-07 04:00:00+00:00,1.7895929762845095,1.0
SNDK,2025-06-30 04:00:00+00:00,-2.3455581804695895,6,negative,2025-07-02 04:00:00+00:00,1.910556761272473,2.0
SNDK,2025-09-05 04:00:00+00:00,2.5073928117064397,3,positive,2025-09-09 04:00:00+00:00,-0.7089152174550467,2.0
SNDK,2026-01-20 05:00:00+00:00,3.544484717633113,3,positive,2026-01-22 05:00:00+00:00,-0.44259702000948653,2.0
SNDK,2026-02-02 05:00:00+00:00,2.4404501019318037,5,positive,2026-02-04 05:00:00+00:00,-3.6479857517516763,2.0
SNOW,2024-11-13 05:00:00+00:00,3.1110278600694157,3,positive,2024-11-14 05:00:00+00:00,-1.02797603814666,1.0
SNOW,2025-04-09 04:00:00+00:00,2.221135243692945,3,positive,2025-04-10 04:00:00+00:00,-0.6108493906633812,1.0
SNOW,2025-07-07 04:00:00+00:00,2.904610342759817,3,positive,2025-07-08 04:00:00+00:00,-0.8807235126044403,1.0
SNOW,2025-07-10 04:00:00+00:00,-2.9537581174275642,3,negative,2025-07-14 04:00:00+00:00,0.948014023548503,2.0
SNOW,2025-09-04 04:00:00+00:00,-2.0382819910654004,4,negative,2025-09-05 04:00:00+00:00,1.1443695419047448,1.0
SNOW,2025-09-19 04:00:00+00:00,2.024093769336319,3,positive,2025-09-22 04:00:00+00:00,-0.2700624554130594,1.0
SNOW,2025-11-21 05:00:00+00:00,-4.03053533072157,3,negative,2025-11-24 05:00:00+00:00,1.2919262631043094,1.0
SNOW,2026-02-03 05:00:00+00:00,-3.747291278085995,4,negative,2026-02-06 05:00:00+00:00,2.156031920366005,3.0
SNOW,2026-04-09 04:00:00+00:00,-4.556691567147073,5,negative,2026-04-13 04:00:00+00:00,3.4879398389561636,2.0
SNPS,2025-09-18 04:00:00+00:00,8.462654113610874,3,positive,2025-09-23 04:00:00+00:00,-1.770011200453231,3.0
SNPS,2025-12-01 05:00:00+00:00,2.6105715132898415,3,positive,2025-12-04 05:00:00+00:00,-0.6127272532534763,3.0
SNPS,2026-02-03 05:00:00+00:00,-2.827376076906695,4,negative,2026-02-04 05:00:00+00:00,0.2895041626631479,1.0
SNPS,2026-03-27 04:00:00+00:00,-2.4220953156595137,4,negative,2026-03-30 04:00:00+00:00,0.5737423118165128,1.0
SNPS,2026-06-05 04:00:00+00:00,-2.1030562399003236,3,negative,2026-06-08 04:00:00+00:00,1.4101445646222208,1.0
SNPS,2026-07-17 04:00:00+00:00,-3.3549179897200463,5,negative,2026-07-21 04:00:00+00:00,1.6287429035160366,2.0
SOFI,2024-10-04 04:00:00+00:00,2.5154653981603405,3,positive,2024-10-07 04:00:00+00:00,-0.2652986872784973,1.0
SOFI,2024-10-14 04:00:00+00:00,4.340440124430304,5,positive,2024-10-16 04:00:00+00:00,-0.815800134803548,2.0
SOFI,2024-11-08 05:00:00+00:00,2.6009329005134174,4,positive,2024-11-12 05:00:00+00:00,-0.9936723066367983,2.0
SOFI,2025-01-02 05:00:00+00:00,-2.0997594870596274,4,negative,2025-01-03 05:00:00+00:00,1.1850794440536314,1.0
SOFI,2025-01-16 05:00:00+00:00,2.170574949617106,3,positive,2025-01-22 05:00:00+00:00,-0.6677968041477584,3.0
SOFI,2026-01-30 05:00:00+00:00,-2.9670343724968853,6,negative,2026-02-06 05:00:00+00:00,6.060713511162903,5.0
SOFI,2026-05-29 04:00:00+00:00,2.6461382480570004,4,positive,2026-06-02 04:00:00+00:00,-1.5817287542884142,2.0
SPGI,2025-01-06 05:00:00+00:00,-3.8113027784537286,3,negative,2025-01-07 05:00:00+00:00,1.1643931776599894,1.0
SPGI,2025-01-16 05:00:00+00:00,2.44607214834306,3,positive,2025-01-17 05:00:00+00:00,-2.539716393701107,1.0
SPGI,2025-01-27 05:00:00+00:00,3.4873669323383867,3,positive,2025-01-28 05:00:00+00:00,-1.4731837507640682,1.0
SPGI,2025-04-07 04:00:00+00:00,-3.299640250841225,3,negative,2025-04-08 04:00:00+00:00,2.603810500788508,1.0
SPGI,2025-06-23 04:00:00+00:00,2.2105270888564603,4,positive,2025-06-25 04:00:00+00:00,-0.7948754057135569,2.0
SPGI,2025-08-04 04:00:00+00:00,2.2108869789874803,3,positive,2025-08-06 04:00:00+00:00,-0.9231967245739693,2.0
SPGI,2026-01-02 05:00:00+00:00,-2.8098391372579195,3,negative,2026-01-05 05:00:00+00:00,4.1414144238303034,1.0
SPGI,2026-01-27 05:00:00+00:00,-2.0145668840475475,3,negative,2026-01-28 05:00:00+00:00,0.419318991405152,1.0
SPGI,2026-02-05 05:00:00+00:00,-2.3791265043903356,4,negative,2026-02-09 05:00:00+00:00,0.895051235460648,2.0
SPGI,2026-04-09 04:00:00+00:00,-2.3530611944574367,3,negative,2026-04-13 04:00:00+00:00,1.6099090462458518,2.0
SPGI,2026-07-21 04:00:00+00:00,-2.488020653706982,3,negative,2026-07-24 04:00:00+00:00,0.9852416445891379,3.0
SPOT,2024-09-19 04:00:00+00:00,2.833485413622728,4,positive,2024-09-26 04:00:00+00:00,-1.9864609646270595,5.0
SPOT,2024-11-13 05:00:00+00:00,6.857409570159589,3,positive,2024-11-15 05:00:00+00:00,-2.2831994587261706,2.0
SPOT,2024-12-18 05:00:00+00:00,-2.0555449430080737,3,negative,2024-12-19 05:00:00+00:00,0.8043914194888472,1.0
SPOT,2025-02-04 05:00:00+00:00,7.046035336509897,10,positive,2025-02-06 05:00:00+00:00,-0.8564626708898442,2.0
SPOT,2025-03-06 05:00:00+00:00,-3.050917673589855,3,negative,2025-03-11 04:00:00+00:00,2.3719270590422026,3.0
SPOT,2025-05-12 04:00:00+00:00,-3.0070314113294327,3,negative,2025-05-14 04:00:00+00:00,0.6781815664746047,2.0
SPOT,2025-07-01 04:00:00+00:00,-2.4751536247945856,3,negative,2025-07-03 04:00:00+00:00,0.9060724716721855,2.0
SPOT,2025-09-18 04:00:00+00:00,3.690959398028523,5,positive,2025-09-19 04:00:00+00:00,-0.6151915291053619,1.0
SPOT,2025-09-23 04:00:00+00:00,-2.4202080715637653,3,negative,2025-09-25 04:00:00+00:00,1.023783162555262,2.0
SPOT,2025-10-24 04:00:00+00:00,-3.129853924110513,3,negative,2025-10-27 04:00:00+00:00,0.8523413434812961,1.0
SPOT,2026-04-27 04:00:00+00:00,-3.083015750610259,5,negative,2026-04-29 04:00:00+00:00,1.2244001675243887,2.0
SPOT,2026-05-05 04:00:00+00:00,-3.640395443905877,4,negative,2026-05-07 04:00:00+00:00,0.858728898977781,2.0
STX,2024-12-19 05:00:00+00:00,-3.0395538527582513,6,negative,2024-12-23 05:00:00+00:00,0.7509077348137784,2.0
STX,2025-01-03 05:00:00+00:00,2.4349586299552812,4,positive,2025-01-06 05:00:00+00:00,-0.6837603377389968,1.0
STX,2025-01-22 05:00:00+00:00,3.549517190446133,6,positive,2025-01-23 05:00:00+00:00,-0.570891937728015,1.0
STX,2025-03-04 05:00:00+00:00,-7.502009944310455,3,negative,2025-03-07 05:00:00+00:00,1.2781933748544787,3.0
STX,2025-07-02 04:00:00+00:00,2.2734442221540507,13,positive,2025-07-03 04:00:00+00:00,-1.916674230616492,1.0
STX,2025-10-01 04:00:00+00:00,3.2484643370748727,3,positive,2025-10-02 04:00:00+00:00,-0.8840474640455268,1.0
STX,2025-10-06 04:00:00+00:00,-2.1154451920420416,3,negative,2025-10-13 04:00:00+00:00,0.6108610868522122,5.0
STX,2026-01-06 05:00:00+00:00,6.739662490188544,3,positive,2026-01-07 05:00:00+00:00,-3.3441398119100327,1.0
STX,2026-01-28 05:00:00+00:00,4.781622880204699,3,positive,2026-01-30 05:00:00+00:00,-2.932730130556811,2.0
STX,2026-05-01 04:00:00+00:00,2.415662769306399,3,positive,2026-05-07 04:00:00+00:00,-1.7278872414429634,4.0
SYK,2024-10-30 04:00:00+00:00,2.132367274361363,3,positive,2024-10-31 04:00:00+00:00,-0.3474525654045122,1.0
SYK,2024-11-12 05:00:00+00:00,2.3153871203556275,3,positive,2024-11-14 05:00:00+00:00,-0.9294013512919396,2.0
SYK,2025-01-27 05:00:00+00:00,3.763345107044067,3,positive,2025-01-28 05:00:00+00:00,-2.568049419754259,1.0
SYK,2025-03-31 04:00:00+00:00,2.498582301385382,3,positive,2025-04-01 04:00:00+00:00,0.2779704579144086,1.0
SYK,2025-06-25 04:00:00+00:00,2.1677676937612187,4,positive,2025-06-26 04:00:00+00:00,-1.604922042847642,1.0
SYK,2025-08-19 04:00:00+00:00,3.180277693533146,3,positive,2025-08-21 04:00:00+00:00,-1.479195442546848,2.0
SYK,2025-10-01 04:00:00+00:00,-3.986828559810251,10,negative,2025-10-02 04:00:00+00:00,1.743219653629887,1.0
SYK,2026-01-12 05:00:00+00:00,-2.5820956730707536,3,negative,2026-01-14 05:00:00+00:00,2.7808133937004786,2.0
SYK,2026-03-11 04:00:00+00:00,-2.1872443508874104,6,negative,2026-03-13 04:00:00+00:00,0.44224268640140596,2.0
SYK,2026-05-01 04:00:00+00:00,-4.4773439971019195,4,negative,2026-05-05 04:00:00+00:00,1.2935094038916113,2.0
T,2024-09-06 04:00:00+00:00,4.747224568554387,4,positive,2024-09-11 04:00:00+00:00,-2.8315335986511707,3.0
T,2024-10-10 04:00:00+00:00,-2.6823871982829854,3,negative,2024-10-11 04:00:00+00:00,0.1475600648771678,1.0
T,2024-11-15 05:00:00+00:00,2.559290189877509,3,positive,2024-11-19 05:00:00+00:00,-0.6707610292156595,2.0
T,2025-01-27 05:00:00+00:00,7.100955723395567,3,positive,2025-01-29 05:00:00+00:00,-0.3756285421846612,2.0
T,2025-02-21 05:00:00+00:00,3.405194287030958,10,positive,2025-02-26 05:00:00+00:00,-0.7610994347249042,3.0
T,2025-03-03 05:00:00+00:00,2.9886604563600607,3,positive,2025-03-04 05:00:00+00:00,-6.331375377376177,1.0
T,2025-03-10 04:00:00+00:00,2.3568697731910113,3,positive,2025-03-11 04:00:00+00:00,-4.741162720705675,1.0
T,2025-04-25 04:00:00+00:00,-2.8211297718894106,5,negative,2025-04-28 04:00:00+00:00,1.3970434128526874,1.0
T,2025-08-01 04:00:00+00:00,3.4490763978171484,3,positive,2025-08-04 04:00:00+00:00,-1.5408174625208175,1.0
T,2025-10-23 04:00:00+00:00,-2.1853129467606003,4,negative,2025-10-24 04:00:00+00:00,0.7657411622429544,1.0
T,2026-01-30 05:00:00+00:00,2.847328134953959,3,positive,2026-02-02 05:00:00+00:00,-0.014215917057277695,1.0
T,2026-04-08 04:00:00+00:00,-2.450031829147732,7,negative,2026-04-16 04:00:00+00:00,1.745886442186321,6.0
T,2026-07-24 04:00:00+00:00,2.3780818878503096,8,positive,2026-07-29 04:00:00+00:00,-1.309512185797673,3.0
TEAM,2024-11-11 05:00:00+00:00,2.3111695468425273,3,positive,2024-11-14 05:00:00+00:00,-0.7502465759765797,3.0
TEAM,2024-12-04 05:00:00+00:00,3.025291390465028,3,positive,2024-12-05 05:00:00+00:00,-1.8377183795132008,1.0
TEAM,2024-12-18 05:00:00+00:00,-2.480963924861513,4,negative,2024-12-19 05:00:00+00:00,0.24010665413707194,1.0
TEAM,2025-03-10 04:00:00+00:00,-2.420205501382383,3,negative,2025-03-11 04:00:00+00:00,2.441526046135904,1.0
TEAM,2025-05-02 04:00:00+00:00,-5.546551546802703,4,negative,2025-05-05 04:00:00+00:00,0.022183322767984875,1.0
TEAM,2025-08-11 04:00:00+00:00,-2.1103787157364926,4,negative,2025-08-13 04:00:00+00:00,1.8142521892217764,2.0
TEAM,2025-10-01 04:00:00+00:00,-3.2857278712772486,3,negative,2025-10-02 04:00:00+00:00,0.9425006728545134,1.0
TEAM,2025-10-14 04:00:00+00:00,3.9213372924144463,3,positive,2025-10-15 04:00:00+00:00,-2.372448860616585,1.0
TEAM,2025-10-20 04:00:00+00:00,2.191194538253195,3,positive,2025-10-23 04:00:00+00:00,-1.3160800403410375,3.0
TEAM,2025-10-29 04:00:00+00:00,-2.014565552342152,5,negative,2025-10-30 04:00:00+00:00,1.5122767694853712,1.0
TEAM,2026-01-13 05:00:00+00:00,-2.3612458103732874,4,negative,2026-01-20 05:00:00+00:00,0.8242913143430757,4.0
TEAM,2026-02-26 05:00:00+00:00,2.522216378273938,3,positive,2026-02-27 05:00:00+00:00,-0.3860791727465066,1.0
TEAM,2026-04-09 04:00:00+00:00,-2.8063011644186475,5,negative,2026-04-13 04:00:00+00:00,2.3529553177546543,2.0
TEAM,2026-05-29 04:00:00+00:00,2.583358978368222,3,positive,2026-06-02 04:00:00+00:00,-0.8222150125450975,2.0
TGT,2024-11-06 05:00:00+00:00,-2.892336730117804,4,negative,2024-11-07 05:00:00+00:00,1.1081343196337992,1.0
TGT,2025-01-02 05:00:00+00:00,2.122567531658507,5,positive,2025-01-03 05:00:00+00:00,-2.788807933247406,1.0
TGT,2025-01-27 05:00:00+00:00,2.104184060285696,3,positive,2025-01-28 05:00:00+00:00,-1.1187376859448224,1.0
TGT,2025-12-22 05:00:00+00:00,-4.376072760779608,3,negative,2025-12-24 05:00:00+00:00,1.4451497915958698,2.0
TGT,2026-02-02 05:00:00+00:00,2.016903184601474,3,positive,2026-02-05 05:00:00+00:00,-0.8499928696326918,3.0
TGT,2026-05-11 04:00:00+00:00,-3.355562944801779,7,negative,2026-05-12 04:00:00+00:00,1.4382753687981487,1.0
TJX,2024-10-15 04:00:00+00:00,2.9927140121637525,3,positive,2024-10-18 04:00:00+00:00,-0.06187607998651781,3.0
TJX,2024-11-12 05:00:00+00:00,4.963301111303565,4,positive,2024-11-14 05:00:00+00:00,0.1473985820663831,2.0
TJX,2025-01-15 05:00:00+00:00,-2.4602910391431596,3,negative,2025-01-16 05:00:00+00:00,2.9728091095859948,1.0
TJX,2025-02-25 05:00:00+00:00,2.7699994968460957,4,positive,2025-02-28 05:00:00+00:00,-0.8409782438007369,3.0
TJX,2025-04-03 04:00:00+00:00,3.950973464703198,7,positive,2025-04-07 04:00:00+00:00,-2.035490411799822,2.0
TJX,2025-05-23 04:00:00+00:00,-3.325343773913172,3,negative,2025-05-29 04:00:00+00:00,0.6213121438173719,3.0
TJX,2025-07-21 04:00:00+00:00,3.5242897931678088,3,positive,2025-07-23 04:00:00+00:00,0.0010490061032712933,2.0
TJX,2025-08-06 04:00:00+00:00,2.4129238569000933,4,positive,2025-08-07 04:00:00+00:00,-0.025984144986622538,1.0
TJX,2025-08-20 04:00:00+00:00,3.12973327921519,3,positive,2025-08-21 04:00:00+00:00,-0.26229556897538303,1.0
TJX,2026-01-26 05:00:00+00:00,-2.339855243378107,4,negative,2026-01-30 05:00:00+00:00,1.608023803845829,4.0
TJX,2026-04-07 04:00:00+00:00,-3.455291600626003,3,negative,2026-04-08 04:00:00+00:00,-0.05363833333341083,1.0
TJX,2026-05-11 04:00:00+00:00,-2.6922734692357317,9,negative,2026-05-12 04:00:00+00:00,1.413091266480594,1.0
TJX,2026-05-20 04:00:00+00:00,3.995912368138149,4,positive,2026-05-21 04:00:00+00:00,-0.7631987635568583,1.0
TJX,2026-06-05 04:00:00+00:00,2.074043397301893,4,positive,2026-06-08 04:00:00+00:00,-0.41853655924920197,1.0
TJX,2026-07-28 04:00:00+00:00,2.25146771974075,3,positive,2026-07-30 04:00:00+00:00,-2.3885554342625874,2.0
TMO,2024-10-24 04:00:00+00:00,-3.6541547158683247,4,negative,2024-10-30 04:00:00+00:00,1.2453856942569785,4.0
TMO,2024-11-06 05:00:00+00:00,-2.351430962672789,3,negative,2024-11-13 05:00:00+00:00,0.8388640050480327,5.0
TMO,2024-11-18 05:00:00+00:00,-2.122795019301097,3,negative,2024-11-19 05:00:00+00:00,2.2704052679155557,1.0
TMO,2025-01-07 05:00:00+00:00,4.653847394581019,5,positive,2025-01-08 05:00:00+00:00,-0.7291797344615082,1.0
TMO,2025-04-01 04:00:00+00:00,-2.0839365445349674,4,negative,2025-04-02 04:00:00+00:00,0.5230993267871975,1.0
TMO,2025-06-17 04:00:00+00:00,-3.916001302050736,4,negative,2025-06-18 04:00:00+00:00,0.699562734566385,1.0
TMO,2026-01-05 05:00:00+00:00,2.8272715687838943,3,positive,2026-01-07 05:00:00+00:00,-0.4627233162669072,2.0
TMO,2026-06-24 04:00:00+00:00,3.0274013893508154,3,positive,2026-06-29 04:00:00+00:00,-1.4599298929749958,3.0
TMUS,2024-09-12 04:00:00+00:00,2.0940617039493867,4,positive,2024-09-13 04:00:00+00:00,-0.21978972511084408,1.0
TMUS,2024-12-17 05:00:00+00:00,-2.693719107692791,3,negative,2024-12-18 05:00:00+00:00,2.58862935086312,1.0
TMUS,2025-01-06 05:00:00+00:00,-3.1837996774864465,3,negative,2025-01-07 05:00:00+00:00,1.1730728645981536,1.0
TMUS,2025-04-25 04:00:00+00:00,-7.875427947766363,5,negative,2025-04-28 04:00:00+00:00,1.2955648756866582,1.0
TMUS,2025-05-12 04:00:00+00:00,-2.545746015520713,4,negative,2025-05-15 04:00:00+00:00,1.4945067651259125,3.0
TMUS,2025-10-23 04:00:00+00:00,-2.1426037096555666,4,negative,2025-10-27 04:00:00+00:00,0.3343068756374343,2.0
TMUS,2025-11-13 05:00:00+00:00,2.0280714828725412,3,positive,2025-11-18 05:00:00+00:00,0.015217586284274609,3.0
TMUS,2025-12-10 05:00:00+00:00,-2.1948877479552893,3,negative,2025-12-12 05:00:00+00:00,0.9179799960859761,2.0
TMUS,2026-01-30 05:00:00+00:00,2.56381286304323,3,positive,2026-02-02 05:00:00+00:00,-1.0781479777226266,1.0
TSLA,2024-10-11 04:00:00+00:00,-3.5210796480958555,3,negative,2024-10-15 04:00:00+00:00,0.39217383559359204,2.0
TSLA,2024-11-07 05:00:00+00:00,2.0163806585309056,3,positive,2024-11-12 05:00:00+00:00,-2.780703759409279,3.0
TSLA,2025-02-11 05:00:00+00:00,-2.4028585485650154,5,negative,2025-02-12 05:00:00+00:00,1.3060135135970408,1.0
TSLA,2025-03-10 04:00:00+00:00,-3.166136793417879,3,negative,2025-03-11 04:00:00+00:00,1.458213805860128,1.0
TSLA,2025-03-24 04:00:00+00:00,2.4533331214449605,4,positive,2025-03-26 04:00:00+00:00,-0.8025494781391812,2.0
TSLA,2025-04-25 04:00:00+00:00,2.7813184385670877,4,positive,2025-04-30 04:00:00+00:00,-0.8385860555211244,3.0
TSLA,2025-06-05 04:00:00+00:00,-4.323358288187192,5,negative,2025-06-06 04:00:00+00:00,0.7552042438579109,1.0
TSLA,2025-09-05 04:00:00+00:00,3.1900739769275592,3,positive,2025-09-08 04:00:00+00:00,-0.736539069882575,1.0
TSLA,2026-04-15 04:00:00+00:00,2.7501842572850483,5,positive,2026-04-16 04:00:00+00:00,-0.2701111366126582,1.0
TSM,2025-01-06 05:00:00+00:00,3.1829148992375877,3,positive,2025-01-07 05:00:00+00:00,-1.738483794248968,1.0
TSM,2025-06-04 04:00:00+00:00,2.584589843237753,3,positive,2025-06-06 04:00:00+00:00,-0.562005329638263,2.0
TSM,2025-09-05 04:00:00+00:00,2.7740782717374968,3,positive,2025-09-11 04:00:00+00:00,-1.4115816420617788,4.0
TT,2024-10-30 04:00:00+00:00,-2.815775710652783,3,negative,2024-10-31 04:00:00+00:00,0.6221735444115634,1.0
TT,2024-12-09 05:00:00+00:00,-2.160034282051694,3,negative,2024-12-12 05:00:00+00:00,1.2883555148323222,3.0
TT,2025-03-28 04:00:00+00:00,-2.3040219273232645,3,negative,2025-03-31 04:00:00+00:00,0.4595750495531868,1.0
TT,2025-04-30 04:00:00+00:00,7.661650144307628,4,positive,2025-05-07 04:00:00+00:00,-0.45185498353299985,5.0
TT,2025-06-10 04:00:00+00:00,-3.73348785107341,3,negative,2025-06-11 04:00:00+00:00,1.0784683105048547,1.0
TT,2025-11-11 05:00:00+00:00,-2.018904431297891,3,negative,2025-11-13 05:00:00+00:00,0.3011313142838003,2.0
TT,2025-12-01 05:00:00+00:00,-2.09698884582997,3,negative,2025-12-02 05:00:00+00:00,0.2323719339226745,1.0
TT,2026-07-30 04:00:00+00:00,-2.238442560386165,3,negative,,,
TXN,2024-11-13 05:00:00+00:00,-2.4355485798912766,3,negative,2024-11-14 05:00:00+00:00,0.5522204738071904,1.0
TXN,2025-02-19 05:00:00+00:00,3.2457739362617217,3,positive,2025-02-24 05:00:00+00:00,-0.41901322733796853,3.0
TXN,2025-09-03 04:00:00+00:00,-4.165152742836389,6,negative,2025-09-05 04:00:00+00:00,0.8143323196754684,2.0
TXN,2025-09-15 04:00:00+00:00,-2.418059449994154,6,negative,2025-09-17 04:00:00+00:00,2.1907152602694033,2.0
TXN,2025-10-29 04:00:00+00:00,-2.6811442032912405,4,negative,2025-10-30 04:00:00+00:00,0.9834969858164435,1.0
TXN,2025-12-02 05:00:00+00:00,2.170107286698579,4,positive,2025-12-04 05:00:00+00:00,-0.6057468767105564,2.0
TXN,2026-04-15 04:00:00+00:00,-2.102242266119255,4,negative,2026-04-16 04:00:00+00:00,2.3427695170674867,1.0
TXN,2026-04-23 04:00:00+00:00,12.75082946323174,6,positive,2026-04-24 04:00:00+00:00,-1.5580091915100807,1.0
TXN,2026-05-29 04:00:00+00:00,-2.410397418754184,3,negative,2026-06-02 04:00:00+00:00,2.168836218760191,2.0
UAL,2024-09-26 04:00:00+00:00,4.878532499614848,4,positive,2024-09-27 04:00:00+00:00,-1.6974363105647146,1.0
UAL,2024-10-16 04:00:00+00:00,5.804977328534225,5,positive,2024-10-21 04:00:00+00:00,-0.6611335986656866,3.0
UAL,2024-10-30 04:00:00+00:00,3.3039206397088874,5,positive,2024-10-31 04:00:00+00:00,-1.6112560464642385,1.0
UAL,2025-01-10 05:00:00+00:00,3.706931672650066,4,positive,2025-01-13 05:00:00+00:00,-1.7726270171372374,1.0
UAL,2025-08-12 04:00:00+00:00,5.229467258593589,3,positive,2025-08-14 04:00:00+00:00,-0.44375069178379045,2.0
UAL,2026-06-24 04:00:00+00:00,2.055693203543972,4,positive,2026-06-29 04:00:00+00:00,-0.9332105906042383,3.0
UAL,2026-07-28 04:00:00+00:00,2.5563400230899105,3,positive,2026-07-29 04:00:00+00:00,-0.7495572246293403,1.0
UBER,2024-10-11 04:00:00+00:00,6.58833678916194,7,positive,2024-10-14 04:00:00+00:00,-1.957387930622181,1.0
UBER,2024-12-11 05:00:00+00:00,-3.757913047916215,3,negative,2024-12-12 05:00:00+00:00,0.4225986542065947,1.0
UBER,2025-05-29 04:00:00+00:00,-2.2506827781154977,3,negative,2025-06-04 04:00:00+00:00,0.9287930771990703,4.0
UBER,2025-06-24 04:00:00+00:00,4.326583611153057,3,positive,2025-06-25 04:00:00+00:00,-0.5842132442876187,1.0
UBER,2025-11-20 05:00:00+00:00,-3.4522935779247583,3,negative,2025-11-26 05:00:00+00:00,1.4923682566737646,4.0
UBER,2026-03-17 04:00:00+00:00,2.2761946274761784,3,positive,2026-03-18 04:00:00+00:00,-0.7175009043200316,1.0
UBER,2026-07-24 04:00:00+00:00,-2.1371479393652986,6,negative,2026-07-27 04:00:00+00:00,2.011129982400564,1.0
UNH,2025-01-13 05:00:00+00:00,2.63655056316417,4,positive,2025-01-15 05:00:00+00:00,-2.4919119699989367,2.0
UNH,2025-01-27 05:00:00+00:00,2.294131951583483,3,positive,2025-01-28 05:00:00+00:00,-1.1411979397987417,1.0
UNH,2025-02-18 05:00:00+00:00,-2.725859748222573,4,negative,2025-02-19 05:00:00+00:00,1.1713285608780846,1.0
UNH,2025-04-08 04:00:00+00:00,3.3641176538072943,4,positive,2025-04-09 04:00:00+00:00,-3.125327294527122,1.0
UNH,2025-05-13 04:00:00+00:00,-7.6714612649384675,6,negative,2025-05-16 04:00:00+00:00,4.555772646558858,3.0
UNH,2025-07-01 04:00:00+00:00,3.2633889232541553,3,positive,2025-07-02 04:00:00+00:00,-3.8766836389514365,1.0
UNH,2025-09-09 04:00:00+00:00,3.758615055628944,4,positive,2025-09-10 04:00:00+00:00,-0.5052691409610863,1.0
UNH,2025-11-03 05:00:00+00:00,-2.316948282921995,4,negative,2025-11-04 05:00:00+00:00,0.6134887109883101,1.0
UNH,2026-02-24 05:00:00+00:00,-2.009251161759009,3,negative,2026-02-25 05:00:00+00:00,2.434391753630207,1.0
UNH,2026-03-23 04:00:00+00:00,-2.555631783704559,3,negative,2026-03-24 04:00:00+00:00,0.762739886841537,1.0
UNH,2026-04-07 04:00:00+00:00,7.742312443463212,6,positive,2026-04-08 04:00:00+00:00,-3.135886768571933,1.0
UNH,2026-06-05 04:00:00+00:00,2.254016215103848,3,positive,2026-06-11 04:00:00+00:00,-1.5441378441807074,4.0
UNP,2025-01-27 05:00:00+00:00,3.584238900653809,3,positive,2025-01-28 05:00:00+00:00,-2.8061556088187487,1.0
UNP,2025-04-24 04:00:00+00:00,-2.7385759868567785,3,negative,2025-04-29 04:00:00+00:00,0.4031740074703851,3.0
UNP,2025-07-17 04:00:00+00:00,-2.3560183150858935,7,negative,2025-07-21 04:00:00+00:00,0.6027312879044335,2.0
UNP,2025-10-23 04:00:00+00:00,-5.501323965240431,4,negative,2025-10-30 04:00:00+00:00,5.0227710850052745,5.0
UNP,2025-12-12 05:00:00+00:00,3.240534779520097,3,positive,2025-12-16 05:00:00+00:00,-2.307351452373158,2.0
UNP,2026-04-15 04:00:00+00:00,-2.4052499878119207,4,negative,2026-04-16 04:00:00+00:00,0.7249073954911424,1.0
UNP,2026-05-18 04:00:00+00:00,2.085227633612125,3,positive,2026-05-19 04:00:00+00:00,-0.05752414996440924,1.0
V,2024-10-16 04:00:00+00:00,3.0174356216769396,3,positive,2024-10-18 04:00:00+00:00,-0.4314127221227624,2.0
V,2025-01-06 05:00:00+00:00,-2.294104367420076,3,negative,2025-01-07 05:00:00+00:00,1.1306485406128108,1.0
V,2025-01-27 05:00:00+00:00,3.7605820004734802,3,positive,2025-01-28 05:00:00+00:00,-1.5284985201828747,1.0
V,2025-08-07 04:00:00+00:00,-2.9490848486767063,9,negative,2025-08-08 04:00:00+00:00,1.2494238442636532,1.0
V,2025-09-05 04:00:00+00:00,-2.620342534483513,3,negative,2025-09-09 04:00:00+00:00,0.17337920813333407,2.0
V,2026-01-02 05:00:00+00:00,-4.019832057407193,3,negative,2026-01-05 05:00:00+00:00,4.284835488621847,1.0
V,2026-01-09 05:00:00+00:00,-3.705002017200089,3,negative,2026-01-14 05:00:00+00:00,2.138249696118513,3.0
V,2026-02-23 05:00:00+00:00,-2.0897677499149414,4,negative,2026-02-25 05:00:00+00:00,0.7085274609108576,2.0
V,2026-05-05 04:00:00+00:00,-3.6370937821751355,4,negative,2026-05-07 04:00:00+00:00,2.1520139115313084,2.0
VLO,2024-08-30 04:00:00+00:00,2.490260601580435,3,positive,2024-09-03 04:00:00+00:00,-1.6481509009148287,1.0
VLO,2024-12-16 05:00:00+00:00,-2.7848342780703526,5,negative,2024-12-17 05:00:00+00:00,0.8528229207008762,1.0
VLO,2024-12-31 05:00:00+00:00,2.13980319255046,4,positive,2025-01-03 05:00:00+00:00,0.020565950753996854,2.0
VLO,2025-01-10 05:00:00+00:00,2.3242355305381848,3,positive,2025-01-21 05:00:00+00:00,-1.5818159581015445,6.0
VLO,2025-06-17 04:00:00+00:00,2.0250546342437405,3,positive,2025-06-18 04:00:00+00:00,-1.143166198157967,1.0
VLO,2026-03-02 05:00:00+00:00,2.437368160086315,3,positive,2026-03-06 05:00:00+00:00,-0.34194821526162533,4.0
VLO,2026-04-29 04:00:00+00:00,2.1709080333731077,5,positive,2026-04-30 04:00:00+00:00,-0.4512000507433256,1.0
VRT,2024-09-11 04:00:00+00:00,3.0403962879409687,3,positive,2024-09-13 04:00:00+00:00,-0.6647242873903083,2.0
VRT,2024-11-19 05:00:00+00:00,6.605467077596477,3,positive,2024-11-20 05:00:00+00:00,-1.545668632701757,1.0
VRT,2025-08-28 04:00:00+00:00,2.5067578818043477,3,positive,2025-08-29 04:00:00+00:00,-1.8946441270523855,1.0
VRT,2025-09-22 04:00:00+00:00,2.0701251493288697,4,positive,2025-09-23 04:00:00+00:00,-2.137404181422123,1.0
VRT,2025-10-01 04:00:00+00:00,2.634932513666453,3,positive,2025-10-02 04:00:00+00:00,-0.0372965198692589,1.0
VRT,2026-01-08 05:00:00+00:00,-3.178765890527229,4,negative,2026-01-09 05:00:00+00:00,0.7932851296664486,1.0
VRT,2026-04-28 04:00:00+00:00,-2.2954083353778763,3,negative,2026-04-29 04:00:00+00:00,-0.1018273375034995,1.0
VRT,2026-06-22 04:00:00+00:00,2.3898930197366752,3,positive,2026-06-23 04:00:00+00:00,-2.7101843729260757,1.0
VRT,2026-07-29 04:00:00+00:00,-4.299607217688656,4,negative,2026-07-30 04:00:00+00:00,0.4345548482117288,1.0
VRTX,2024-10-17 04:00:00+00:00,2.643790333069376,3,positive,2024-10-18 04:00:00+00:00,-3.9293021383744273,1.0
VRTX,2024-11-19 05:00:00+00:00,-2.0852693990991065,4,negative,2024-11-20 05:00:00+00:00,0.2931784009243333,1.0
VRTX,2025-03-10 04:00:00+00:00,4.499950536611737,6,positive,2025-03-11 04:00:00+00:00,-1.5750314900208675,1.0
VRTX,2025-06-12 04:00:00+00:00,2.1654226938380474,3,positive,2025-06-16 04:00:00+00:00,-4.263004124856361,2.0
VRTX,2025-09-29 04:00:00+00:00,3.239890640539926,3,positive,2025-09-30 04:00:00+00:00,-1.1208383883165363,1.0
VRTX,2026-01-15 05:00:00+00:00,-2.010620167519517,6,negative,2026-01-16 05:00:00+00:00,1.0324815530512894,1.0
VRTX,2026-01-21 05:00:00+00:00,2.716345818574967,3,positive,2026-01-27 05:00:00+00:00,-0.33239419165518774,4.0
VRTX,2026-03-10 04:00:00+00:00,3.366074034609635,3,positive,2026-03-11 04:00:00+00:00,-0.5073078922922324,1.0
VRTX,2026-05-12 04:00:00+00:00,2.6968891727782607,3,positive,2026-05-14 04:00:00+00:00,-0.9780761647611447,2.0
VRTX,2026-06-02 04:00:00+00:00,-2.6268023756898145,3,negative,2026-06-03 04:00:00+00:00,1.7483709612340261,1.0
VRTX,2026-06-05 04:00:00+00:00,2.163686425885364,3,positive,2026-06-08 04:00:00+00:00,-0.6170316442227812,1.0
VRTX,2026-07-08 04:00:00+00:00,-3.00286239640973,3,negative,2026-07-16 04:00:00+00:00,1.2053861701938529,6.0
VST,2024-09-25 04:00:00+00:00,2.0967516511894693,4,positive,2024-09-26 04:00:00+00:00,-2.1015208351230905,1.0
VST,2025-01-30 05:00:00+00:00,2.1236946583635468,3,positive,2025-01-31 05:00:00+00:00,-0.977031725312661,1.0
VST,2025-02-21 05:00:00+00:00,-2.8643900853706064,3,negative,2025-02-26 05:00:00+00:00,3.3569482771373793,3.0
VST,2025-07-16 04:00:00+00:00,-2.0081392075201907,3,negative,2025-07-18 04:00:00+00:00,2.7442521756770035,2.0
VST,2026-03-18 04:00:00+00:00,2.2050104780541764,5,positive,2026-03-19 04:00:00+00:00,-0.7844020282396145,1.0
VZ,2024-10-22 04:00:00+00:00,-10.9964632826127,5,negative,2024-10-23 04:00:00+00:00,10.302990236886092,1.0
VZ,2024-11-06 05:00:00+00:00,-2.6552569120309664,4,negative,2024-11-12 05:00:00+00:00,0.7299464248742449,4.0
VZ,2024-12-04 05:00:00+00:00,-2.7835291345607036,4,negative,2024-12-05 05:00:00+00:00,0.010380791134908916,1.0
VZ,2025-01-27 05:00:00+00:00,5.468621207944599,3,positive,2025-01-28 05:00:00+00:00,-1.7186354391246417,1.0
VZ,2025-04-23 04:00:00+00:00,-2.43690876282732,3,negative,2025-04-28 04:00:00+00:00,0.8160206882989854,3.0
VZ,2025-10-23 04:00:00+00:00,-3.8023551026696927,5,negative,2025-10-24 04:00:00+00:00,0.8599987785431511,1.0
VZ,2026-01-30 05:00:00+00:00,10.365155186845685,3,positive,2026-02-02 05:00:00+00:00,0.0032538120339331155,1.0
VZ,2026-04-08 04:00:00+00:00,-2.295451205256115,6,negative,2026-04-16 04:00:00+00:00,2.5523424395127994,6.0
VZ,2026-07-24 04:00:00+00:00,3.307731319073748,3,positive,2026-07-29 04:00:00+00:00,-0.6340434228102073,3.0
WBD,2025-05-27 04:00:00+00:00,2.806188400990765,3,positive,2025-05-29 04:00:00+00:00,-0.04583218791142534,2.0
WBD,2025-07-16 04:00:00+00:00,3.1188081160496233,7,positive,2025-07-18 04:00:00+00:00,-1.6290904305002583,2.0
WBD,2025-08-04 04:00:00+00:00,-2.0954803003565026,3,negative,2025-08-12 04:00:00+00:00,1.4450797401461262,6.0
WBD,2025-09-12 04:00:00+00:00,6.029323006492866,3,positive,2025-09-16 04:00:00+00:00,-2.352471492553391,2.0
WBD,2026-02-12 05:00:00+00:00,2.167080259967106,3,positive,2026-02-13 05:00:00+00:00,-0.43582806266998053,1.0
WBD,2026-04-08 04:00:00+00:00,-2.3395056914393226,6,negative,2026-04-16 04:00:00+00:00,0.7428493844608657,6.0
WDAY,2025-01-24 05:00:00+00:00,2.4011341210031465,3,positive,2025-01-29 05:00:00+00:00,-0.8506246803630791,3.0
WDAY,2025-04-24 04:00:00+00:00,3.0740088131145797,3,positive,2025-05-01 04:00:00+00:00,-0.7538643295375194,5.0
WDAY,2025-05-08 04:00:00+00:00,3.731929435301827,4,positive,2025-05-12 04:00:00+00:00,-2.0704856232145494,2.0
WDAY,2025-05-30 04:00:00+00:00,3.296592370395046,3,positive,2025-06-02 04:00:00+00:00,-1.8283212374227946,1.0
WDAY,2025-06-18 04:00:00+00:00,-2.5484537557308613,7,negative,2025-06-20 04:00:00+00:00,0.8751337889033867,1.0
WDAY,2025-06-25 04:00:00+00:00,-2.7301879586016544,3,negative,2025-06-26 04:00:00+00:00,1.406664699994637,1.0
WDAY,2025-07-10 04:00:00+00:00,-3.8320706236591,3,negative,2025-07-14 04:00:00+00:00,0.6244385516743206,2.0
WDAY,2025-07-22 04:00:00+00:00,2.3615585680815023,7,positive,2025-07-23 04:00:00+00:00,-0.4743956900884596,1.0
WDAY,2025-08-11 04:00:00+00:00,-2.189188305157289,3,negative,2025-08-13 04:00:00+00:00,1.9846234481659704,2.0
WDAY,2026-01-02 05:00:00+00:00,-4.163558705884274,4,negative,2026-01-05 05:00:00+00:00,0.5045142662735179,1.0
WDAY,2026-02-11 05:00:00+00:00,-2.0177710771820068,3,negative,2026-02-12 05:00:00+00:00,0.8539969765631308,1.0
WDAY,2026-02-26 05:00:00+00:00,2.0115352600616374,3,positive,2026-02-27 05:00:00+00:00,-0.8170351827431565,1.0
WDAY,2026-04-08 04:00:00+00:00,-4.196827917164166,3,negative,2026-04-13 04:00:00+00:00,2.6125998477674943,3.0
WDAY,2026-05-29 04:00:00+00:00,2.2234220368316864,3,positive,2026-06-02 04:00:00+00:00,-0.9906245303579946,2.0
WDC,2024-11-12 05:00:00+00:00,-2.965509069316976,4,negative,2024-11-14 05:00:00+00:00,1.1745939751515317,2.0
WDC,2025-01-03 05:00:00+00:00,2.2180481249166606,3,positive,2025-01-07 05:00:00+00:00,0.040693371933191676,2.0
WDC,2025-04-09 04:00:00+00:00,3.7027475009907334,3,positive,2025-04-10 04:00:00+00:00,-0.08288356185935383,1.0
WDC,2025-07-31 04:00:00+00:00,7.1068158026550305,4,positive,2025-08-01 04:00:00+00:00,-0.9798161916237447,1.0
WDC,2025-08-06 04:00:00+00:00,-2.216604975168503,4,negative,2025-08-07 04:00:00+00:00,0.2200135296307707,1.0
WDC,2025-09-04 04:00:00+00:00,3.763379509233362,3,positive,2025-09-17 04:00:00+00:00,-2.207120468022962,9.0
WDC,2025-09-22 04:00:00+00:00,2.4179455231606415,3,positive,2025-09-23 04:00:00+00:00,-1.8011516482103531,1.0
WDC,2025-10-01 04:00:00+00:00,2.9412161643434183,3,positive,2025-10-03 04:00:00+00:00,-0.4658265104483764,2.0
WDC,2026-06-15 04:00:00+00:00,2.8875729405469728,3,positive,2026-06-22 04:00:00+00:00,-0.8366524611595696,4.0
WFC,2024-09-06 04:00:00+00:00,-2.8415753455433523,3,negative,2024-09-13 04:00:00+00:00,0.9388371996537839,5.0
WFC,2024-11-15 05:00:00+00:00,2.2145755633351674,6,positive,2024-11-18 05:00:00+00:00,-0.81111342545106,1.0
WFC,2025-01-15 05:00:00+00:00,11.354863758908232,3,positive,2025-01-22 05:00:00+00:00,-3.8580964672955123,4.0
WFC,2025-03-10 04:00:00+00:00,-3.0288872688059287,3,negative,2025-03-11 04:00:00+00:00,1.3719733686538782,1.0
WFC,2025-05-21 04:00:00+00:00,-2.0604206358692716,3,negative,2025-05-22 04:00:00+00:00,0.28587072670323965,1.0
WFC,2025-06-12 04:00:00+00:00,-2.575131269323117,3,negative,2025-06-16 04:00:00+00:00,0.379783805102527,2.0
WFC,2025-06-18 04:00:00+00:00,4.532175062122307,3,positive,2025-06-27 04:00:00+00:00,-1.327529399807268,6.0
WFC,2025-10-01 04:00:00+00:00,-4.3747817666508135,3,negative,2025-10-03 04:00:00+00:00,0.08028012502573265,2.0
WFC,2026-01-14 05:00:00+00:00,-2.8861583061382503,4,negative,2026-01-20 05:00:00+00:00,0.40692261562132104,3.0
WFC,2026-05-08 04:00:00+00:00,-2.3219686908458876,3,negative,2026-05-12 04:00:00+00:00,1.3984950793079995,2.0
WMB,2025-01-02 05:00:00+00:00,3.1194345015458476,4,positive,2025-01-03 05:00:00+00:00,-0.1326635792865446,1.0
WMB,2025-04-15 04:00:00+00:00,3.1287941138109177,4,positive,2025-04-21 04:00:00+00:00,-3.7520134944704653,3.0
WMB,2025-04-25 04:00:00+00:00,-3.7844350489306335,3,negative,2025-04-28 04:00:00+00:00,0.6238098671692446,1.0
WMB,2025-07-01 04:00:00+00:00,-3.5170260349864346,3,negative,2025-07-02 04:00:00+00:00,0.2974993225506873,1.0
WMB,2025-11-07 05:00:00+00:00,2.1437658367484667,3,positive,2025-11-11 05:00:00+00:00,-0.04463584252743356,2.0
WMB,2026-04-30 04:00:00+00:00,2.7870518461891747,3,positive,2026-05-01 04:00:00+00:00,-1.0041399668022106,1.0
WMT,2024-12-23 05:00:00+00:00,-2.8262454583205803,3,negative,2024-12-24 05:00:00+00:00,1.1456541214150364,1.0
WMT,2025-01-10 05:00:00+00:00,4.1164402485496545,4,positive,2025-01-13 05:00:00+00:00,-2.862450436966866,1.0
WMT,2025-01-27 05:00:00+00:00,7.402306269523608,3,positive,2025-01-28 05:00:00+00:00,-1.6897614878266571,1.0
WMT,2025-02-20 05:00:00+00:00,-5.509613272594509,4,negative,2025-02-25 05:00:00+00:00,4.623661363573448,3.0
WMT,2025-05-12 04:00:00+00:00,-2.5905263767252844,4,negative,2025-05-14 04:00:00+00:00,0.6416030353620924,2.0
WMT,2026-02-02 05:00:00+00:00,2.5758692000311028,3,positive,2026-02-09 05:00:00+00:00,-1.6080513942210908,5.0
XOM,2024-12-04 05:00:00+00:00,-3.9023183300305133,4,negative,2024-12-05 05:00:00+00:00,0.9853449853342607,1.0
XOM,2024-12-31 05:00:00+00:00,2.094434557248524,4,positive,2025-01-02 05:00:00+00:00,-0.019925545917629225,1.0
XOM,2025-01-22 05:00:00+00:00,-2.1772523046823515,3,negative,2025-01-23 05:00:00+00:00,0.028443932302556787,1.0
XOM,2025-03-10 04:00:00+00:00,3.4837636250340793,3,positive,2025-03-11 04:00:00+00:00,-1.2853787068563172,1.0
XOM,2025-04-09 04:00:00+00:00,-4.234168014102658,7,negative,2025-04-11 04:00:00+00:00,1.1752717493494522,2.0
XOM,2025-06-13 04:00:00+00:00,2.4838912894167833,7,positive,2025-06-16 04:00:00+00:00,-0.6438012203727376,1.0
XOM,2025-09-05 04:00:00+00:00,-2.6652766579423153,3,negative,2025-09-08 04:00:00+00:00,0.0147780226609531,1.0
ZTS,2024-11-06 05:00:00+00:00,-3.8156168357949634,3,negative,2024-11-07 05:00:00+00:00,0.9094908853217006,1.0
ZTS,2024-12-17 05:00:00+00:00,-2.1947704216775064,3,negative,2024-12-18 05:00:00+00:00,0.7921012417843865,1.0
ZTS,2025-02-24 05:00:00+00:00,2.169420510353128,3,positive,2025-02-26 05:00:00+00:00,-1.307701732184238,2.0
ZTS,2025-05-14 04:00:00+00:00,-2.030353618499827,4,negative,2025-05-15 04:00:00+00:00,1.767029192038816,1.0
ZTS,2025-06-18 04:00:00+00:00,-3.5594110094401574,4,negative,2025-06-20 04:00:00+00:00,1.2569421936611205,1.0
ZTS,2025-12-02 05:00:00+00:00,-2.0904713365527536,4,negative,2025-12-10 05:00:00+00:00,1.0190580373323015,6.0
ZTS,2026-05-07 04:00:00+00:00,-16.761387780374417,5,negative,2026-05-12 04:00:00+00:00,0.8419989082876754,3.0
ZTS,2026-06-29 04:00:00+00:00,-2.421567504237981,3,negative,2026-07-01 04:00:00+00:00,0.5034773707496122,2.0
