date,symbol,open,high,low,close,volume,vwap,stock_return,benchmark_return,relative_return,robust_z,streak_depth,signed_streak,streak_length,streak_direction,turn_of_month,seasonality_sin,seasonality_cos,volatility_context,market_regime,dollar_volume,liquidity_context,intraday_range_pct,ticker_identity,streak_eligible,sector
2026-07-27 04:00:00+00:00,A,137.71,138.87,136.23,137.97,90846,137.826473,-0.004042445679636186,-6.766815536607407e-05,-0.003974777524270112,-0.18239044262532192,2,-2,2,negative,False,-0.4227806579826773,-0.9062320427107697,0.2997222167722862,0.0006709273448549547,12534022.62,16458437.310000002,0.019134594477060337,1436216016,True,Healthcare
2026-07-27 04:00:00+00:00,AA,43.78,44.64,43.575,44.065,153069,44.155136,-0.003955696202531778,-6.766815536607407e-05,-0.0038880280471657036,0.11118675049656832,3,-3,3,negative,False,-0.4227806579826773,-0.9062320427107697,0.4715614689241523,0.0006709273448549547,6744985.484999999,12891159.99,0.02416884148417106,1488654748,True,Basic Materials
2026-07-27 04:00:00+00:00,AAL,14.885,15.125,14.525,14.965,3851961,14.719777,0.03385146804835926,-6.766815536607407e-05,0.03391913620372533,1.686717206242897,0,2,2,positive,False,-0.4227806579826773,-0.9062320427107697,0.528137315897443,0.0006709273448549547,57644596.365,54074003.735,0.04009355162044769,768526310,True,Industrials
2026-07-27 04:00:00+00:00,AAPL,335.73,339.55,334.035,336.93,1578038,336.746062,0.011649902417054436,-6.766815536607407e-05,0.01171757057242051,0.16191546535131396,0,2,2,positive,False,-0.4227806579826773,-0.9062320427107697,0.28350472417861494,0.0006709273448549547,531688343.34000003,497427776.42,0.016368385124506533,515132770,True,Technology
2026-07-27 04:00:00+00:00,ABNB,143.0,146.995,143.0,146.85,152642,146.019539,0.04104636324968092,-6.766815536607407e-05,0.04111403140504699,2.2456072952679813,0,2,2,positive,False,-0.4227806579826773,-0.9062320427107697,0.3355390739111561,0.0006709273448549547,22415477.7,21727437.3575,0.027204630575417124,1834021837,True,Consumer Cyclical
2026-07-27 04:00:00+00:00,ABT,104.36,105.855,103.46,104.57,690293,105.023327,0.014159635340897925,-6.766815536607407e-05,0.014227303496263999,0.33024397491346674,0,4,4,positive,False,-0.4227806579826773,-0.9062320427107697,0.46316565797816794,0.0006709273448549547,72183939.00999999,50612774.78,0.022903318351343696,1859150778,True,Healthcare
2026-07-27 04:00:00+00:00,ACGL,103.36,104.74,103.36,103.825,85353,104.084003,0.004304507641710309,-6.766815536607407e-05,0.004372175797076383,0.15940935056954203,0,3,3,positive,False,-0.4227806579826773,-0.9062320427107697,0.2717177471921205,0.0006709273448549547,8861775.225,7397295.1175,0.013291596436311056,3188079045,True,Financial Services
2026-07-27 04:00:00+00:00,ACN,150.87,156.83,149.775,154.135,419834,154.543973,0.04818089085345112,-6.766815536607407e-05,0.04824855900881719,0.7578435186217032,0,3,3,positive,False,-0.4227806579826773,-0.9062320427107697,0.5139060007587058,0.0006709273448549547,64711113.589999996,57360873.807500005,0.04577156388879883,330626805,True,Technology
2026-07-27 04:00:00+00:00,ADBE,231.6,242.05,229.93,237.67,292212,238.265863,0.05579494469370516,-6.766815536607407e-05,0.055862612849071236,2.0198470927536856,0,2,2,positive,False,-0.4227806579826773,-0.9062320427107697,0.4843704092919518,0.0006709273448549547,69450026.03999999,51228985.35,0.05099507720789332,3394738256,True,Technology
2026-07-27 04:00:00+00:00,ADM,84.07,84.355,82.735,83.18,154223,83.352558,-0.03189013035381749,-6.766815536607407e-05,-0.03182246219845142,-2.3451558762667615,2,-2,2,negative,False,-0.4227806579826773,-0.9062320427107697,0.23968867144238873,0.0006709273448549547,12828269.14,11142304.767500002,0.01947583553738885,3141194335,True,Consumer Defensive
2026-07-27 04:00:00+00:00,ADP,251.865,257.66,251.865,254.925,73286,256.019865,0.019333040105562027,-6.766815536607407e-05,0.0194007082609281,0.7703256681719433,0,3,3,positive,False,-0.4227806579826773,-0.9062320427107697,0.3560345856027453,0.0006709273448549547,18682433.55,20350155.66,0.022732176130234445,3591165306,True,Technology
2026-07-27 04:00:00+00:00,ADSK,214.03,227.615,212.19,225.91,126150,223.813604,0.07673609456174635,-6.766815536607407e-05,0.07680376271711242,2.3341153498036156,0,3,3,positive,False,-0.4227806579826773,-0.9062320427107697,0.43817464577592313,0.0006709273448549547,28498546.5,20332922.255000003,0.06827940330220005,643531931,True,Technology
2026-07-27 04:00:00+00:00,AEG,9.2,9.22,9.155,9.155,411541,9.185541,0.0021893814997262506,-6.766815536607407e-05,0.0022570496550923247,-0.06801693143903033,0,2,2,positive,False,-0.4227806579826773,-0.9062320427107697,0.14830161747039178,0.0006709273448549547,3767657.8549999995,1994389.7399999998,0.0070999453850356395,290086784,True,Financial Services
2026-07-27 04:00:00+00:00,AEM,147.93,147.94,144.19,145.95,108472,145.999656,0.004680938941281632,-6.766815536607407e-05,0.004748607096647706,0.41107055451667873,0,2,2,positive,False,-0.4227806579826773,-0.9062320427107697,0.3536372586932305,0.0006709273448549547,15831488.399999999,16559997.2,0.025693730729701953,3709600432,True,Basic Materials
2026-07-27 04:00:00+00:00,AER,152.91,153.59,150.85,151.415,61729,151.802085,0.0010909090909090313,-6.766815536607407e-05,0.0011585772462751054,-0.013547224319281228,0,2,2,positive,False,-0.4227806579826773,-0.9062320427107697,0.2893150847995605,0.0006709273448549547,9346696.535,7373312.565,0.018095961430505625,3542062287,True,Industrials
2026-07-27 04:00:00+00:00,AES,14.84,14.845,14.83,14.83,409636,14.841277,-0.0003370407819346388,-6.766815536607407e-05,-0.00026937262656856475,0.01646548985891007,2,-2,2,negative,False,-0.4227806579826773,-0.9062320427107697,0.042771022677061316,0.0006709273448549547,6074901.88,6406649.914999999,0.0010114632501686156,1922647355,True,Utilities
2026-07-27 04:00:00+00:00,AFL,125.65,126.86,125.65,126.6,84951,126.465834,0.007721085727931287,-6.766815536607407e-05,0.007788753883297361,0.2749824907769268,0,4,4,positive,False,-0.4227806579826773,-0.9062320427107697,0.1648227710893973,0.0006709273448549547,10754796.6,8845962.76,0.009557661927330124,273051970,True,Financial Services
2026-07-27 04:00:00+00:00,AGI,29.97,30.18,29.34,29.72,319194,29.638901,0.004393376140588101,-6.766815536607407e-05,0.004461044295954175,0.421059945878771,0,2,2,positive,False,-0.4227806579826773,-0.9062320427107697,0.40711399744568144,0.0006709273448549547,9486445.68,12500290.6425,0.028263795423956926,1787502458,True,Basic Materials
2026-07-27 04:00:00+00:00,AGNC,10.625,10.695,10.6,10.635,857164,10.633201,0.0051984877126654006,-6.766815536607407e-05,0.005266155868031475,0.6477691440276061,0,2,2,positive,False,-0.4227806579826773,-0.9062320427107697,0.20938709934098226,0.0006709273448549547,9115939.14,9038999.295000002,0.008932769158439177,3029663273,True,Real Estate
2026-07-27 04:00:00+00:00,AHR,57.38,57.8,57.285,57.48,121760,57.579469,0.0008706251088281824,-6.766815536607407e-05,0.0009382932641942565,-0.06469247935134331,0,3,3,positive,False,-0.4227806579826773,-0.9062320427107697,0.27748119235093055,0.0006709273448549547,6998764.8,8430160.59,0.00895963813500349,2465674425,True,Real Estate
2026-07-27 04:00:00+00:00,AIG,79.76,80.185,79.145,79.145,159031,79.546064,0.0009485266219806388,-6.766815536607407e-05,0.0010161947773467128,0.0953939357776858,0,3,3,positive,False,-0.4227806579826773,-0.9062320427107697,0.28081140664236115,0.0006709273448549547,12586508.495,12644090.362499999,0.013140438435782505,3319430272,True,Financial Services
2026-07-27 04:00:00+00:00,AJG,248.14,255.08,248.14,253.36,56351,253.571751,0.02334598917521613,-6.766815536607407e-05,0.023413657330582205,0.6782857664008438,0,3,3,positive,False,-0.4227806579826773,-0.9062320427107697,0.37113450015175004,0.0006709273448549547,14277089.360000001,19526240.03,0.027391853489106513,1154964675,True,Financial Services
2026-07-27 04:00:00+00:00,AKAM,117.16,117.16,110.915,112.82,172419,112.711984,-0.021636387286996572,-6.766815536607407e-05,-0.021568719131630498,-0.6887913102248214,4,-4,4,negative,False,-0.4227806579826773,-0.9062320427107697,0.5622173393751453,0.0006709273448549547,19452311.58,21031692.935,0.05535366069845764,1210285513,True,Technology
2026-07-27 04:00:00+00:00,ALAB,291.76,298.835,267.95,282.435,179287,279.637745,-0.031396824308103755,-6.766815536607407e-05,-0.03132915615273768,-0.29494142690491837,2,-2,2,negative,False,-0.4227806579826773,-0.9062320427107697,1.1917256204760451,0.0006709273448549547,50636923.845,58585779.075,0.10935259440225181,1658689357,True,Technology
2026-07-27 04:00:00+00:00,ALL,260.47,262.01,259.3,261.27,35035,261.141977,0.004691405498942425,-6.766815536607407e-05,0.004759073654308499,-0.04332731623464885,0,4,4,positive,False,-0.4227806579826773,-0.9062320427107697,0.2986118786230951,0.0006709273448549547,9153594.45,16437348.195,0.010372411681402302,3049762519,True,Financial Services
2026-07-27 04:00:00+00:00,ALNY,274.84,284.57,274.84,278.41,91015,281.550431,0.02522462807482695,-6.766815536607407e-05,0.025292296230193023,0.8587739292977714,0,3,3,positive,False,-0.4227806579826773,-0.9062320427107697,0.406488263814025,0.0006709273448549547,25339486.150000002,24242495.735,0.034948457311159864,1094262711,True,Healthcare
2026-07-27 04:00:00+00:00,AM,22.46,22.58,21.98,21.98,109615,22.194611,-0.03427065026362042,-6.766815536607407e-05,-0.03420298210825434,-1.4998974833779568,2,-2,2,negative,False,-0.4227806579826773,-0.9062320427107697,0.23918580359975058,0.0006709273448549547,2409337.7,2212940.9625000004,0.027297543221110002,3371469416,True,Energy
2026-07-27 04:00:00+00:00,AMAT,536.18,546.61,493.67,516.8,380273,509.921883,-0.037257824143069995,-6.766815536607407e-05,-0.03719015598770392,-0.26674751257339174,2,-2,2,negative,False,-0.4227806579826773,-0.9062320427107697,0.8431535290471758,0.0006709273448549547,196525086.39999998,225815330.8825,0.10243808049535605,1640273728,True,Technology
2026-07-27 04:00:00+00:00,AMCR,44.645,45.41,44.645,45.225,244719,45.161004,0.0156074556478778,-6.766815536607407e-05,0.015675123803243873,1.0155425307998491,0,2,2,positive,False,-0.4227806579826773,-0.9062320427107697,0.35385913122357987,0.0006709273448549547,11067416.775,6373729.83,0.016915422885571994,1936082520,True,Consumer Cyclical
2026-07-27 04:00:00+00:00,AMD,527.49,527.49,477.045,494.9,1030684,490.182728,-0.05197019328391084,-6.766815536607407e-05,-0.05190252512854476,-0.9235642241093824,3,-3,3,negative,False,-0.4227806579826773,-0.9062320427107697,0.7623459693687415,0.0006709273448549547,510085511.59999996,351431705.76,0.10192968276419478,265544935,True,Technology
2026-07-27 04:00:00+00:00,AME,241.895,243.4,238.22,243.15,56296,240.416562,0.004627525513366093,-6.766815536607407e-05,0.004695193668732167,0.5058462853421589,0,3,3,positive,False,-0.4227806579826773,-0.9062320427107697,0.1755211941005668,0.0006709273448549547,13688372.4,11669501.325,0.02130372198231547,631270232,True,Industrials
2026-07-27 04:00:00+00:00,AMGN,377.0,382.165,375.955,376.01,70745,377.399278,-5.3187245698471664e-05,-6.766815536607407e-05,1.4480909667602404e-05,0.09970091064817067,0,4,4,positive,False,-0.4227806579826773,-0.9062320427107697,0.23411954167657625,0.0006709273448549547,26600827.45,28660851.755000003,0.016515518204303175,3367949110,True,Healthcare
2026-07-27 04:00:00+00:00,AMH,33.4,33.745,33.295,33.47,151423,33.50655,0.00269622528460145,-6.766815536607407e-05,0.002763893439967524,0.19264790665822457,0,3,3,positive,False,-0.4227806579826773,-0.9062320427107697,0.18302394305188052,0.0006709273448549547,5068127.81,5408156.85,0.013444876008365574,1436277852,True,Real Estate
2026-07-27 04:00:00+00:00,AMKR,64.0,64.35,58.62,60.74,540051,60.310593,-0.06532276679233662,-6.766815536607407e-05,-0.06525509863697054,-0.9503919263922309,3,-3,3,negative,False,-0.4227806579826773,-0.9062320427107697,0.8804272402153774,0.0006709273448549547,32802697.740000002,13048083.42,0.0943365162989792,2162783036,True,Technology
2026-07-27 04:00:00+00:00,AMRZ,50.05,50.445,49.65,49.98,85090,50.025152,0.014822335025380662,-6.766815536607407e-05,0.014890003180746736,0.8011365521216288,0,2,2,positive,False,-0.4227806579826773,-0.9062320427107697,0.3896028027789866,0.0006709273448549547,4252798.2,6908048.609999999,0.01590636254501804,2635778800,True,Basic Materials
2026-07-27 04:00:00+00:00,AMT,166.78,168.23,165.61,166.73,139121,166.871673,0.0002099643060680112,-6.766815536607407e-05,0.00027763246143408526,-0.060111039093922326,0,4,4,positive,False,-0.4227806579826773,-0.9062320427107697,0.2655229564092488,0.0006709273448549547,23195644.33,25365372.740000002,0.0157140286691056,1774706439,True,Real Estate
2026-07-27 04:00:00+00:00,AMZN,235.775,235.85,231.0,231.42,1565595,232.906737,-0.0029297716501508475,-6.766815536607407e-05,-0.0028621034947847734,-0.05552111519232701,5,-5,5,negative,False,-0.4227806579826773,-0.9062320427107697,0.29055774417068425,0.0006709273448549547,362309994.9,425926962.5,0.020957566329617122,833362140,True,Consumer Cyclical
2026-07-27 04:00:00+00:00,ANET,175.0,176.58,166.04,170.72,316418,169.888841,-0.019583070120025248,-6.766815536607407e-05,-0.019515401964659174,-0.829030088764486,2,-2,2,negative,False,-0.4227806579826773,-0.9062320427107697,0.6080324727434777,0.0006709273448549547,54018880.96,68443718.685,0.06173851921274614,1795408053,True,Technology
2026-07-27 04:00:00+00:00,AON,362.47,369.635,362.47,367.1,70819,368.279576,0.015378657963157627,-6.766815536607407e-05,0.015446326118523701,0.6052179781569555,0,3,3,positive,False,-0.4227806579826773,-0.9062320427107697,0.29861885346571687,0.0006709273448549547,25997654.900000002,24801359.19,0.019517842549713876,2798597808,True,Financial Services
2026-07-27 04:00:00+00:00,APA,34.87,35.915,34.65,34.73,450242,35.284174,-0.03967924789160793,-6.766815536607407e-05,-0.03961157973624185,-1.353980694890511,2,-2,2,negative,False,-0.4227806579826773,-0.9062320427107697,0.3899025483268175,0.0006709273448549547,15636904.659999998,12092040.274999999,0.03642384105960267,36711301,True,Energy
2026-07-27 04:00:00+00:00,APH,153.24,154.915,146.84,149.3,290078,148.903256,-0.022137804558553853,-6.766815536607407e-05,-0.02207013640318778,-0.7983460517043093,2,-2,2,negative,False,-0.4227806579826773,-0.9062320427107697,0.4465546827229136,0.0006709273448549547,43308645.400000006,49141166.6175,0.0540857334226389,1989985588,True,Technology
2026-07-27 04:00:00+00:00,APO,122.82,125.525,122.82,124.24,217340,124.377902,0.013128924406752063,-6.766815536607407e-05,0.013196592562118137,0.6117407872992918,0,4,4,positive,False,-0.4227806579826773,-0.9062320427107697,0.28255528057702345,0.0006709273448549547,27002321.599999998,26940977.9075,0.021772376046361983,3630719751,True,Financial Services
2026-07-27 04:00:00+00:00,APTV,57.3,57.565,56.38,57.45,68737,56.948757,0.015735502121640765,-6.766815536607407e-05,0.01580317027700684,0.8782175252783567,0,2,2,positive,False,-0.4227806579826773,-0.9062320427107697,0.31065494202938476,0.0006709273448549547,3948940.6500000004,7472050.460000001,0.020626631853785816,1141361004,True,Consumer Cyclical
2026-07-27 04:00:00+00:00,ARCC,18.93,19.055,18.83,18.9,248978,18.927874,0.005319148936170137,-6.766815536607407e-05,0.005386817091536211,0.45329466939452717,0,2,2,positive,False,-0.4227806579826773,-0.9062320427107697,0.14653093178924398,0.0006709273448549547,4705684.199999999,5122395.9475,0.01190476190476198,563659044,True,Financial Services
2026-07-27 04:00:00+00:00,ARES,128.42,130.93,126.0,127.815,157878,127.798561,0.010315390087739962,-6.766815536607407e-05,0.010383058243106036,0.027480891862332886,0,3,3,positive,False,-0.4227806579826773,-0.9062320427107697,0.35795188866457245,0.0006709273448549547,20179176.57,13489937.325,0.03857137268708686,3622165153,True,Financial Services
2026-07-27 04:00:00+00:00,ARMK,57.84,58.025,57.49,57.92,110489,57.709568,0.01382811132504802,-6.766815536607407e-05,0.013895779480414094,0.7643283883909707,0,4,4,positive,False,-0.4227806579826773,-0.9062320427107697,0.15251259502862194,0.0006709273448549547,6399522.88,8540850.995000001,0.009236878453038614,758838129,True,Industrials
2026-07-27 04:00:00+00:00,ARWR,86.14,87.48,85.21,85.535,152277,86.450854,-0.0007593457943925186,-6.766815536607407e-05,-0.0006916776390264445,0.07046289873001471,3,-3,3,negative,False,-0.4227806579826773,-0.9062320427107697,0.8547105436964868,0.0006709273448549547,13025013.195,9151314.97,0.026538843748173384,3237227218,True,Healthcare
2026-07-27 04:00:00+00:00,AS,34.83,35.81,34.73,35.18,236966,35.202109,0.03775811209439528,-6.766815536607407e-05,0.037825780249761354,1.5210782921207922,0,2,2,positive,False,-0.4227806579826773,-0.9062320427107697,0.37083379277819084,0.0006709273448549547,8336463.88,7502871.18,0.030699260943718176,3725885779,True,Consumer Cyclical
2026-07-27 04:00:00+00:00,ASML,1737.45,1743.55,1611.82,1653.47,180466,1652.46,-0.05892430278884464,-6.766815536607407e-05,-0.058856634633478566,-1.5841774583762314,2,-2,2,negative,False,-0.4227806579826773,-0.9062320427107697,0.5747875423791702,0.0006709273448549547,298395117.02,197326287.305,0.07966881769853702,3372798271,True,Technology
2026-07-27 04:00:00+00:00,ASX,37.395,37.715,34.96,36.56,420939,35.990956,-0.007869742198100438,-6.766815536607407e-05,-0.007802074042734364,0.06303421144437035,3,-3,3,negative,False,-0.4227806579826773,-0.9062320427107697,0.76211184512161,0.0006709273448549547,15389529.840000002,20565667.485,0.07535557986870904,3757931403,True,Technology
2026-07-27 04:00:00+00:00,ATI,199.13,200.505,187.23,192.71,92230,191.644852,-0.02553600323624583,-6.766815536607407e-05,-0.025468335080879756,-0.657205801458989,2,-2,2,negative,False,-0.4227806579826773,-0.9062320427107697,0.4128048526993715,0.0006709273448549547,17773643.3,13610297.9775,0.06888589071662085,302644171,True,Industrials
2026-07-27 04:00:00+00:00,AU,80.985,81.39,78.94,80.44,86158,80.49258,0.010425825901268615,-6.766815536607407e-05,0.010493494056634689,0.8334133446458335,0,2,2,positive,False,-0.4227806579826773,-0.9062320427107697,0.4030503792369396,0.0006709273448549547,6930549.52,8476472.46,0.030457483838886162,2257806101,True,Basic Materials
2026-07-27 04:00:00+00:00,AVB,188.935,190.185,187.48,187.58,22999,188.52294,-0.01018415914727444,-6.766815536607407e-05,-0.010116490991908367,-0.3646205049142045,2,-2,2,negative,False,-0.4227806579826773,-0.9062320427107697,0.21590255483595155,0.0006709273448549547,4314152.42,9064718.024999999,0.014420513914063399,801121608,True,Real Estate
2026-07-27 04:00:00+00:00,AWK,133.74,136.39,133.655,134.73,145486,134.927722,0.00040839056989039335,-6.766815536607407e-05,0.0004760587252564674,0.08183734655179035,0,4,4,positive,False,-0.4227806579826773,-0.9062320427107697,0.275521469047338,0.0006709273448549547,19601328.779999997,11507772.84,0.020299858977213578,3402002605,True,Utilities
2026-07-27 04:00:00+00:00,AXON,517.04,533.0,517.04,525.35,30451,525.706887,0.04543102762079121,-6.766815536607407e-05,0.04549869577615728,0.7521344942472785,0,3,3,positive,False,-0.4227806579826773,-0.9062320427107697,0.7352133188995166,0.0006709273448549547,15997432.850000001,23871986.245,0.030379746835443106,1771865774,True,Industrials
2026-07-27 04:00:00+00:00,AZN,169.885,173.19,167.825,169.82,304906,170.717469,0.0048818012367228825,-6.766815536607407e-05,0.0049494693920889565,0.16891951402670072,0,5,5,positive,False,-0.4227806579826773,-0.9062320427107697,0.422915696903652,0.0006709273448549547,51779136.919999994,28332261.240000002,0.03159227417265345,1786251822,True,Healthcare
2026-07-27 04:00:00+00:00,BA,213.47,215.09,211.23,211.46,363460,212.743629,0.009403790157048064,-6.766815536607407e-05,0.009471458312414138,0.4703733209162704,0,4,4,positive,False,-0.4227806579826773,-0.9062320427107697,0.2965659952814454,0.0006709273448549547,76857251.60000001,36690680.965,0.018254043317885243,695038375,True,Industrials
2026-07-27 04:00:00+00:00,BAC,62.515,62.98,61.85,62.17,2492667,62.305165,0.0019339242546334567,-6.766815536607407e-05,0.002001592409999531,-0.7019551313123898,0,5,5,positive,False,-0.4227806579826773,-0.9062320427107697,0.2065790874677522,0.0006709273448549547,154969107.39000002,141388720.4275,0.018175969116937356,550206660,True,Financial Services
2026-07-27 04:00:00+00:00,BALL,64.13,65.205,64.13,64.67,133959,64.76331,0.013318708868693241,-6.766815536607407e-05,0.013386377024059315,1.0440560138497834,0,3,3,positive,False,-0.4227806579826773,-0.9062320427107697,0.26191222856122026,0.0006709273448549547,8663128.53,5987198.04,0.016622854492036536,1772724177,True,Consumer Cyclical
2026-07-27 04:00:00+00:00,BAM,47.05,47.81,46.935,47.54,117553,47.437416,0.02567421790722757,-6.766815536607407e-05,0.025741886062593644,1.3964443836192726,0,2,2,positive,False,-0.4227806579826773,-0.9062320427107697,0.28383432188653873,0.0006709273448549547,5588469.62,6983389.9350000005,0.01840555321834245,3323849227,True,Financial Services
2026-07-27 04:00:00+00:00,BAX,22.715,23.395,22.71,23.34,347880,23.248053,0.041964285714285676,-6.766815536607407e-05,0.04203195386965175,1.136622842499043,0,3,3,positive,False,-0.4227806579826773,-0.9062320427107697,0.43969505330720643,0.0006709273448549547,8119519.2,9091831.805,0.0293487574978577,677742852,True,Healthcare
2026-07-27 04:00:00+00:00,BBIO,84.56,86.22,83.98,84.085,118528,84.916094,0.0006545281447101203,-6.766815536607407e-05,0.0007221963000761944,-0.4953667767158229,0,5,5,positive,False,-0.4227806579826773,-0.9062320427107697,0.6266534839072331,0.0006709273448549547,9966426.879999999,10353538.53,0.026639709817446573,2924175700,True,Healthcare
2026-07-27 04:00:00+00:00,BBVA,26.41,26.58,26.31,26.58,52512,26.441543,0.0254629629629628,-6.766815536607407e-05,0.025530631118328873,1.5829865532146583,0,2,2,positive,False,-0.4227806579826773,-0.9062320427107697,0.28367089931498246,0.0006709273448549547,1395768.96,1423626.975,0.010158013544018043,608764612,True,Financial Services
2026-07-27 04:00:00+00:00,BBY,86.555,89.28,86.4,88.4,195015,88.32107,0.03488644345586511,-6.766815536607407e-05,0.03495411161123119,1.2051422104032419,0,2,2,positive,False,-0.4227806579826773,-0.9062320427107697,0.28648069337107995,0.0006709273448549547,17239326.0,14315377.197500002,0.03257918552036194,389404710,True,Consumer Cyclical
2026-07-27 04:00:00+00:00,BCS,28.6,28.665,28.06,28.555,516836,28.422376,0.022926741895038516,-6.766815536607407e-05,0.02299441005040459,1.1483084653546838,0,2,2,positive,False,-0.4227806579826773,-0.9062320427107697,0.28721674472243347,0.0006709273448549547,14758251.98,6132393.57,0.021187182630012274,3738237938,True,Financial Services
2026-07-27 04:00:00+00:00,BDX,157.565,160.51,157.565,158.885,75120,159.384542,0.016018672464509498,-6.766815536607407e-05,0.016086340619875572,0.5142348207544761,0,3,3,positive,False,-0.4227806579826773,-0.9062320427107697,0.3147544560624001,0.0006709273448549547,11935441.2,14156377.04,0.018535418699059027,4177328012,True,Healthcare
2026-07-27 04:00:00+00:00,BEN,32.705,33.65,32.705,33.23,427111,33.297641,0.02340622112719437,-6.766815536607407e-05,0.023473889282560445,2.486286808325868,0,3,3,positive,False,-0.4227806579826773,-0.9062320427107697,0.21857211994066994,0.0006709273448549547,14192898.53,10826797.760000002,0.028438158290701183,3692565446,True,Financial Services
2026-07-27 04:00:00+00:00,BF-B,26.66,27.5,26.3,27.38,83535,27.155781,0.05004793863854262,-6.766815536607407e-05,0.050115606793908696,1.8865695312296222,0,2,2,positive,False,-0.4227806579826773,-0.9062320427107697,0.41105808304131025,0.0006709273448549547,2287188.3,2540975.02,0.04382761139517894,489156782,True,Consumer Defensive
2026-07-27 04:00:00+00:00,BG,119.525,120.13,116.84,117.645,65379,117.597829,-0.031409517536637566,-6.766815536607407e-05,-0.03134184938127149,-1.3777311029246466,3,-3,3,negative,False,-0.4227806579826773,-0.9062320427107697,0.3067930058269481,0.0006709273448549547,7691512.455,7922599.9125,0.027965489396064365,1936414534,True,Consumer Defensive
2026-07-27 04:00:00+00:00,BIDU,106.18,106.79,104.95,105.3,79071,105.786678,-0.0006643257094050004,-6.766815536607407e-05,-0.0005966575540389263,0.08249124785994098,2,-2,2,negative,False,-0.4227806579826773,-0.9062320427107697,0.48966616258315326,0.0006709273448549547,8326176.3,9108393.99,0.01747388414055084,600811711,True,Communication Services
2026-07-27 04:00:00+00:00,BJ,92.89,95.825,92.89,94.735,101432,95.13994,0.01909423407917399,-6.766815536607407e-05,0.019161902234540062,0.7442456873392875,0,3,3,positive,False,-0.4227806579826773,-0.9062320427107697,0.2681265812697125,0.0006709273448549547,9609160.52,9462595.245,0.030981157966960493,3995902614,True,Consumer Defensive
2026-07-27 04:00:00+00:00,BKNG,181.525,187.33,181.525,186.77,243528,185.381043,0.052818489289740755,-6.766815536607407e-05,0.05288615744510683,2.317525240182952,0,2,2,positive,False,-0.4227806579826773,-0.9062320427107697,0.38029578014679666,0.0006709273448549547,45483724.56,46209159.0,0.0310810087273117,2920616009,True,Consumer Cyclical
2026-07-27 04:00:00+00:00,BKR,60.625,62.65,59.84,60.58,761637,61.103254,0.05816593886462873,-6.766815536607407e-05,0.058233607019994804,2.9255724986011864,0,5,5,positive,False,-0.4227806579826773,-0.9062320427107697,0.36673482847831135,0.0006709273448549547,46139969.46,35246446.2,0.04638494552657635,4238280848,True,Energy
2026-07-27 04:00:00+00:00,BMRN,59.8,60.98,59.395,60.235,131000,60.458697,0.015253665936288519,-6.766815536607407e-05,0.015321334091654593,1.0165599491112305,0,3,3,positive,False,-0.4227806579826773,-0.9062320427107697,0.20336384563508836,0.0006709273448549547,7890785.0,5345915.025,0.02631360504689954,782750656,True,Healthcare
2026-07-27 04:00:00+00:00,BMY,62.4,63.44,62.235,62.56,664797,62.7912,0.007488525646187405,-6.766815536607407e-05,0.007556193801553479,0.16124151405664247,0,3,3,positive,False,-0.4227806579826773,-0.9062320427107697,0.3323653511497438,0.0006709273448549547,41589700.32,41392431.725,0.01926150895140662,2205224918,True,Healthcare
2026-07-27 04:00:00+00:00,BN,42.185,42.51,41.87,42.07,433402,42.177113,0.00947810437912433,-6.766815536607407e-05,0.009545772534490404,0.7691807152304958,0,2,2,positive,False,-0.4227806579826773,-0.9062320427107697,0.21576848417910402,0.0006709273448549547,18233222.14,13644759.2425,0.015212740670311399,3765986029,True,Financial Services
2026-07-27 04:00:00+00:00,BNY,158.95,160.115,157.18,157.75,85708,158.032509,-0.0033484963356077424,-6.766815536607407e-05,-0.0032808281802416683,-0.6459948261991387,2,-2,2,negative,False,-0.4227806579826773,-0.9062320427107697,0.25870371815943677,0.0006709273448549547,13520437.0,23042727.465000004,0.018605388272583217,31041732,True,Financial Services
2026-07-27 04:00:00+00:00,BP,42.54,43.02,42.315,42.33,519833,42.689066,-0.034002738475581995,-6.766815536607407e-05,-0.03393507032021592,-1.6737238951814348,2,-2,2,negative,False,-0.4227806579826773,-0.9062320427107697,0.30637578625560213,0.0006709273448549547,22004530.89,25832396.55,0.016654854712969652,917968769,True,Energy
2026-07-27 04:00:00+00:00,BR,151.58,154.43,151.58,152.78,38756,153.342298,0.0256444683136412,-6.766815536607407e-05,0.025712136469007274,0.9739765792753768,0,3,3,positive,False,-0.4227806579826773,-0.9062320427107697,0.33590784969129983,0.0006709273448549547,5921141.68,6707308.265,0.018654274119649133,3148841810,True,Technology
2026-07-27 04:00:00+00:00,BRK-B,497.73,498.6,494.05,497.15,75094,495.794942,0.004384015515778383,-6.766815536607407e-05,0.004451683671144457,0.2826451776130357,0,4,4,positive,False,-0.4227806579826773,-0.9062320427107697,0.12053014824539272,0.0006709273448549547,37332982.1,53385973.29,0.009152167353917351,1526262586,True,Financial Services
2026-07-27 04:00:00+00:00,BRO,68.73,70.25,68.4,69.68,135483,69.689128,0.029855158143659688,-6.766815536607407e-05,0.029922826299025762,1.0470675881879514,0,3,3,positive,False,-0.4227806579826773,-0.9062320427107697,0.3746706354623683,0.0006709273448549547,9440455.440000001,9393981.96,0.02654994259471863,114093891,True,Financial Services
2026-07-27 04:00:00+00:00,BSX,44.6,46.32,44.59,45.5,1461084,45.883726,0.02778405240569226,-6.766815536607407e-05,0.027851720561058335,1.2478760700029439,0,3,3,positive,False,-0.4227806579826773,-0.9062320427107697,0.33538960773037396,0.0006709273448549547,66479322.0,53017646.260000005,0.03802197802197795,3512166143,True,Healthcare
2026-07-27 04:00:00+00:00,BX,132.47,135.34,130.42,132.56,338411,132.263545,0.020084647941515987,-6.766815536607407e-05,0.02015231609688206,0.5389377003671924,0,3,3,positive,False,-0.4227806579826773,-0.9062320427107697,0.3031948006383978,0.0006709273448549547,44859762.160000004,25259840.384999998,0.0371152685576344,3469061944,True,Financial Services
2026-07-27 04:00:00+00:00,BXP,69.57,69.89,68.86,69.16,106577,69.226941,0.0007234843003907088,-6.766815536607407e-05,0.0007911524557567828,0.06949902091090536,0,3,3,positive,False,-0.4227806579826773,-0.9062320427107697,0.24764037453498608,0.0006709273448549547,7370865.319999999,4087267.085,0.014893001735107015,1997222330,True,Real Estate
2026-07-27 04:00:00+00:00,C,134.15,135.26,131.065,133.1,397305,132.587703,0.006655574043261225,-6.766815536607407e-05,0.0067232421986272994,0.4953058176118121,0,3,3,positive,False,-0.4227806579826773,-0.9062320427107697,0.3108150703948267,0.0006709273448549547,52881295.5,63406568.5,0.031517655897821135,1797505237,True,Financial Services
2026-07-27 04:00:00+00:00,CAH,228.92,230.44,227.99,229.28,56301,229.45216,0.005371511258249084,-6.766815536607407e-05,0.005439179413615158,0.4264136223766889,0,3,3,positive,False,-0.4227806579826773,-0.9062320427107697,0.20958044115364338,0.0006709273448549547,12908693.28,23325870.275,0.01068562456385201,1572513180,True,Healthcare
2026-07-27 04:00:00+00:00,CAT,885.13,893.21,839.95,873.145,137663,859.661739,-0.01787883559794834,-6.766815536607407e-05,-0.017811167442582265,-0.5380155119213259,2,-2,2,negative,False,-0.4227806579826773,-0.9062320427107697,0.4023210660257814,0.0006709273448549547,120199760.13499999,126532293.57,0.060997886948903096,364419670,True,Industrials
2026-07-27 04:00:00+00:00,CBRE,141.45,144.52,141.13,143.89,166812,143.453569,0.03198737717851241,-6.766815536607407e-05,0.032055045333878485,1.4464921466479783,0,3,3,positive,False,-0.4227806579826773,-0.9062320427107697,0.38306395625033945,0.0006709273448549547,24002578.679999996,10221396.23,0.02355966363194117,3819759157,True,Real Estate
2026-07-27 04:00:00+00:00,CBRS,202.645,202.645,181.86,188.79,251166,186.342177,-0.05149718649517687,-6.766815536607407e-05,-0.0514295183398108,-0.5653453547974389,2,-2,2,negative,False,-0.4227806579826773,-0.9062320427107697,1.3033390917824101,0.0006709273448549547,47417629.14,44233781.3725,0.11009587372212509,2583554499,True,Technology
2026-07-27 04:00:00+00:00,CCEP,106.14,108.83,106.14,108.73,94339,108.011255,0.03453853472882984,-6.766815536607407e-05,0.034606202884195914,2.1630080187764897,0,2,2,positive,False,-0.4227806579826773,-0.9062320427107697,0.28608119827359485,0.0006709273448549547,10257479.47,10175319.4025,0.024740182102455602,674879275,True,Consumer Defensive
2026-07-27 04:00:00+00:00,CCK,119.225,119.54,117.63,118.39,75114,118.593241,0.0036453034927095285,-6.766815536607407e-05,0.0037129716480756025,0.5152857131606995,0,2,2,positive,False,-0.4227806579826773,-0.9062320427107697,0.30504396958005514,0.0006709273448549547,8892746.46,7438728.782500001,0.016133119351296653,2780566609,True,Consumer Cyclical
2026-07-27 04:00:00+00:00,CCL,27.115,27.49,26.68,27.14,1376287,27.003689,0.03037205770690976,-6.766815536607407e-05,0.030439725862275835,2.5673369632383714,0,2,2,positive,False,-0.4227806579826773,-0.9062320427107697,0.35392341741056776,0.0006709273448549547,37352429.18,28628835.7,0.02984524686809133,1243542929,True,Consumer Cyclical
2026-07-27 04:00:00+00:00,CDW,136.25,138.61,136.22,138.02,53244,137.865317,0.031770950138297005,-6.766815536607407e-05,0.03183861829366308,0.9822449996479837,0,4,4,positive,False,-0.4227806579826773,-0.9062320427107697,0.44252950647336914,0.0006709273448549547,7348736.880000001,14382725.722499998,0.017316330966526697,2223738252,True,Technology
2026-07-27 04:00:00+00:00,CEG,275.445,276.98,267.88,270.07,202665,270.826322,-0.015744013994679062,-6.766815536607407e-05,-0.01567634583931299,-0.7931984987450706,2,-2,2,negative,False,-0.4227806579826773,-0.9062320427107697,0.4005529206064776,0.0006709273448549547,54733736.55,41726331.0375,0.033694967971266795,756818637,True,Utilities
2026-07-27 04:00:00+00:00,CF,121.29,121.9,119.35,119.775,106074,120.480155,-0.04252767896398735,-6.766815536607407e-05,-0.042460010808621274,-2.290739427373728,2,-2,2,negative,False,-0.4227806579826773,-0.9062320427107697,0.33515290665530223,0.0006709273448549547,12705013.350000001,14378221.74,0.02128991859737016,1549983924,True,Basic Materials
2026-07-27 04:00:00+00:00,CG,45.97,46.995,45.85,46.305,124699,46.384095,0.020271014652418318,-6.766815536607407e-05,0.020338682807784392,0.6674984360962922,0,3,3,positive,False,-0.4227806579826773,-0.9062320427107697,0.3054428588721342,0.0006709273448549547,5774187.195,6255274.875,0.024727351257963416,1284846617,True,Financial Services
2026-07-27 04:00:00+00:00,CGNX,62.53,62.58,59.795,61.345,81279,60.749815,-0.011441463218113013,-6.766815536607407e-05,-0.011373795062746939,-0.3842922196867385,2,-2,2,negative,False,-0.4227806579826773,-0.9062320427107697,0.48828606191453955,0.0006709273448549547,4986060.255,6010188.140000001,0.045398973021436084,4016920818,True,Technology
2026-07-27 04:00:00+00:00,CHD,98.52,99.32,98.15,98.73,88599,98.860233,0.010077241802649795,-6.766815536607407e-05,0.010144909958015869,0.373931969531762,0,4,4,positive,False,-0.4227806579826773,-0.9062320427107697,0.23369436692822176,0.0006709273448549547,8747379.27,7925174.99,0.011850501367365415,2746312402,True,Consumer Defensive
2026-07-27 04:00:00+00:00,CHKP,130.69,134.88,130.69,132.84,112890,133.260514,0.01715160796324655,-6.766815536607407e-05,0.017219276118612625,0.5140454842245523,0,2,2,positive,False,-0.4227806579826773,-0.9062320427107697,0.3814895502354804,0.0006709273448549547,14996307.6,9467547.21,0.03154170430593193,3919911626,True,Technology
2026-07-27 04:00:00+00:00,CHRW,185.29,185.29,173.77,174.405,268667,176.127201,-0.06460176991150435,-6.766815536607407e-05,-0.06453410175613827,-4.086017959055787,2,-2,2,negative,False,-0.4227806579826773,-0.9062320427107697,0.48920667881108515,0.0006709273448549547,46856868.135,18904313.575,0.06605315214586727,146850668,True,Industrials
2026-07-27 04:00:00+00:00,CI,289.69,293.325,286.71,290.96,78298,291.334156,0.004696132596684999,-6.766815536607407e-05,0.004763800752051073,-0.011237388278788217,0,3,3,positive,False,-0.4227806579826773,-0.9062320427107697,0.3252700618450556,0.0006709273448549547,22781586.08,22903406.64,0.022735083860324475,4270776667,True,Healthcare
2026-07-27 04:00:00+00:00,CIEN,386.51,386.735,360.14,377.21,76024,371.967627,-0.03452777066803181,-6.766815536607407e-05,-0.034460102512665736,-0.2416106636850156,2,-2,2,negative,False,-0.4227806579826773,-0.9062320427107697,0.7112925871512985,0.0006709273448549547,28677013.04,41228396.7,0.07050449351819948,3752290157,True,Technology
2026-07-27 04:00:00+00:00,CL,91.405,92.66,91.405,91.97,213837,91.858831,0.013555212695613994,-6.766815536607407e-05,0.013622880850980068,0.6544914734696923,0,2,2,positive,False,-0.4227806579826773,-0.9062320427107697,0.2624532299323888,0.0006709273448549547,19666588.89,19479967.14,0.013645754050233723,2324909997,True,Consumer Defensive
2026-07-27 04:00:00+00:00,CLX,96.705,97.675,95.765,97.43,106548,97.212274,0.02010260705685263,-6.766815536607407e-05,0.020170275212218702,1.187383718371274,0,2,2,positive,False,-0.4227806579826773,-0.9062320427107697,0.2837263021725502,0.0006709273448549547,10380971.64,10313850.705000002,0.019603818125833897,1307192046,True,Consumer Defensive
2026-07-27 04:00:00+00:00,CM,119.0,119.0,117.33,118.25,57444,117.940852,0.006639993189750504,-6.766815536607407e-05,0.006707661345116578,0.34231224365289786,0,4,4,positive,False,-0.4227806579826773,-0.9062320427107697,0.20403314928177887,0.0006709273448549547,6792753.0,5990292.39,0.014122621564482045,2665723840,True,Financial Services
2026-07-27 04:00:00+00:00,CMCSA,22.425,23.285,22.36,22.79,2515303,22.96592,0.02243158366980702,-6.766815536607407e-05,0.022499251825173094,1.1906660874928396,0,2,2,positive,False,-0.4227806579826773,-0.9062320427107697,0.3847773011668607,0.0006709273448549547,57323755.37,49127546.42,0.04058797718297502,3164165024,True,Communication Services
2026-07-27 04:00:00+00:00,CME,255.65,256.62,251.69,255.35,135646,255.506272,0.000274208712002455,-6.766815536607407e-05,0.00034187686736852907,-0.09787001933907293,0,4,4,positive,False,-0.4227806579826773,-0.9062320427107697,0.31280935547129995,0.0006709273448549547,34637206.1,52384302.489999995,0.01930683375758765,3764853715,True,Financial Services
2026-07-27 04:00:00+00:00,CNI,130.66,130.735,128.12,128.89,105662,129.075827,-0.004402904372006966,-6.766815536607407e-05,-0.004335236216640892,-0.2681443373956126,2,-2,2,negative,False,-0.4227806579826773,-0.9062320427107697,0.18548994958719492,0.0006709273448549547,13618775.179999998,12971053.905,0.0202886182015673,2031606299,True,Industrials
2026-07-27 04:00:00+00:00,CNQ,44.83,45.59,44.74,44.8,792338,45.009427,-0.03531438415159349,-6.766815536607407e-05,-0.03524671599622742,-1.3517146691928423,2,-2,2,negative,False,-0.4227806579826773,-0.9062320427107697,0.3182289979283321,0.0006709273448549547,35496742.4,23241516.835,0.01897321428571432,2368993645,True,Energy
2026-07-27 04:00:00+00:00,COF,206.68,208.41,205.06,207.02,140723,206.53273,0.020607375271149753,-6.766815536607407e-05,0.020675043426515827,0.9719611666588568,0,3,3,positive,False,-0.4227806579826773,-0.9062320427107697,0.32623342925422666,0.0006709273448549547,29132475.46,38254095.230000004,0.01618201139986472,305126609,True,Financial Services
2026-07-27 04:00:00+00:00,COHR,281.68,282.65,256.21,271.255,241353,264.727314,-0.03965233400010615,-6.766815536607407e-05,-0.039584665844740075,-0.6725072349301371,2,-2,2,negative,False,-0.4227806579826773,-0.9062320427107697,0.811063859707559,0.0006709273448549547,65468208.015,59423041.06,0.09747285764317708,1871956494,True,Technology
2026-07-27 04:00:00+00:00,COP,117.095,118.42,115.5,115.56,311753,116.620732,-0.03932163937151889,-6.766815536607407e-05,-0.039253971216152816,-1.7593418954872253,2,-2,2,negative,False,-0.4227806579826773,-0.9062320427107697,0.313850228292799,0.0006709273448549547,36026176.68,41528025.1875,0.025268258913118742,1369699120,True,Energy
2026-07-27 04:00:00+00:00,COR,309.155,313.9,308.545,311.12,70046,311.982593,0.004552646023699758,-6.766815536607407e-05,0.004620314179065832,0.10991342481001665,0,3,3,positive,False,-0.4227806579826773,-0.9062320427107697,0.2613400321928452,0.0006709273448549547,21792711.52,20072439.1325,0.01721200822833621,1989299956,True,Healthcare
2026-07-27 04:00:00+00:00,COST,940.295,956.3,939.0,951.56,73970,949.604311,0.017330411076067698,-6.766815536607407e-05,0.017398079231433772,1.107093679960619,0,3,3,positive,False,-0.4227806579826773,-0.9062320427107697,0.25069833803321934,0.0006709273448549547,70386893.2,69182194.9,0.018180671739039006,2899986274,True,Consumer Defensive
2026-07-27 04:00:00+00:00,CP,92.59,92.61,91.135,91.44,167900,91.642258,-0.01012178619756432,-6.766815536607407e-05,-0.010054118042198246,-0.46945352227341103,2,-2,2,negative,False,-0.4227806579826773,-0.9062320427107697,0.18714429391495993,0.0006709273448549547,15352776.0,12475043.219999999,0.016130796150481127,3834744292,True,Industrials
2026-07-27 04:00:00+00:00,CPRT,28.23,29.93,28.23,29.79,2414827,29.616361,0.06621331424481025,-6.766815536607407e-05,0.06628098240017632,2.7281201727233264,0,4,4,positive,False,-0.4227806579826773,-0.9062320427107697,0.4873469144391158,0.0006709273448549547,71937696.33,23771945.73,0.05706612957368242,2060025077,True,Industrials
2026-07-27 04:00:00+00:00,CRBG,31.61,31.98,31.455,31.73,353201,31.62919,0.014386189258311921,-6.766815536607407e-05,0.014453857413677995,0.606877529627968,0,2,2,positive,False,-0.4227806579826773,-0.9062320427107697,0.2869414825457058,0.0006709273448549547,11207067.73,11644956.165,0.016545855657106905,3945660519,True,Financial Services
2026-07-27 04:00:00+00:00,CRCL,63.82,66.2,62.7,65.65,221413,64.593495,0.05199903853857868,-6.766815536607407e-05,0.05206670669394475,0.7741254428724265,0,2,2,positive,False,-0.4227806579826773,-0.9062320427107697,1.0203870328293896,0.0006709273448549547,14535763.450000001,21136076.6175,0.05331302361005331,3670554044,True,Financial Services
2026-07-27 04:00:00+00:00,CRDO,216.95,219.58,197.245,207.87,187470,205.304758,-0.026324418005527206,-6.766815536607407e-05,-0.026256749850161132,-0.1721636173403873,2,-2,2,negative,False,-0.4227806579826773,-0.9062320427107697,0.9569716039442714,0.0006709273448549547,38969388.9,57180873.375,0.10744696204358496,777868395,True,Technology
2026-07-27 04:00:00+00:00,CRH,101.955,103.355,100.87,102.84,443172,101.735736,0.030048076923076872,-6.766815536607407e-05,0.030115745078442946,2.0374161801447768,0,2,2,positive,False,-0.4227806579826773,-0.9062320427107697,0.3010017450547623,0.0006709273448549547,45575808.480000004,18207852.990000002,0.024163749513807852,1631271287,True,Basic Materials
2026-07-27 04:00:00+00:00,CRM,168.6,176.915,167.32,173.55,702420,173.689754,0.0606569900687548,-6.766815536607407e-05,0.060724658224120875,1.9393014662718517,0,2,2,positive,False,-0.4227806579826773,-0.9062320427107697,0.46888998107923424,0.0006709273448549547,121904991.00000001,73462676.025,0.05528666090463842,319778990,True,Technology
2026-07-27 04:00:00+00:00,CRWV,73.71,74.815,69.695,70.79,537241,71.025745,-0.014890064013359239,-6.766815536607407e-05,-0.014822395857993165,-0.024081233537644273,3,-3,3,negative,False,-0.4227806579826773,-0.9062320427107697,0.9130466378294154,0.0006709273448549547,38031290.39,58780344.927499995,0.07232659980223201,3368920105,True,Technology
2026-07-27 04:00:00+00:00,CSCO,114.72,115.37,112.74,114.6,712689,113.975495,0.003766313392309595,-6.766815536607407e-05,0.003833981547675669,0.04265943453378342,0,5,5,positive,False,-0.4227806579826773,-0.9062320427107697,0.3608124720739738,0.0006709273448549547,81674159.39999999,103843286.25,0.022949389179755756,508002137,True,Technology
2026-07-27 04:00:00+00:00,CSGP,28.24,29.915,28.105,29.165,625654,29.40117,0.05460133791357791,-6.766815536607407e-05,0.05466900606894398,1.3206550596471658,0,2,2,positive,False,-0.4227806579826773,-0.9062320427107697,0.5401748736956198,0.0006709273448549547,18247198.91,12760817.9925,0.06206068918223894,2582227120,True,Real Estate
2026-07-27 04:00:00+00:00,CTAS,206.345,211.695,206.345,210.99,128055,210.377784,0.024471959213401506,-6.766815536607407e-05,0.02453962736876758,0.6687814716275036,0,4,4,positive,False,-0.4227806579826773,-0.9062320427107697,0.36865353934077505,0.0006709273448549547,27018324.450000003,22004988.650000002,0.025356651974027176,2031966395,True,Industrials
2026-07-27 04:00:00+00:00,CTSH,46.69,47.995,46.215,47.04,548174,47.38717,0.03498349834983494,-6.766815536607407e-05,0.035051166505201015,0.7068266986888694,0,3,3,positive,False,-0.4227806579826773,-0.9062320427107697,0.48860580293367406,0.0006709273448549547,25786104.96,28728401.485,0.037840136054421644,2837123543,True,Technology
2026-07-27 04:00:00+00:00,CVE,28.565,28.57,27.97,28.03,1155717,28.167103,-0.04301809491293951,-6.766815536607407e-05,-0.042950426757573434,-1.8460626204151722,2,-2,2,negative,False,-0.4227806579826773,-0.9062320427107697,0.3848874090517194,0.0006709273448549547,32394747.51,16391301.29,0.021405636817695375,4016486370,True,Energy
2026-07-27 04:00:00+00:00,CVNA,62.62,64.765,62.58,64.08,425285,63.532087,0.05978665343587197,-6.766815536607407e-05,0.05985432159123805,2.0484093224932542,0,2,2,positive,False,-0.4227806579826773,-0.9062320427107697,0.5758554540092913,0.0006709273448549547,27252262.8,27906464.655,0.034098002496878936,2479095048,True,Consumer Cyclical
2026-07-27 04:00:00+00:00,CYTK,81.81,82.03,79.94,80.64,94252,80.765676,-0.0009910802775024985,-6.766815536607407e-05,-0.0009234121221364244,-0.08959022593967365,2,-2,2,negative,False,-0.4227806579826773,-0.9062320427107697,0.33317454594758367,0.0006709273448549547,7600481.28,7611742.125,0.025917658730158773,941863773,True,Healthcare
2026-07-27 04:00:00+00:00,D,71.035,71.4,70.1,70.27,407284,70.457413,-0.011534674356449726,-6.766815536607407e-05,-0.011467006201083652,-0.5120741077955008,2,-2,2,negative,False,-0.4227806579826773,-0.9062320427107697,0.17384345033981952,0.0006709273448549547,28619846.68,29835612.435000002,0.018500071154119987,1060754883,True,Utilities
2026-07-27 04:00:00+00:00,DAL,86.915,88.4,85.75,86.675,452612,86.473183,0.019106407995296948,-6.766815536607407e-05,0.019174076150663022,2.4845764277428635,0,2,2,positive,False,-0.4227806579826773,-0.9062320427107697,0.2758067151381958,0.0006709273448549547,39230145.1,27661304.58,0.03057398327083941,2963851506,True,Industrials
2026-07-27 04:00:00+00:00,DASH,177.91,185.48,177.91,184.37,214315,183.77913,0.0662155910247515,-6.766815536607407e-05,0.06628325918011757,2.671766158021641,0,2,2,positive,False,-0.4227806579826773,-0.9062320427107697,0.4545695034169644,0.0006709273448549547,39513256.550000004,38799097.435,0.041058740576015586,484672220,True,Consumer Cyclical
2026-07-27 04:00:00+00:00,DB,35.71,35.84,35.14,35.51,107070,35.42229,0.024080749819754832,-6.766815536607407e-05,0.024148417975120906,1.6105626042021843,0,2,2,positive,False,-0.4227806579826773,-0.9062320427107697,0.38244446764505263,0.0006709273448549547,3802055.6999999997,4543467.637499999,0.019712756969867726,3476733059,True,Financial Services
2026-07-27 04:00:00+00:00,DD,138.68,140.03,137.605,139.95,35555,138.884606,0.016192274179494648,-6.766815536607407e-05,0.016259942334860722,1.25827327425577,0,2,2,positive,False,-0.4227806579826773,-0.9062320427107697,0.19566628444280157,0.0006709273448549547,4975922.25,8465840.435,0.01732761700607368,2465237490,True,Basic Materials
2026-07-27 04:00:00+00:00,DDOG,253.85,257.46,249.37,251.85,169962,254.072716,0.0208341777795793,-6.766815536607407e-05,0.020901845934945373,0.6651226642646724,0,3,3,positive,False,-0.4227806579826773,-0.9062320427107697,0.41638356759066164,0.0006709273448549547,42804929.699999996,51111938.61,0.032122295016875024,3377142613,True,Technology
2026-07-27 04:00:00+00:00,DELL,435.255,446.92,412.25,426.665,277597,423.516282,-0.02409652333028356,-6.766815536607407e-05,-0.024028855174917485,-0.9670872563443684,2,-2,2,negative,False,-0.4227806579826773,-0.9062320427107697,0.7998311378164132,0.0006709273448549547,118440924.00500001,92807346.88,0.08125812991457002,2797276556,True,Technology
2026-07-27 04:00:00+00:00,DEO,84.01,85.82,84.01,85.15,44487,85.246673,0.024792393789866418,-6.766815536607407e-05,0.024860061945232492,0.9555085321399642,0,2,2,positive,False,-0.4227806579826773,-0.9062320427107697,0.3446427295256123,0.0006709273448549547,3788068.0500000003,3774696.225,0.021256605989430275,3562162086,True,Consumer Defensive
2026-07-27 04:00:00+00:00,DG,118.675,124.45,118.675,123.21,211134,123.142944,0.051324715218226125,-6.766815536607407e-05,0.0513923833735922,1.5490448625881303,0,2,2,positive,False,-0.4227806579826773,-0.9062320427107697,0.4100420685133833,0.0006709273448549547,26013820.139999997,14657802.629999999,0.046871195519844214,4247013633,True,Consumer Defensive
2026-07-27 04:00:00+00:00,DHI,149.58,150.74,146.79,147.51,91305,147.876531,0.005521472392638005,-6.766815536607407e-05,0.005589140548004079,0.49069109908755276,0,3,3,positive,False,-0.4227806579826773,-0.9062320427107697,0.31336087095931936,0.0006709273448549547,13468400.549999999,18339386.22,0.026777845569791996,3287280926,True,Consumer Cyclical
2026-07-27 04:00:00+00:00,DIS,95.77,97.18,95.77,96.61,521637,96.685708,0.018555614127570008,-6.766815536607407e-05,0.018623282282936082,1.38894043602287,0,2,2,positive,False,-0.4227806579826773,-0.9062320427107697,0.27183418500292417,0.0006709273448549547,50395350.57,50269988.055,0.014594762446951773,3731718448,True,Communication Services
2026-07-27 04:00:00+00:00,DKNG,23.645,24.585,23.495,24.11,734231,24.208519,0.04780530204259015,-6.766815536607407e-05,0.04787297019795622,1.9929045925000024,0,3,3,positive,False,-0.4227806579826773,-0.9062320427107697,0.3747133641964399,0.0006709273448549547,17702309.41,16706065.1,0.0452094566569888,3773304966,True,Consumer Cyclical
2026-07-27 04:00:00+00:00,DLTR,122.465,125.795,122.465,125.555,196212,124.781198,0.04229619790801942,-6.766815536607407e-05,0.04236386606338549,1.347094390269739,0,2,2,positive,False,-0.4227806579826773,-0.9062320427107697,0.3406393389471026,0.0006709273448549547,24635397.66,14192921.2375,0.026522241248855067,3794826421,True,Consumer Defensive
2026-07-27 04:00:00+00:00,DOC,22.235,22.535,22.175,22.51,400653,22.323549,0.010776829815895894,-6.766815536607407e-05,0.010844497971261968,0.6364057394513123,0,3,3,positive,False,-0.4227806579826773,-0.9062320427107697,0.1868783854438342,0.0006709273448549547,9018699.030000001,8534842.325,0.01599289204797865,3388972413,True,Real Estate
2026-07-27 04:00:00+00:00,DOCN,120.725,121.74,114.09,120.165,113948,118.063322,-0.026688806091041517,-6.766815536607407e-05,-0.026621137935675443,-0.34943473511329104,3,-3,3,negative,False,-0.4227806579826773,-0.9062320427107697,0.9891665716957275,0.0006709273448549547,13692561.42,20464146.1525,0.06366246411184613,2604256270,True,Technology
2026-07-27 04:00:00+00:00,DOW,28.95,29.215,28.25,28.75,1167444,28.829307,-0.03685092127303191,-6.766815536607407e-05,-0.03678325311766584,-0.9619744468809845,2,-2,2,negative,False,-0.4227806579826773,-0.9062320427107697,0.4089539779909639,0.0006709273448549547,33564015.0,21866542.700000003,0.033565217391304344,2983216234,True,Basic Materials
2026-07-27 04:00:00+00:00,DRI,201.0,204.66,201.0,204.06,99279,203.458106,0.039478376037899165,-6.766815536607407e-05,0.03954604419326524,2.1934684033600873,0,4,4,positive,False,-0.4227806579826773,-0.9062320427107697,0.3041575806620535,0.0006709273448549547,20258872.740000002,19633757.105,0.01793590120552777,162285309,True,Consumer Cyclical
2026-07-27 04:00:00+00:00,DT,42.49,44.085,42.39,43.7,200522,43.627105,0.04972375690607733,-6.766815536607407e-05,0.049791425061443406,2.574572071237792,0,2,2,positive,False,-0.4227806579826773,-0.9062320427107697,0.3988694132308142,0.0006709273448549547,8762811.4,12329870.899999999,0.03878718535469108,2830460521,True,Technology
2026-07-27 04:00:00+00:00,DVN,43.84,44.41,43.055,43.16,903334,43.566259,-0.04195338512763602,-6.766815536607407e-05,-0.04188571697226995,-1.4684303700045165,2,-2,2,negative,False,-0.4227806579826773,-0.9062320427107697,0.34185897289055756,0.0006709273448549547,38987895.44,33937915.47,0.03139481000926777,3618579155,True,Energy
2026-07-27 04:00:00+00:00,DXCM,72.17,74.58,72.13,73.365,321803,73.634662,0.025510204081632404,-6.766815536607407e-05,0.025577872236998478,0.699688950896364,0,2,2,positive,False,-0.4227806579826773,-0.9062320427107697,0.44675516818390465,0.0006709273448549547,23609077.095,16117720.5075,0.033394670483200474,737480973,True,Healthcare
2026-07-27 04:00:00+00:00,EA,209.18,209.18,208.995,209.06,123420,209.04226,-9.565716472170749e-05,-6.766815536607407e-05,-2.798900935563342e-05,0.04451700396893766,2,-2,2,negative,False,-0.4227806579826773,-0.9062320427107697,0.03801808274796667,0.0006709273448549547,25802185.2,20172206.095,0.0008849134219841302,4213853917,True,Communication Services
2026-07-27 04:00:00+00:00,EC,15.68,16.04,15.6,15.795,157781,15.834486,-0.014352574102964089,-6.766815536607407e-05,-0.014284905947598014,-0.9556736089379084,3,-3,3,negative,False,-0.4227806579826773,-0.9062320427107697,0.2810863453719311,0.0006709273448549547,2492150.895,1550876.0074999998,0.027856916745805604,456116297,True,Energy
2026-07-27 04:00:00+00:00,ECHO,87.325,88.62,85.82,86.62,218673,86.689309,-0.01444988053248375,-6.766815536607407e-05,-0.014382212377117676,-0.458067846141598,2,-2,2,negative,False,-0.4227806579826773,-0.9062320427107697,0.4087389941903169,0.0006709273448549547,18941455.26,23008033.615000002,0.03232509812976231,600030911,True,Communication Services
2026-07-27 04:00:00+00:00,ECL,269.4,272.175,269.4,271.48,80101,271.354339,0.010421319041238775,-6.766815536607407e-05,0.010488987196604849,0.7601669962504648,0,2,2,positive,False,-0.4227806579826773,-0.9062320427107697,0.21727053608180522,0.0006709273448549547,21745819.48,14995965.59,0.010221747458376432,2058485398,True,Basic Materials
2026-07-27 04:00:00+00:00,EFX,175.745,180.645,175.03,177.235,141726,178.391409,0.028045243619489568,-6.766815536607407e-05,0.028112911774855642,0.8699460944237246,0,2,2,positive,False,-0.4227806579826773,-0.9062320427107697,0.45020315482965195,0.0006709273448549547,25118807.610000003,19745306.6,0.03168110136259773,3895497679,True,Industrials
2026-07-27 04:00:00+00:00,EHC,113.74,115.49,113.46,113.845,22580,114.414756,0.00917471855331975,-6.766815536607407e-05,0.009242386708685824,0.28798177915796824,0,3,3,positive,False,-0.4227806579826773,-0.9062320427107697,0.23511219233691466,0.0006709273448549547,2570620.1,6056237.862499999,0.0178312618033291,2538393338,True,Healthcare
2026-07-27 04:00:00+00:00,EIX,79.31,79.735,78.255,78.6,87930,78.827084,-0.014172833312429578,-6.766815536607407e-05,-0.014105165157063504,-0.8437549633016045,2,-2,2,negative,False,-0.4227806579826773,-0.9062320427107697,0.22057907307488242,0.0006709273448549547,6911297.999999999,5837389.58,0.018829516539440254,1273888002,True,Utilities
2026-07-27 04:00:00+00:00,EL,82.33,83.26,81.3,83.16,72442,82.416974,0.036197121674661936,-6.766815536607407e-05,0.03626478983002801,1.7852522826620791,0,2,2,positive,False,-0.4227806579826773,-0.9062320427107697,0.31188265502420914,0.0006709273448549547,6024276.72,8193784.3025,0.023569023569023666,1937758905,True,Consumer Defensive
2026-07-27 04:00:00+00:00,ELAN,25.35,25.62,25.195,25.4,199565,25.399126,0.02008032128514059,-6.766815536607407e-05,0.020147989440506664,1.2777622933929673,0,2,2,positive,False,-0.4227806579826773,-0.9062320427107697,0.2578068116978471,0.0006709273448549547,5068951.0,6696090.09,0.01673228346456696,549300205,True,Healthcare
2026-07-27 04:00:00+00:00,ELS,65.765,66.145,65.04,65.04,95933,65.487194,-0.015515023083326862,-6.766815536607407e-05,-0.015447354927960788,-0.6151478913881137,2,-2,2,negative,False,-0.4227806579826773,-0.9062320427107697,0.22927462867679702,0.0006709273448549547,6239482.32,5452545.57,0.016989544895448797,2449389582,True,Real Estate
2026-07-27 04:00:00+00:00,EMR,148.585,150.74,146.99,149.34,106731,148.466371,0.009395065900642319,-6.766815536607407e-05,0.009462734056008393,0.577355309180457,0,5,5,positive,False,-0.4227806579826773,-0.9062320427107697,0.27384449534904115,0.0006709273448549547,15939207.540000001,17667456.294999998,0.02511048613901165,2692164378,True,Industrials
2026-07-27 04:00:00+00:00,ENTG,130.45,131.46,120.75,126.47,175201,123.859398,-0.021735767326732658,-6.766815536607407e-05,-0.021668099171366584,-0.07468078382442525,4,-4,4,negative,False,-0.4227806579826773,-0.9062320427107697,0.7660662460583139,0.0006709273448549547,22157670.47,21696658.495,0.08468411480983638,1014849983,True,Technology
2026-07-27 04:00:00+00:00,EPD,38.225,38.6,38.075,38.13,287131,38.249605,-0.015745998967475416,-6.766815536607407e-05,-0.015678330812109342,-0.6564509411918379,2,-2,2,negative,False,-0.4227806579826773,-0.9062320427107697,0.20411713354790437,0.0006709273448549547,10948305.030000001,8836606.100000001,0.013768686073957476,270734858,True,Energy
2026-07-27 04:00:00+00:00,EQH,48.605,49.1,48.25,48.59,148419,48.537519,0.012608106700010557,-6.766815536607407e-05,0.012675774855376631,0.5271238522291222,0,2,2,positive,False,-0.4227806579826773,-0.9062320427107697,0.32259999067416173,0.0006709273448549547,7211679.210000001,6648670.72,0.01749331138094261,702793902,True,Financial Services
2026-07-27 04:00:00+00:00,EQNR,39.035,39.32,38.46,38.48,267463,38.874901,-0.0463444857496903,-6.766815536607407e-05,-0.04627681759432423,-2.3026840580059265,2,-2,2,negative,False,-0.4227806579826773,-0.9062320427107697,0.4513249381674383,0.0006709273448549547,10291976.239999998,10640259.067499999,0.022349272349272337,2757452386,True,Energy
2026-07-27 04:00:00+00:00,EQR,67.535,68.13,67.22,67.26,258366,67.696679,-0.009133765468473665,-6.766815536607407e-05,-0.00906609731310759,-0.2946528544858617,2,-2,2,negative,False,-0.4227806579826773,-0.9062320427107697,0.19073850676544318,0.0006709273448549547,17377697.16,9272046.86,0.013529586678560758,3555836270,True,Real Estate
2026-07-27 04:00:00+00:00,EQT,52.26,52.78,51.87,52.0,730644,52.338169,-0.019515414349014715,-6.766815536607407e-05,-0.01944774619364864,-0.8092282805737918,2,-2,2,negative,False,-0.4227806579826773,-0.9062320427107697,0.3776569721937871,0.0006709273448549547,37993488.0,28615894.8375,0.01750000000000007,4043854044,True,Energy
2026-07-27 04:00:00+00:00,ERIC,9.61,9.695,9.53,9.68,992515,9.638195,0.036957686127477185,-6.766815536607407e-05,0.03702535428284326,4.088777785707015,0,2,2,positive,False,-0.4227806579826773,-0.9062320427107697,0.5910075204072696,0.0006709273448549547,9607545.2,8644214.5275,0.01704545454545464,2631495595,True,Technology
2026-07-27 04:00:00+00:00,ET,20.19,20.28,19.865,19.91,451250,19.97333,-0.022342253866928452,-6.766815536607407e-05,-0.022274585711562378,-1.4437187947756098,2,-2,2,negative,False,-0.4227806579826773,-0.9062320427107697,0.18955758627781644,0.0006709273448549547,8984387.5,9224393.754999999,0.020843797086891144,2786416103,True,Energy
2026-07-27 04:00:00+00:00,ETN,402.34,406.01,387.65,398.53,100873,394.635132,-0.013564020692557133,-6.766815536607407e-05,-0.013496352537191059,-0.4654062853340399,2,-2,2,negative,False,-0.4227806579826773,-0.9062320427107697,0.4007419626471062,0.0006709273448549547,40200916.69,43025149.5,0.04606930469475325,3044228244,True,Industrials
2026-07-27 04:00:00+00:00,EXE,91.91,92.26,90.21,90.46,216324,91.210263,-0.011582167832167811,-6.766815536607407e-05,-0.011514499676801737,-0.7009891580080032,3,-3,3,negative,False,-0.4227806579826773,-0.9062320427107697,0.30042937465006947,0.0006709273448549547,19568669.04,18324598.185000002,0.022661950033163958,888327854,True,Energy
2026-07-27 04:00:00+00:00,EXPD,174.16,174.16,170.88,171.315,48553,171.622052,-0.022453637660485026,-6.766815536607407e-05,-0.022385969505118952,-1.954022064436265,2,-2,2,negative,False,-0.4227806579826773,-0.9062320427107697,0.2554774055966016,0.0006709273448549547,8317857.195,11641631.385,0.019146017569973448,157952217,True,Industrials
2026-07-27 04:00:00+00:00,EXPE,268.085,280.63,268.085,278.44,63629,277.372887,0.07121148001384991,-6.766815536607407e-05,0.07127914816921599,3.7256827359153837,0,3,3,positive,False,-0.4227806579826773,-0.9062320427107697,0.38579276523994954,0.0006709273448549547,17716858.76,17542824.375,0.04505458985777911,2435291908,True,Consumer Cyclical
2026-07-27 04:00:00+00:00,EXR,148.775,150.52,148.06,148.295,61441,148.852939,0.003994448393757732,-6.766815536607407e-05,0.0040621165491238065,0.244533492063575,0,3,3,positive,False,-0.4227806579826773,-0.9062320427107697,0.24285734056020994,0.0006709273448549547,9111393.094999999,6630785.495,0.01658855659327697,2492503597,True,Real Estate
2026-07-27 04:00:00+00:00,F,14.84,14.86,14.35,14.69,2992042,14.54091,0.022980501392757757,-6.766815536607407e-05,0.02304816954812383,1.1415791765362697,0,2,2,positive,False,-0.4227806579826773,-0.9062320427107697,0.273821543183207,0.0006709273448549547,43953096.98,25406395.340000004,0.03471749489448603,4135235850,True,Consumer Cyclical
2026-07-27 04:00:00+00:00,FANG,198.0,201.52,195.55,195.8,121280,199.430823,-0.04336142665200926,-6.766815536607407e-05,-0.04329375849664319,-2.0666593635674895,2,-2,2,negative,False,-0.4227806579826773,-0.9062320427107697,0.36223904650558253,0.0006709273448549547,23746624.0,22998641.455,0.030490296220633293,2722207532,True,Energy
2026-07-27 04:00:00+00:00,FAST,46.78,47.49,46.75,47.39,410993,47.2,0.013473053892215647,-6.766815536607407e-05,0.013540722047581721,1.0490865521789638,0,4,4,positive,False,-0.4227806579826773,-0.9062320427107697,0.25772089733373466,0.0006709273448549547,19476958.27,24828690.74,0.015615108672715804,2371796252,True,Industrials
2026-07-27 04:00:00+00:00,FDX,314.04,315.17,308.73,310.77,69919,311.544174,-0.0132719479282426,-6.766815536607407e-05,-0.013204279772876526,-0.7218595954742801,3,-3,3,negative,False,-0.4227806579826773,-0.9062320427107697,0.25296670478743316,0.0006709273448549547,21728727.63,32353607.435000002,0.020722720983363897,1818760238,True,Industrials
2026-07-27 04:00:00+00:00,FER,63.375,63.42,62.37,62.87,135713,62.752764,-0.006243578597960986,-6.766815536607407e-05,-0.006175910442594912,-0.5729927167992146,3,-3,3,negative,False,-0.4227806579826773,-0.9062320427107697,0.17854606227742656,0.0006709273448549547,8532276.31,6078608.3325,0.016701129314458475,3509846928,True,Industrials
2026-07-27 04:00:00+00:00,FERG,230.55,235.175,230.55,234.05,65345,233.5446,0.014872951175093352,-6.766815536607407e-05,0.014940619330459426,0.6691371081876938,0,4,4,positive,False,-0.4227806579826773,-0.9062320427107697,0.2369681075845381,0.0006709273448549547,15293997.25,16806812.215,0.019760734885708182,2148364246,True,Industrials
2026-07-27 04:00:00+00:00,FHN,25.585,25.81,25.42,25.48,251474,25.536481,-0.0015673981191222097,-6.766815536607407e-05,-0.0014997299637561357,0.022984407858145296,2,-2,2,negative,False,-0.4227806579826773,-0.9062320427107697,0.2030424262551339,0.0006709273448549547,6407557.5200000005,7706877.1,0.015306122448979475,3564293532,True,Financial Services
2026-07-27 04:00:00+00:00,FIG,21.9,22.96,21.625,22.94,1261232,22.545373,0.08463356973995295,-6.766815536607407e-05,0.08470123789531903,1.3529179506233295,0,2,2,positive,False,-0.4227806579826773,-0.9062320427107697,0.9009769087397812,0.0006709273448549547,28932662.080000002,26586410.200000003,0.05819529206625984,10523093,True,Technology
2026-07-27 04:00:00+00:00,FIS,42.2,43.575,42.07,43.12,505451,43.252366,0.038535645472061564,-6.766815536607407e-05,0.03860331362742764,0.9494381733941514,0,3,3,positive,False,-0.4227806579826773,-0.9062320427107697,0.40686061894934605,0.0006709273448549547,21795047.119999997,15128391.965,0.03490259740259746,1743401859,True,Technology
2026-07-27 04:00:00+00:00,FISV,51.49,52.61,51.215,52.27,314997,52.260611,0.024500196001568053,-6.766815536607407e-05,0.024567864156934127,0.5312919427260369,0,3,3,positive,False,-0.4227806579826773,-0.9062320427107697,0.3608389072358544,0.0006709273448549547,16464893.190000001,16052342.385,0.02668834895733683,591712036,True,nan
2026-07-27 04:00:00+00:00,FIVE,205.37,208.35,204.2,207.27,55132,206.626055,0.021185396856678418,-6.766815536607407e-05,0.021253065012044492,0.7736956357504527,0,2,2,positive,False,-0.4227806579826773,-0.9062320427107697,0.32437089687968623,0.0006709273448549547,11427209.64,12748953.715,0.020022193274472935,3009212858,True,Consumer Cyclical
2026-07-27 04:00:00+00:00,FLEX,119.005,119.5,109.55,116.035,338416,112.746803,-0.02063639432815667,-6.766815536607407e-05,-0.020568726172790597,-0.39263458330921125,2,-2,2,negative,False,-0.4227806579826773,-0.9062320427107697,0.7633963364016811,0.0006709273448549547,39268100.56,29933905.284999996,0.08574998922738832,154291241,True,Technology
2026-07-27 04:00:00+00:00,FLUT,105.68,108.51,104.02,105.73,133460,106.818519,0.043834534504886946,-6.766815536607407e-05,0.04390220266025302,2.0269597988493984,0,3,3,positive,False,-0.4227806579826773,-0.9062320427107697,0.3542008589019552,0.0006709273448549547,14110725.8,11127617.4875,0.04246666036129773,3219085061,True,Consumer Cyclical
2026-07-27 04:00:00+00:00,FNF,51.7,52.275,51.615,52.02,76822,52.005903,0.007944196861073616,-6.766815536607407e-05,0.00801186501643969,0.31721382428504397,0,2,2,positive,False,-0.4227806579826773,-0.9062320427107697,0.32228402090647096,0.0006709273448549547,3996280.4400000004,3466498.5,0.01268742791234134,3764576750,True,Financial Services
2026-07-27 04:00:00+00:00,FOX,50.01,51.84,50.01,50.815,76493,51.188029,0.028643724696356232,-6.766815536607407e-05,0.028711392851722306,1.0257866873525543,0,2,2,positive,False,-0.4227806579826773,-0.9062320427107697,0.32662041143678183,0.0006709273448549547,3886991.795,3239025.035,0.0360129882908591,1545561578,True,Communication Services
2026-07-27 04:00:00+00:00,FOXA,55.75,57.66,55.75,56.63,230555,57.043145,0.024050632911392533,-6.766815536607407e-05,0.024118301066758607,0.8240286607990435,0,2,2,positive,False,-0.4227806579826773,-0.9062320427107697,0.341873488062491,0.0006709273448549547,13056329.65,14195054.375,0.03372770616281117,2608755077,True,Communication Services
2026-07-27 04:00:00+00:00,FTAI,221.495,222.73,204.715,214.45,83068,211.79943,-0.0073597481947788035,-6.766815536607407e-05,-0.007292080039412729,0.06490051263879708,3,-3,3,negative,False,-0.4227806579826773,-0.9062320427107697,0.6440092988459946,0.0006709273448549547,17813932.599999998,17528443.03,0.08400559570995564,649004000,True,Industrials
2026-07-27 04:00:00+00:00,FTV,62.615,63.06,62.34,62.93,161924,62.723448,0.00978818998716302,-6.766815536607407e-05,0.009855858142529095,0.5990213487263379,0,3,3,positive,False,-0.4227806579826773,-0.9062320427107697,0.24863237350196304,0.0006709273448549547,10189877.32,7560266.85,0.011441283966311756,131988753,True,Technology
2026-07-27 04:00:00+00:00,FWONK,97.55,98.76,97.515,98.28,137721,98.321928,0.012934810615820691,-6.766815536607407e-05,0.013002478771186765,0.7827230315530463,0,3,3,positive,False,-0.4227806579826773,-0.9062320427107697,0.27151575003889733,0.0006709273448549547,13535219.88,12659661.825,0.012667887667887715,679927760,True,Communication Services
2026-07-27 04:00:00+00:00,GD,389.02,392.46,388.61,389.05,58587,390.19946,0.005946994182288279,-6.766815536607407e-05,0.006014662337654353,0.09491187629369417,0,4,4,positive,False,-0.4227806579826773,-0.9062320427107697,0.19161584134196802,0.0006709273448549547,22793272.35,16255031.129999999,0.0098959002698881,2286771199,True,Industrials
2026-07-27 04:00:00+00:00,GDDY,94.54,98.21,93.675,96.34,115346,96.733982,0.03446794802963615,-6.766815536607407e-05,0.03453561618500223,1.0706804183155971,0,2,2,positive,False,-0.4227806579826773,-0.9062320427107697,0.44467218571139666,0.0006709273448549547,11112433.64,6738561.225,0.04707286692962421,3536790546,True,Technology
2026-07-27 04:00:00+00:00,GE,360.63,365.38,356.13,361.66,260496,360.309842,0.022389325493300305,-6.766815536607407e-05,0.02245699364866638,1.7955653266074576,0,4,4,positive,False,-0.4227806579826773,-0.9062320427107697,0.28659474559435405,0.0006709273448549547,94210983.36,69201892.77499999,0.02557650832273406,3900047768,True,Industrials
2026-07-27 04:00:00+00:00,GEN,26.71,26.97,26.325,26.75,391811,26.748032,0.034616128408431646,-6.766815536607407e-05,0.03468379656379772,1.8023511440336792,0,2,2,positive,False,-0.4227806579826773,-0.9062320427107697,0.3440505274471715,0.0006709273448549547,10480944.25,8571323.925,0.024112149532710264,245485562,True,Technology
2026-07-27 04:00:00+00:00,GEV,1011.25,1014.35,942.51,996.77,175949,976.096653,-0.01756858648031978,-6.766815536607407e-05,-0.017500918324953707,-0.24657301742897061,2,-2,2,negative,False,-0.4227806579826773,-0.9062320427107697,0.6057430631011642,0.0006709273448549547,175380684.73,155270821.4725,0.07207279512826432,1642175902,True,Industrials
2026-07-27 04:00:00+00:00,GFI,33.08,33.13,32.205,32.89,296801,32.759561,0.00627199020957625,-6.766815536607407e-05,0.006339658364942324,0.4790548975799998,0,2,2,positive,False,-0.4227806579826773,-0.9062320427107697,0.39652993511533347,0.0006709273448549547,9761784.89,11112189.7225,0.028124049863180428,3416558949,True,Basic Materials
2026-07-27 04:00:00+00:00,GFS,54.27,54.27,50.7,53.04,190476,52.281843,-0.00878340497103347,-6.766815536607407e-05,-0.008715736815667396,0.1664127758054612,4,-4,4,negative,False,-0.4227806579826773,-0.9062320427107697,0.5907738106972533,0.0006709273448549547,10102847.04,9583513.294999998,0.06730769230769232,2296960522,True,Technology
2026-07-27 04:00:00+00:00,GGG,79.37,80.51,79.365,80.445,87184,79.949534,0.011950437134410796,-6.766815536607407e-05,0.01201810528977687,1.0845365326940075,0,4,4,positive,False,-0.4227806579826773,-0.9062320427107697,0.2865240240975657,0.0006709273448549547,7013516.879999999,4607131.584999999,0.014233327117906773,1280785780,True,Industrials
2026-07-27 04:00:00+00:00,GH,147.5,150.595,143.74,145.5,66743,145.455786,-0.013157894736842035,-6.766815536607407e-05,-0.013090226581475961,-0.1977082062066573,2,-2,2,negative,False,-0.4227806579826773,-0.9062320427107697,0.6718927465837305,0.0006709273448549547,9711106.5,24156741.255,0.0471134020618556,2809597037,True,Healthcare
2026-07-27 04:00:00+00:00,GIS,36.37,36.965,35.92,36.62,841683,36.60051,0.016093229744728044,-6.766815536607407e-05,0.016160897900094118,0.782903092869101,0,2,2,positive,False,-0.4227806579826773,-0.9062320427107697,0.48091283429539317,0.0006709273448549547,30822431.459999997,26382046.93,0.02853631895139273,2931031375,True,Consumer Defensive
2026-07-27 04:00:00+00:00,GLW,145.83,148.58,136.33,143.19,741603,140.676529,-0.023427109974424543,-6.766815536607407e-05,-0.02335944181905847,-0.1337768340939012,2,-2,2,negative,False,-0.4227806579826773,-0.9062320427107697,1.0000713079427954,0.0006709273448549547,106190133.57,87957719.2,0.08555066694601579,3360766625,True,Technology
2026-07-27 04:00:00+00:00,GM,84.785,87.05,84.1,87.04,461698,85.519074,0.05343419062027244,-6.766815536607407e-05,0.05350185877563851,3.16485502533315,0,2,2,positive,False,-0.4227806579826773,-0.9062320427107697,0.34971965407044714,0.0006709273448549547,40186193.92,21623883.8525,0.03389246323529415,3012627364,True,Consumer Cyclical
2026-07-27 04:00:00+00:00,GMAB,28.8,29.15,28.62,28.81,97758,28.935896,-0.002423822714681445,-6.766815536607407e-05,-0.002356154559315371,-0.16965708175011276,2,-2,2,negative,False,-0.4227806579826773,-0.9062320427107697,0.33704549031141207,0.0006709273448549547,2816407.98,3636037.12,0.018396390142311616,2053820881,True,Healthcare
2026-07-27 04:00:00+00:00,GMED,76.73,78.87,76.73,78.255,127690,78.316129,0.023610202746893405,-6.766815536607407e-05,0.02367787090225948,0.7036074129035785,0,3,3,positive,False,-0.4227806579826773,-0.9062320427107697,0.49734343571056716,0.0006709273448549547,9992380.95,9677628.375,0.027346495431601822,1416929291,True,Healthcare
2026-07-27 04:00:00+00:00,GOOG,324.65,330.09,324.58,326.42,685000,327.402959,0.02277925740247544,-6.766815536607407e-05,0.022846925557841513,1.1601243680431355,0,2,2,positive,False,-0.4227806579826773,-0.9062320427107697,0.4261281755833102,0.0006709273448549547,223597700.0,219637943.4,0.016880093131548285,1956680598,True,Communication Services
2026-07-27 04:00:00+00:00,GOOGL,325.245,330.41,324.45,326.38,1188475,327.625799,0.020814762686683697,-6.766815536607407e-05,0.02088243084204977,1.0871293152751516,0,2,2,positive,False,-0.4227806579826773,-0.9062320427107697,0.42890584258225606,0.0006709273448549547,387894470.5,341059603.09000003,0.018260922850664982,2724185701,True,Communication Services
2026-07-27 04:00:00+00:00,GPC,124.25,128.745,124.25,127.66,100540,127.78889,0.028065230521441498,-6.766815536607407e-05,0.02813289867680757,1.6131577801834687,0,4,4,positive,False,-0.4227806579826773,-0.9062320427107697,0.556480912518686,0.0006709273448549547,12834936.4,10416133.875,0.03521071596428015,1502470503,True,Consumer Cyclical
2026-07-27 04:00:00+00:00,GPN,82.275,84.32,82.1,84.04,195204,83.422704,0.03804347826086962,-6.766815536607407e-05,0.0381111464162357,0.7523090170363067,0,2,2,positive,False,-0.4227806579826773,-0.9062320427107697,0.48129513394357115,0.0006709273448549547,16404944.160000002,8539314.4725,0.026415992384578757,434954405,True,Industrials
2026-07-27 04:00:00+00:00,GRAB,3.385,3.41,3.325,3.335,2635761,3.363851,0.007552870090634434,-6.766815536607407e-05,0.007620538246000508,0.3174901735109882,0,2,2,positive,False,-0.4227806579826773,-0.9062320427107697,0.4105981175813877,0.0006709273448549547,8790262.935,7651159.91,0.025487256371814083,3772243894,True,Technology
2026-07-27 04:00:00+00:00,GS,1080.125,1088.39,1029.425,1048.02,91075,1045.826586,-0.01246643109540635,-6.766815536607407e-05,-0.012398762940040275,-0.4006723314434577,3,-3,3,negative,False,-0.4227806579826773,-0.9062320427107697,0.4562610291373697,0.0006709273448549547,95448421.5,59022829.08,0.05626323925115947,1053881450,True,Financial Services
2026-07-27 04:00:00+00:00,GSK,51.96,52.67,51.77,51.955,366356,52.105913,0.011781888997078882,-6.766815536607407e-05,0.011849557152444956,0.7610799897541115,0,5,5,positive,False,-0.4227806579826773,-0.9062320427107697,0.28577513145475963,0.0006709273448549547,19034025.98,13484488.0675,0.017322683091136534,1491226216,True,Healthcare
2026-07-27 04:00:00+00:00,GWRE,143.215,152.37,141.76,149.1,64041,149.737999,0.07844200933058487,-6.766815536607407e-05,0.07850967748595095,3.197262248819342,0,2,2,positive,False,-0.4227806579826773,-0.9062320427107697,0.5435318536273482,0.0006709273448549547,9548513.1,12102518.675,0.07116029510395717,376829916,True,Technology
2026-07-27 04:00:00+00:00,HAS,89.65,90.695,88.99,90.61,70713,90.126589,0.020382882882882924,-6.766815536607407e-05,0.020450551038249,0.8718126155930361,0,2,2,positive,False,-0.4227806579826773,-0.9062320427107697,0.41610080757232876,0.0006709273448549547,6407304.93,8007294.415,0.018816907626089816,156937018,True,Consumer Cyclical
2026-07-27 04:00:00+00:00,HBAN,17.35,17.525,17.09,17.14,2497357,17.229954,-0.012672811059907807,-6.766815536607407e-05,-0.012605142904541733,-0.5592950549176823,3,-3,3,negative,False,-0.4227806579826773,-0.9062320427107697,0.27665202324247073,0.0006709273448549547,42804698.980000004,18122944.042499997,0.0253792298716452,2567267328,True,Financial Services
2026-07-27 04:00:00+00:00,HCA,386.12,392.51,384.425,389.77,188883,389.861433,0.01977970225792114,-6.766815536607407e-05,0.019847370413287213,0.8070405446846374,0,3,3,positive,False,-0.4227806579826773,-0.9062320427107697,0.4311965617375088,0.0006709273448549547,73620926.91,33221092.155,0.02074300228339785,3365311261,True,Healthcare
2026-07-27 04:00:00+00:00,HD,338.735,341.77,335.35,336.01,123634,337.550877,0.009099645624361719,-6.766815536607407e-05,0.009167313779727793,0.8759760712716285,0,2,2,positive,False,-0.4227806579826773,-0.9062320427107697,0.2553263801284442,0.0006709273448549547,41542260.339999996,54478676.37,0.019106574209100797,842940793,True,Consumer Cyclical
2026-07-27 04:00:00+00:00,HIG,141.085,141.9,139.75,140.12,142224,140.402934,-0.0030594094628246804,-6.766815536607407e-05,-0.0029917413074586063,-0.004740500723459953,2,-2,2,negative,False,-0.4227806579826773,-0.9062320427107697,0.22651942107138007,0.0006709273448549547,19928426.88,10471454.504999999,0.01534399086497292,4164664938,True,Financial Services
2026-07-27 04:00:00+00:00,HLN,9.88,10.03,9.855,9.94,1841691,9.957986,0.014285714285714235,-6.766815536607407e-05,0.014353382441080309,1.0390499683868137,0,2,2,positive,False,-0.4227806579826773,-0.9062320427107697,0.24788902224689666,0.0006709273448549547,18306408.54,4147562.3150000004,0.017605633802816795,2123083909,True,Healthcare
2026-07-27 04:00:00+00:00,HLT,327.72,331.8,326.14,330.96,133758,328.203794,0.01840113237737695,-6.766815536607407e-05,0.018468800532743024,1.145994950154852,0,4,4,positive,False,-0.4227806579826773,-0.9062320427107697,0.23018111934749497,0.0006709273448549547,44268547.68,33046042.53,0.017101764563693573,3340138353,True,Consumer Cyclical
2026-07-27 04:00:00+00:00,HMC,28.86,29.17,28.86,29.14,86573,29.026886,0.03443379481718134,-6.766815536607407e-05,0.034501462972547414,1.9238614445817055,0,2,2,positive,False,-0.4227806579826773,-0.9062320427107697,0.3608127962154962,0.0006709273448549547,2522737.22,2504165.64,0.010638297872340503,2237888148,True,Consumer Cyclical
2026-06-26 04:00:00+00:00,HONAV,219.295,236.505,206.8,220.59,66171,215.480767,-0.025985208080361977,-0.005427297396806363,-0.020557910683555614,0.0,3,-3,3,negative,False,0.0966127018812031,-0.9953220513156602,0.6331492889702259,-0.0015240071555597146,14596660.89,336753.15,0.1346615893739516,2199602627,True,Industrials
2026-07-27 04:00:00+00:00,HPE,48.13,49.02,46.355,48.2,681554,47.454857,0.00963552576455795,-6.766815536607407e-05,0.009703193919924025,0.12683375295449129,0,5,5,positive,False,-0.4227806579826773,-0.9062320427107697,0.6233502944316194,0.0006709273448549547,32850902.8,54788041.650000006,0.0552904564315354,1811860033,True,Technology
2026-07-27 04:00:00+00:00,HPQ,26.005,26.585,25.87,26.545,1070650,26.316869,0.030473602484472062,-6.766815536607407e-05,0.030541270639838136,0.7114164285230347,0,2,2,positive,False,-0.4227806579826773,-0.9062320427107697,0.3777321025394169,0.0006709273448549547,28420404.25,21113490.8,0.02693539272932755,1105895602,True,Technology
2026-07-27 04:00:00+00:00,HRL,25.73,26.14,25.71,26.04,253782,25.998127,0.028842354800474146,-6.766815536607407e-05,0.02891002295584022,2.1652872434762047,0,4,4,positive,False,-0.4227806579826773,-0.9062320427107697,0.3043232159553025,0.0006709273448549547,6608483.279999999,6383315.962499999,0.01651305683563747,2489548803,True,Consumer Defensive
2026-07-27 04:00:00+00:00,HSBC,103.93,104.33,103.02,103.96,47107,103.738148,0.005610369510543611,-6.766815536607407e-05,0.005678037665909685,-0.13502389537142007,0,2,2,positive,False,-0.4227806579826773,-0.9062320427107697,0.19985994917130698,0.0006709273448549547,4897243.72,5782415.005,0.012601000384763392,3075925681,True,Financial Services
2026-07-27 04:00:00+00:00,HST,24.6,25.005,24.56,24.98,532787,24.885742,0.01979995917534194,-6.766815536607407e-05,0.019867627330708015,1.2391047071865156,0,2,2,positive,False,-0.4227806579826773,-0.9062320427107697,0.2177103994259367,0.0006709273448549547,13309019.26,16210091.545000002,0.017814251401120907,1993510458,True,Real Estate
2026-07-27 04:00:00+00:00,HSY,175.52,180.56,175.52,180.11,75812,179.038432,0.03315550966557668,-6.766815536607407e-05,0.03322317782094275,1.7103797060407802,0,4,4,positive,False,-0.4227806579826773,-0.9062320427107697,0.28881244521215027,0.0006709273448549547,13654499.32,14775494.445,0.027982899339292606,2987040464,True,Consumer Defensive
2026-07-27 04:00:00+00:00,HUM,385.8,387.42,377.195,381.11,63426,381.575018,-0.020030856261249563,-6.766815536607407e-05,-0.01996318810588349,-0.9012416758798597,2,-2,2,negative,False,-0.4227806579826773,-0.9062320427107697,0.35238298049330846,0.0006709273448549547,24172282.86,24443601.4,0.02682952428432742,3380996661,True,Healthcare
2026-07-27 04:00:00+00:00,HUT,111.37,112.04,100.92,104.62,204511,103.992949,-0.048865857538979096,-6.766815536607407e-05,-0.04879818938361302,-0.44586207675652884,2,-2,2,negative,False,-0.4227806579826773,-0.9062320427107697,1.0218481773087809,0.0006709273448549547,21395940.82,20265129.255,0.10628942840757029,2387003479,True,Financial Services
2026-07-27 04:00:00+00:00,IBM,217.245,219.515,215.36,215.99,331992,217.167057,0.008969028822347846,-6.766815536607407e-05,0.00903669697771392,0.09488547128152712,0,3,3,positive,False,-0.4227806579826773,-0.9062320427107697,0.9723758897930661,0.0006709273448549547,71706952.08,93516784.345,0.019237001713042143,2537179777,True,Technology
2026-07-27 04:00:00+00:00,IBN,30.02,30.02,29.755,29.885,299158,29.878447,0.01305084745762719,-6.766815536607407e-05,0.013118515612993265,0.7050047827457899,0,3,3,positive,False,-0.4227806579826773,-0.9062320427107697,0.20639550813635354,0.0006709273448549547,8940336.83,13111887.735,0.008867324744855297,1061257439,True,Financial Services
2026-07-27 04:00:00+00:00,ICE,146.415,148.63,144.92,148.63,208292,147.738288,0.01927033328761496,-6.766815536607407e-05,0.019338001442981034,0.2742092841756248,0,4,4,positive,False,-0.4227806579826773,-0.9062320427107697,0.2649497681358311,0.0006709273448549547,30958439.96,31153348.0625,0.024961313328399435,3664429798,True,Financial Services
2026-07-27 04:00:00+00:00,IFF,76.935,77.41,76.35,76.4,83766,76.710811,0.006057413747695639,-6.766815536607407e-05,0.006125081903061713,0.6779180669201513,0,2,2,positive,False,-0.4227806579826773,-0.9062320427107697,0.3640605694557989,0.0006709273448549547,6399722.4,7315120.5425,0.01387434554973825,3049056914,True,Basic Materials
2026-07-27 04:00:00+00:00,ILMN,195.04,195.04,188.52,189.42,94423,190.300797,-0.023910130887354497,-6.766815536607407e-05,-0.023842462731988423,-0.6945813930398042,2,-2,2,negative,False,-0.4227806579826773,-0.9062320427107697,0.39756529808994356,0.0006709273448549547,17885604.66,18720391.025,0.03442086368915628,923530323,True,Healthcare
2026-07-27 04:00:00+00:00,INCY,118.0,120.68,117.55,118.9,163320,119.354868,0.010410027618440676,-6.766815536607407e-05,0.01047769577380675,0.4187574870524051,0,3,3,positive,False,-0.4227806579826773,-0.9062320427107697,0.20936390946644756,0.0006709273448549547,19418748.0,7927268.584999999,0.026324642556770476,1025953866,True,Healthcare
2026-07-27 04:00:00+00:00,INFY,11.38,11.8,11.27,11.73,4203545,11.632168,0.055805580558055956,-6.766815536607407e-05,0.05587324871342203,2.0623349169755643,0,2,2,positive,False,-0.4227806579826773,-0.9062320427107697,0.49483897207306116,0.0006709273448549547,49307582.85,18286732.465,0.045183290707587476,41762512,True,Technology
2026-07-27 04:00:00+00:00,ING,33.495,33.595,33.26,33.5,96544,33.433856,0.020097442143726996,-6.766815536607407e-05,0.02016511029909307,1.1572713529200096,0,2,2,positive,False,-0.4227806579826773,-0.9062320427107697,0.25510226478735487,0.0006709273448549547,3234224.0,4212391.859999999,0.010000000000000026,3212590296,True,Financial Services
2026-07-27 04:00:00+00:00,INSM,106.65,107.25,104.6,104.64,79046,105.627773,-0.021736081895947335,-6.766815536607407e-05,-0.02166841374058126,-1.1344436879189623,2,-2,2,negative,False,-0.4227806579826773,-0.9062320427107697,0.34958371417143125,0.0006709273448549547,8271373.44,15533764.219999999,0.025324923547400666,4154998045,True,Healthcare
2026-07-27 04:00:00+00:00,INTC,92.24,94.97,86.95,91.66,3525023,90.383192,-0.007686478293818411,-6.766815536607407e-05,-0.007618810138452337,0.0698098088824401,4,-4,4,negative,False,-0.4227806579826773,-0.9062320427107697,0.799379775480722,0.0006709273448549547,323103608.18,316028661.145,0.08749727252891115,2714945824,True,Technology
2026-07-27 04:00:00+00:00,INTU,304.84,310.095,299.97,303.94,195666,306.181455,0.025819298660096468,-6.766815536607407e-05,0.025886966815462542,0.7236406701003876,0,3,3,positive,False,-0.4227806579826773,-0.9062320427107697,0.4347894523597845,0.0006709273448549547,59470724.04,76964859.01500002,0.03331249588734619,3088484647,True,Technology
2026-07-27 04:00:00+00:00,IOT,34.44,36.49,34.16,35.36,404137,35.591076,0.06763285024154597,-6.766815536607407e-05,0.06770051839691205,1.589328603276013,0,2,2,positive,False,-0.4227806579826773,-0.9062320427107697,0.6375711281081344,0.0006709273448549547,14290284.32,11758680.18,0.0658936651583712,392559024,True,Technology
2026-07-27 04:00:00+00:00,IP,42.98,43.42,42.0,42.4,429132,42.469078,0.004739336492890933,-6.766815536607407e-05,0.004807004648257007,0.10370706684081706,0,4,4,positive,False,-0.4227806579826773,-0.9062320427107697,0.5166393711729184,0.0006709273448549547,18195196.8,12710784.805,0.03349056603773589,3210020119,True,Consumer Cyclical
2026-07-27 04:00:00+00:00,IQV,209.05,213.39,208.0,213.235,142054,211.376212,0.025538054586990544,-6.766815536607407e-05,0.025605722742356618,1.923504970479683,0,3,3,positive,False,-0.4227806579826773,-0.9062320427107697,0.31988970175486103,0.0006709273448549547,30290884.69,14710659.559999999,0.025277276244518893,2599152945,True,Healthcare
2026-07-27 04:00:00+00:00,IREN,37.58,38.485,34.89,36.3,1275337,36.030032,-0.020507285483000626,-6.766815536607407e-05,-0.02043961732763455,-0.025211344166097147,3,-3,3,negative,False,-0.4227806579826773,-0.9062320427107697,1.179968701188093,0.0006709273448549547,46294733.099999994,58565068.05,0.09903581267217629,1289188677,True,Financial Services
2026-07-27 04:00:00+00:00,ISRG,343.72,359.23,343.39,356.79,190643,355.428726,0.057437538899262064,-6.766815536607407e-05,0.05750520705462814,2.437561679601207,0,2,2,positive,False,-0.4227806579826773,-0.9062320427107697,0.7006324380699287,0.0006709273448549547,68019515.97,67867047.405,0.044395863112755486,225636501,True,Healthcare
2026-07-27 04:00:00+00:00,ITW,284.61,287.93,283.68,284.72,137398,285.434162,0.006629072460181407,-6.766815536607407e-05,0.006696740615547481,0.5362757612347955,0,4,4,positive,False,-0.4227806579826773,-0.9062320427107697,0.24595534683932432,0.0006709273448549547,39119958.56,19394530.5,0.014926945771284067,1316143789,True,Industrials
2026-07-27 04:00:00+00:00,IVZ,30.39,30.61,29.655,30.1,614504,29.968507,0.005344021376085584,-6.766815536607407e-05,0.005411689531451658,-0.01231782406697499,0,2,2,positive,False,-0.4227806579826773,-0.9062320427107697,0.3476226530282173,0.0006709273448549547,18496570.400000002,10891252.002500001,0.0317275747508305,3959064593,True,Financial Services
2026-07-27 04:00:00+00:00,J,136.005,136.005,132.725,135.245,50016,134.824986,0.006137479541735047,-6.766815536607407e-05,0.006205147697101121,-0.013190563904817843,0,4,4,positive,False,-0.4227806579826773,-0.9062320427107697,0.22572459636846584,0.0006709273448549547,6764413.92,5443987.855,0.02425228289400718,1839479700,True,Industrials
2026-07-27 04:00:00+00:00,JBL,315.115,315.115,298.57,311.11,58139,305.662786,-0.004288686189790281,-6.766815536607407e-05,-0.0042210180344242065,0.09554939786084449,2,-2,2,negative,False,-0.4227806579826773,-0.9062320427107697,0.5187500871327682,0.0006709273448549547,18087624.29,18489025.9425,0.053180547073382455,2560812586,True,Technology
2026-07-27 04:00:00+00:00,JBS,12.78,13.605,12.77,13.59,1173914,13.377759,0.10667752442996736,-6.766815536607407e-05,0.10674519258533344,4.737287364322474,0,4,4,positive,False,-0.4227806579826773,-0.9062320427107697,0.4486509349224144,0.0006709273448549547,15953491.26,5072874.755,0.06144223693892575,2625221864,True,Consumer Defensive
2026-07-27 04:00:00+00:00,JCI,144.28,144.28,140.715,143.34,134242,142.149492,-0.00045326174122239937,-6.766815536607407e-05,-0.0003855935858563253,-0.1431818729680247,2,-2,2,negative,False,-0.4227806579826773,-0.9062320427107697,0.2381900458716062,0.0006709273448549547,19242248.28,20415647.509999998,0.024870936235523913,3994732771,True,Industrials
2026-07-27 04:00:00+00:00,JD,30.57,30.955,30.31,30.95,593000,30.795238,0.024664790597583197,-6.766815536607407e-05,0.02473245875294927,0.726040462762025,0,3,3,positive,False,-0.4227806579826773,-0.9062320427107697,0.23674128897203628,0.0006709273448549547,18353350.0,13027975.31,0.020840064620355397,3615211057,True,Consumer Cyclical
2026-07-27 04:00:00+00:00,JEF,56.95,57.71,55.185,56.25,83369,56.003656,0.006531269571441456,-6.766815536607407e-05,0.00659893772680753,-0.020762102003202783,0,3,3,positive,False,-0.4227806579826773,-0.9062320427107697,0.39941795616197967,0.0006709273448549547,4689506.25,5593354.335000001,0.04488888888888887,2096027809,True,Financial Services
2026-07-27 04:00:00+00:00,JHX,27.05,27.195,26.4,26.66,387459,26.596127,0.004900113079532531,-6.766815536607407e-05,0.004967781234898605,0.6144718741673814,0,3,3,positive,False,-0.4227806579826773,-0.9062320427107697,0.4152818903006544,0.0006709273448549547,10329656.94,12463991.67,0.02981995498874725,3519101929,True,Basic Materials
2026-07-27 04:00:00+00:00,JKHY,151.065,154.96,150.85,152.925,37420,153.893827,0.015134919844667971,-6.766815536607407e-05,0.015202588000034045,0.3301814122392847,0,3,3,positive,False,-0.4227806579826773,-0.9062320427107697,0.30554465342471976,0.0006709273448549547,5722453.5,9927776.9,0.02687591956841598,4022534265,True,Technology
2026-07-27 04:00:00+00:00,JNJ,262.57,268.74,261.62,265.9,362835,267.240751,0.009433783193819378,-6.766815536607407e-05,0.009501451349185452,0.3244392101734288,0,4,4,positive,False,-0.4227806579826773,-0.9062320427107697,0.2799415268101296,0.0006709273448549547,96477826.49999999,90314450.92,0.026776983828506976,3849345496,True,Healthcare
2026-07-27 04:00:00+00:00,JPM,356.75,359.025,352.63,356.18,333268,354.94593,0.00860848388741009,-6.766815536607407e-05,0.008676152042776164,0.3329696778571708,0,5,5,positive,False,-0.4227806579826773,-0.9062320427107697,0.19277243349676587,0.0006709273448549547,118703396.24000001,79861033.55000001,0.017954405076085075,3058328356,True,Financial Services
2026-07-27 04:00:00+00:00,KEY,22.72,22.91,22.4,22.51,670074,22.578627,-0.005961580922940968,-6.766815536607407e-05,-0.005893912767574894,-0.32159706114768,3,-3,3,negative,False,-0.4227806579826773,-0.9062320427107697,0.2163807534096879,0.0006709273448549547,15083365.74,16841756.75,0.02265659706796986,1554137093,True,Financial Services
2026-07-27 04:00:00+00:00,KEYS,318.305,319.415,305.975,313.51,85235,311.347918,-0.016207735153369485,-6.766815536607407e-05,-0.01614006699800341,-0.7246205882851868,2,-2,2,negative,False,-0.4227806579826773,-0.9062320427107697,0.4286549396083582,0.0006709273448549547,26722024.849999998,28634273.395000003,0.042869445950687375,1070223457,True,Technology
2026-07-27 04:00:00+00:00,KGC,24.18,24.32,23.42,23.92,462744,23.821449,0.0025146689019279744,-6.766815536607407e-05,0.0025823370572940485,0.48047706423247283,0,2,2,positive,False,-0.4227806579826773,-0.9062320427107697,0.4310108224109726,0.0006709273448549547,11068836.48,14690080.08,0.03762541806020061,4013407317,True,Basic Materials
2026-07-27 04:00:00+00:00,KHC,25.75,26.385,25.74,26.215,1348961,26.106474,0.02043596730245234,-6.766815536607407e-05,0.020503635457818414,0.8420991826068864,0,2,2,positive,False,-0.4227806579826773,-0.9062320427107697,0.3275040320241504,0.0006709273448549547,35363012.615,19398317.265,0.024604234217051425,3287140292,True,Consumer Defensive
2026-07-27 04:00:00+00:00,KIM,26.06,26.545,26.06,26.39,336528,26.407709,0.01072386058981234,-6.766815536607407e-05,0.010791528745178414,0.8323221718214486,0,2,2,positive,False,-0.4227806579826773,-0.9062320427107697,0.19923094933451754,0.0006709273448549547,8880973.92,6526294.612500001,0.018378173550587455,3683479303,True,Real Estate
2026-07-27 04:00:00+00:00,KKR,100.19,102.32,100.19,101.63,156898,101.412328,0.022743282680889543,-6.766815536607407e-05,0.022810950836255617,0.653577508480971,0,3,3,positive,False,-0.4227806579826773,-0.9062320427107697,0.33067500567363,0.0006709273448549547,15945543.739999998,17698173.125,0.02095837843156544,3681865842,True,Financial Services
2026-07-27 04:00:00+00:00,KLAC,210.6,214.0,195.605,203.44,686195,201.99704,-0.033194724961387756,-6.766815536607407e-05,-0.03312705680602168,-0.30093237316289345,2,-2,2,negative,False,-0.4227806579826773,-0.9062320427107697,0.9367460633782709,0.0006709273448549547,139599510.8,102125118.01,0.09041977978765244,1006508151,True,Technology
2026-07-27 04:00:00+00:00,KMB,110.81,112.18,110.77,111.43,96082,111.397773,0.015585125774699282,-6.766815536607407e-05,0.015652793930065356,0.6563807880144059,0,2,2,positive,False,-0.4227806579826773,-0.9062320427107697,0.2824870726071515,0.0006709273448549547,10706417.26,16428741.12,0.012653683927129235,3144526771,True,Consumer Defensive
2026-07-27 04:00:00+00:00,KO,83.075,84.13,82.51,84.1,1330440,83.622576,0.022616731517509647,-6.766815536607407e-05,0.02268439967287572,0.9073565492237202,0,2,2,positive,False,-0.4227806579826773,-0.9062320427107697,0.2731662646672094,0.0006709273448549547,111890003.99999999,82499563.655,0.019262782401902382,2224746868,True,Consumer Defensive
2026-07-27 04:00:00+00:00,KR,56.925,58.555,56.925,57.955,400606,58.117261,0.01907860031651132,-6.766815536607407e-05,0.019146268471877392,0.8903943037952153,0,2,2,positive,False,-0.4227806579826773,-0.9062320427107697,0.325635192598713,0.0006709273448549547,23217120.73,23787665.555,0.02812526960572863,4197775739,True,Consumer Defensive
2026-07-27 04:00:00+00:00,KVUE,19.31,19.57,19.31,19.46,980084,19.448277,0.01038421599169248,-6.766815536607407e-05,0.010451884147058554,0.4695841564129912,0,4,4,positive,False,-0.4227806579826773,-0.9062320427107697,0.22294080825772614,0.0006709273448549547,19072434.64,18633810.29,0.013360739979445094,2339744343,True,Consumer Defensive
2026-07-27 04:00:00+00:00,LDOS,112.63,115.525,112.34,114.99,79278,114.798547,0.02486631016042784,-6.766815536607407e-05,0.024933978315793914,1.1037147773626088,0,4,4,positive,False,-0.4227806579826773,-0.9062320427107697,0.296267784683822,0.0006709273448549547,9116177.219999999,8369839.91,0.027698060700930536,2624366103,True,Technology
2026-07-27 04:00:00+00:00,LEN,86.03,86.255,84.8,85.05,116182,85.67563,0.0036582487609158054,-6.766815536607407e-05,0.0037259169162818795,0.31004668237228933,0,4,4,positive,False,-0.4227806579826773,-0.9062320427107697,0.2975321356877674,0.0006709273448549547,9881279.1,11715997.024999999,0.01710758377425042,3932851136,True,Consumer Cyclical
2026-07-27 04:00:00+00:00,LGN,70.7,72.42,66.18,67.59,102186,67.560194,-0.04601270289343673,-6.766815536607407e-05,-0.045945034738070656,-1.2072182496442374,2,-2,2,negative,False,-0.4227806579826773,-0.9062320427107697,0.7018622789360809,0.0006709273448549547,6906751.74,6673034.290000001,0.09232134931202833,8766292,True,Industrials
2026-07-27 04:00:00+00:00,LHX,301.725,306.3,301.58,303.32,108265,304.310352,0.01025845989874763,-6.766815536607407e-05,0.010326128054113703,0.9246706586592134,0,4,4,positive,False,-0.4227806579826773,-0.9062320427107697,0.2721868522356231,0.0006709273448549547,32838939.8,19244717.770000003,0.015561123565871117,1196039610,True,Industrials
2026-07-27 04:00:00+00:00,LINE,41.69,42.83,41.69,42.495,93550,42.350476,0.026077508149221273,-6.766815536607407e-05,0.026145176304587348,1.364592525579685,0,2,2,positive,False,-0.4227806579826773,-0.9062320427107697,0.31591169584009265,0.0006709273448549547,3975407.2499999995,2528177.4299999997,0.026826685492410886,2174801996,True,Real Estate
2026-07-27 04:00:00+00:00,LITE,763.21,765.04,698.0,711.865,184771,714.453975,-0.06737282029110814,-6.766815536607407e-05,-0.06730515213574206,-0.8749640723055625,2,-2,2,negative,False,-0.4227806579826773,-0.9062320427107697,0.9476937019151238,0.0006709273448549547,131532007.915,138382556.73000002,0.09417515961593836,642327589,True,Technology
2026-07-27 04:00:00+00:00,LLY,1198.92,1204.88,1186.69,1197.42,43562,1198.798482,0.001070108850134588,-6.766815536607407e-05,0.001137777005500662,0.05934249713170401,0,3,3,positive,False,-0.4227806579826773,-0.9062320427107697,0.2724615550669639,0.0006709273448549547,52162010.04000001,120621006.07500002,0.015190993970369673,1269565538,True,Healthcare
2026-07-27 04:00:00+00:00,LNG,263.28,263.58,254.99,255.98,128131,258.970308,-0.050237459186702305,-6.766815536607407e-05,-0.05016979103133623,-2.2085338762550113,2,-2,2,negative,False,-0.4227806579826773,-0.9062320427107697,0.3275242378670839,0.0006709273448549547,32798973.38,24126828.705,0.0335573091647784,3930926811,True,Energy
2026-07-27 04:00:00+00:00,LOGI,106.4,107.91,105.885,107.845,99190,107.04071,0.019569841645001196,-6.766815536607407e-05,0.01963750980036727,0.9040261828813444,0,2,2,positive,False,-0.4227806579826773,-0.9062320427107697,0.3170391529301601,0.0006709273448549547,10697145.55,6921101.6625,0.01877694839816395,367389720,True,Technology
2026-07-27 04:00:00+00:00,LOW,211.495,213.095,209.62,211.48,171518,211.724646,0.018493546522827975,-6.766815536607407e-05,0.01856121467819405,1.2674133704318455,0,4,4,positive,False,-0.4227806579826773,-0.9062320427107697,0.30156197907593185,0.0006709273448549547,36272626.64,24364094.09,0.01643181388310949,1606277659,True,Consumer Cyclical
2026-07-27 04:00:00+00:00,LPLA,330.785,334.965,329.53,331.72,33740,331.921853,0.009371957156767419,-6.766815536607407e-05,0.009439625312133493,-0.029433269690111126,0,3,3,positive,False,-0.4227806579826773,-0.9062320427107697,0.2917242866995554,0.0006709273448549547,11192232.8,13771248.91,0.01638430001205837,1345440091,True,Financial Services
2026-07-27 04:00:00+00:00,LRCX,306.895,308.0,278.53,291.41,557512,287.134365,-0.04587125924955793,-6.766815536607407e-05,-0.04580359109419185,-0.6292515160391438,2,-2,2,negative,False,-0.4227806579826773,-0.9062320427107697,0.8352750675736098,0.0006709273448549547,162464571.92000002,137568746.715,0.10112899351429266,4066438511,True,Technology
2026-07-27 04:00:00+00:00,LSCC,129.4,129.4,118.92,122.795,113307,121.725359,-0.04432251537084608,-6.766815536607407e-05,-0.04425484721548001,-0.794827937140295,2,-2,2,negative,False,-0.4227806579826773,-0.9062320427107697,0.7083718750238049,0.0006709273448549547,13913533.065,14602898.055,0.08534549452339268,1578933758,True,Technology
2026-07-27 04:00:00+00:00,LULU,117.62,118.365,115.82,117.83,125135,117.526758,0.030793456390517004,-6.766815536607407e-05,0.03086112454588308,1.1522441744094243,0,2,2,positive,False,-0.4227806579826773,-0.9062320427107697,0.3279407164007454,0.0006709273448549547,14744657.049999999,12514862.78,0.021598913689213288,3375591488,True,Consumer Cyclical
2026-07-27 04:00:00+00:00,LUV,46.175,46.79,44.835,45.4,603695,45.306413,0.00709849157054121,-6.766815536607407e-05,0.007166159725907284,0.8329002728591115,0,2,2,positive,False,-0.4227806579826773,-0.9062320427107697,0.3183900689057701,0.0006709273448549547,27407753.0,16321793.780000001,0.04306167400881054,2260808341,True,Industrials
2026-07-27 04:00:00+00:00,LYB,58.39,59.19,57.93,58.68,270623,58.834531,-0.02743018148669929,-6.766815536607407e-05,-0.027362513331333216,-1.0401732662801355,2,-2,2,negative,False,-0.4227806579826773,-0.9062320427107697,0.32598371713171137,0.0006709273448549547,15880157.64,15781101.72,0.021472392638036776,3885213627,True,Basic Materials
2026-07-27 04:00:00+00:00,LYG,6.11,6.135,6.065,6.13,606367,6.108812,0.01742738589211612,-6.766815536607407e-05,0.017495054047482195,0.8421476460000594,0,2,2,positive,False,-0.4227806579826773,-0.9062320427107697,0.2648686244371662,0.0006709273448549547,3717029.71,3797296.495,0.01141924959216956,2387082025,True,Financial Services
2026-07-27 04:00:00+00:00,LYV,179.39,180.66,178.48,179.34,108173,179.302522,0.011905433617333427,-6.766815536607407e-05,0.011973101772699501,0.7744227625824599,0,4,4,positive,False,-0.4227806579826773,-0.9062320427107697,0.1812640861964534,0.0006709273448549547,19399745.82,20091645.740000002,0.012155681944909149,87949667,True,Communication Services
2026-07-27 04:00:00+00:00,MA,543.695,553.74,543.695,552.04,153492,551.248522,0.02278875013895565,-6.766815536607407e-05,0.022856418294321723,1.2335449795911568,0,3,3,positive,False,-0.4227806579826773,-0.9062320427107697,0.2581389315328617,0.0006709273448549547,84733723.67999999,81790618.13999999,0.018196145206868995,4026882193,True,Financial Services
2026-07-27 04:00:00+00:00,MAIR,34.92,35.35,33.365,34.495,73948,34.08358,-0.007623705408515535,-6.766815536607407e-05,-0.007556037253149461,-0.4006515962666249,2,-2,2,negative,False,-0.4227806579826773,-0.9062320427107697,0.49255942228793387,0.0006709273448549547,2550836.26,4120585.7775,0.05754457167705463,2149458925,True,Industrials
2026-07-27 04:00:00+00:00,MAR,379.18,384.2,379.18,383.03,89192,381.472154,0.02296824506583328,-6.766815536607407e-05,0.023035913221199356,1.877604583190241,0,2,2,positive,False,-0.4227806579826773,-0.9062320427107697,0.2480587227091707,0.0006709273448549547,34163211.76,26847768.375,0.013106023026916906,2298791450,True,Consumer Cyclical
2026-07-27 04:00:00+00:00,MAS,80.61,81.85,79.965,81.15,208913,80.629994,0.023200100870003793,-6.766815536607407e-05,0.023267769025369867,0.9336721780273786,0,4,4,positive,False,-0.4227806579826773,-0.9062320427107697,0.3143061292165105,0.0006709273448549547,16953289.950000003,10270930.515,0.023228589032655463,1792284712,True,Industrials
2026-07-27 04:00:00+00:00,MCD,267.75,271.16,266.8,270.65,199522,269.755536,0.02242033885499506,-6.766815536607407e-05,0.022488007010361133,1.4401585241304113,0,3,3,positive,False,-0.4227806579826773,-0.9062320427107697,0.25628208674844943,0.0006709273448549547,54000629.3,50603627.625,0.01610936634029194,4149977098,True,Consumer Cyclical
2026-07-27 04:00:00+00:00,MCHP,79.485,80.27,75.56,77.92,621614,77.496005,-0.012295601470401762,-6.766815536607407e-05,-0.012227933315035688,-0.2714562293370634,3,-3,3,negative,False,-0.4227806579826773,-0.9062320427107697,0.491422743522414,0.0006709273448549547,48436162.88,31916604.71,0.060446611909650845,2078865937,True,Technology
2026-07-27 04:00:00+00:00,MCK,839.43,856.39,837.0,850.85,50684,852.939504,0.011543857146253833,-6.766815536607407e-05,0.011611525301619907,0.03014310209915951,0,3,3,positive,False,-0.4227806579826773,-0.9062320427107697,0.3155016075436238,0.0006709273448549547,43124481.4,37443029.019999996,0.022788975730152185,1240117179,True,Healthcare
2026-07-27 04:00:00+00:00,MDLN,39.08,40.5,39.08,39.725,383983,39.966481,0.02436823104693131,-6.766815536607407e-05,0.024435899202297384,0.666220563694475,0,3,3,positive,False,-0.4227806579826773,-0.9062320427107697,0.5097746073834142,0.0006709273448549547,15253724.675,16448745.495000001,0.03574575204531156,2253993701,True,Healthcare
2026-07-27 04:00:00+00:00,MDLZ,60.605,61.17,60.07,60.65,640370,60.658863,0.002148050231328469,-6.766815536607407e-05,0.002215718386694543,0.05122514738707071,0,2,2,positive,False,-0.4227806579826773,-0.9062320427107697,0.3166292537823783,0.0006709273448549547,38838440.5,35341266.8275,0.018136850783182216,2260525540,True,Consumer Defensive
2026-07-27 04:00:00+00:00,MDT,83.315,85.12,83.305,84.2,440389,84.583484,0.01208005288779379,-6.766815536607407e-05,0.012147721043159865,0.4940847074561744,0,3,3,positive,False,-0.4227806579826773,-0.9062320427107697,0.35322784084778047,0.0006709273448549547,37080753.800000004,42619130.595,0.02155581947743465,363963343,True,Healthcare
2026-07-27 04:00:00+00:00,MET,95.03,95.835,94.845,95.51,184100,95.261161,0.007223833377274058,-6.766815536607407e-05,0.007291501532640132,0.32189204022022755,0,3,3,positive,False,-0.4227806579826773,-0.9062320427107697,0.22076157417128175,0.0006709273448549547,17583391.0,13761588.81,0.010365406763689612,3742827722,True,Financial Services
2026-07-27 04:00:00+00:00,META,607.53,610.845,593.14,593.775,435134,601.064807,-0.002360630397526764,-6.766815536607407e-05,-0.00229296224216069,0.09518357721308457,5,-5,5,negative,False,-0.4227806579826773,-0.9062320427107697,0.551584292238442,0.0006709273448549547,258371690.85,411194536.43999994,0.029817691886657473,756998002,True,Communication Services
2026-07-27 04:00:00+00:00,MFC,43.82,44.125,43.65,44.05,188351,43.885321,0.008932661475034465,-6.766815536607407e-05,0.009000329630400539,0.33418576035223635,0,4,4,positive,False,-0.4227806579826773,-0.9062320427107697,0.1638829429047087,0.0006709273448549547,8296861.55,6010504.5600000005,0.010783200908059056,2686846887,True,Financial Services
2026-07-27 04:00:00+00:00,MGM,45.67,46.4,45.67,46.305,166382,46.201673,0.01702174390511746,-6.766815536607407e-05,0.017089412060483533,1.6152104476669642,0,3,3,positive,False,-0.4227806579826773,-0.9062320427107697,0.19614992899238068,0.0006709273448549547,7704318.51,7053360.915,0.01576503617319937,2341965533,True,Consumer Cyclical
2026-07-27 04:00:00+00:00,MICC,18.115,18.305,18.04,18.04,151947,18.133014,0.011494252873563093,-6.766815536607407e-05,0.011561921028929167,0.5901856413645126,0,2,2,positive,False,-0.4227806579826773,-0.9062320427107697,0.2792685277271636,0.0006709273448549547,2741123.88,2103129.875,0.01468957871396899,1152344432,True,Consumer Defensive
2026-07-27 04:00:00+00:00,MKSI,329.95,331.975,298.64,315.45,101897,307.614525,-0.04085014518752761,-6.766815536607407e-05,-0.040782477032161535,-0.7056754172693547,2,-2,2,negative,False,-0.4227806579826773,-0.9062320427107697,0.7926507533009791,0.0006709273448549547,32143408.65,30603294.04,0.10567443334918382,4181778060,True,Technology
2026-07-27 04:00:00+00:00,MLI,64.215,65.17,63.61,64.17,85983,64.161341,0.004382532477696044,-6.766815536607407e-05,0.004450200633062118,0.11083697024166173,0,5,5,positive,False,-0.4227806579826773,-0.9062320427107697,0.4360442918079194,0.0006709273448549547,5517529.11,5208446.275,0.024310425432445104,2017073226,True,Industrials
2026-07-27 04:00:00+00:00,MMM,174.575,179.19,174.48,178.18,197088,177.234819,0.03220947746495195,-6.766815536607407e-05,0.032277145620318026,2.07406409665874,0,5,5,positive,False,-0.4227806579826773,-0.9062320427107697,0.32739990285562154,0.0006709273448549547,35117139.84,24701957.69,0.02643394320350212,3897616606,True,Industrials
2026-07-27 04:00:00+00:00,MOD,243.73,245.7,223.635,230.615,73355,228.722609,-0.04684852242198789,-6.766815536607407e-05,-0.04678085426662182,-1.3278599169304635,2,-2,2,negative,False,-0.4227806579826773,-0.9062320427107697,0.619086417183812,0.0006709273448549547,16916763.325,20245180.549999997,0.09567894542852805,2765204461,True,Consumer Cyclical
2026-07-27 04:00:00+00:00,MRSH,181.445,185.045,181.445,183.26,80377,183.907674,0.014447827290340332,-6.766815536607407e-05,0.014515495445706406,0.35003995477870736,0,3,3,positive,False,-0.4227806579826773,-0.9062320427107697,0.2993286968118026,0.0006709273448549547,14729889.02,17035293.97,0.019644221324893563,3088820838,True,Financial Services
2026-07-27 04:00:00+00:00,MRVL,198.75,199.46,181.805,189.28,683193,188.216753,-0.026888077733792537,-6.766815536607407e-05,-0.026820409578426463,-0.572461045234373,2,-2,2,negative,False,-0.4227806579826773,-0.9062320427107697,0.8881997954176594,0.0006709273448549547,129314771.04,133902089.945,0.09327451394759087,3107209476,True,Technology
2026-07-27 04:00:00+00:00,MSI,422.59,427.12,419.74,424.17,40575,424.311524,0.015343738031405652,-6.766815536607407e-05,0.015411406186771726,1.0120717371070265,0,3,3,positive,False,-0.4227806579826773,-0.9062320427107697,0.19637705016429835,0.0006709273448549547,17210697.75,15926829.95,0.017398684489709302,4181116494,True,Technology
2026-07-27 04:00:00+00:00,MT,67.555,67.675,65.92,67.54,139867,66.765087,0.009491069426799337,-6.766815536607407e-05,0.00955873758216541,0.16964454992074832,0,4,4,positive,False,-0.4227806579826773,-0.9062320427107697,0.3811456920884039,0.0006709273448549547,9446617.180000002,7822871.265,0.02598460171750067,1083515376,True,Basic Materials
2026-07-27 04:00:00+00:00,MTSI,270.28,270.62,251.39,263.23,58251,259.659802,-0.01426752546434995,-6.766815536607407e-05,-0.014199857308983876,-0.14911109094466196,2,-2,2,negative,False,-0.4227806579826773,-0.9062320427107697,0.618840874617609,0.0006709273448549547,15333410.73,19925701.835,0.0730539832086009,352067123,True,Technology
2026-07-27 04:00:00+00:00,MTZ,338.5,344.58,319.52,336.78,72165,328.349078,-0.003845243729294845,-6.766815536607407e-05,-0.003777575573928771,0.22664336968217214,2,-2,2,negative,False,-0.4227806579826773,-0.9062320427107697,0.656488640693568,0.0006709273448549547,24303728.7,25975928.59,0.07441059445335235,2142494773,True,Industrials
2026-07-27 04:00:00+00:00,MU,932.46,934.555,855.19,899.92,1230572,884.412194,-0.02294651242325374,-6.766815536607407e-05,-0.022878844267887666,-0.36820220255685526,2,-2,2,negative,False,-0.4227806579826773,-0.9062320427107697,0.8240775227784314,0.0006709273448549547,1107416354.24,974850481.0475,0.08819117254867088,2722915099,True,Technology
2026-07-27 04:00:00+00:00,NBIX,176.33,178.79,176.04,176.415,73310,177.11909,0.004240906244663334,-6.766815536607407e-05,0.004308574400029408,0.08120994646276589,0,3,3,positive,False,-0.4227806579826773,-0.9062320427107697,0.27463777378258974,0.0006709273448549547,12932983.649999999,11038355.895,0.015588243630076808,482931298,True,Healthcare
2026-07-27 04:00:00+00:00,NDAQ,93.115,94.22,91.31,93.925,219966,93.53638,0.019981538795677878,-6.766815536607407e-05,0.020049206951043952,0.32724114913891794,0,4,4,positive,False,-0.4227806579826773,-0.9062320427107697,0.352661571811729,0.0006709273448549547,20660306.55,18778063.0775,0.030982166622304994,3548368536,True,Financial Services
2026-07-27 04:00:00+00:00,NEE,89.61,90.13,88.305,88.81,399676,89.006651,-0.010693995766959952,-6.766815536607407e-05,-0.010626327611593878,-0.42499255650109186,2,-2,2,negative,False,-0.4227806579826773,-0.9062320427107697,0.1694977435161016,0.0006709273448549547,35495225.56,61144308.9725,0.02054948767030727,514847212,True,Utilities
2026-07-27 04:00:00+00:00,NFLX,70.45,71.65,69.89,70.4,1905506,70.733457,0.0042796005706136064,-6.766815536607407e-05,0.0043472687259796805,0.23114773001824884,0,3,3,positive,False,-0.4227806579826773,-0.9062320427107697,0.41309128717939353,0.0006709273448549547,134147622.4,193103932.285,0.02500000000000007,3992041503,True,Communication Services
2026-07-27 04:00:00+00:00,NGG,82.13,82.455,81.13,81.19,33691,81.609292,-0.01360709512817404,-6.766815536607407e-05,-0.013539426972807966,-0.6148767820551623,3,-3,3,negative,False,-0.4227806579826773,-0.9062320427107697,0.24072804444639634,0.0006709273448549547,2735372.29,3270321.44,0.016319743810814174,579311923,True,Utilities
2026-07-27 04:00:00+00:00,NI,46.54,46.69,45.675,45.8,223528,46.056422,-0.018851756640959727,-6.766815536607407e-05,-0.018784088485593653,-0.5331748147608666,2,-2,2,negative,False,-0.4227806579826773,-0.9062320427107697,0.2081860360646274,0.0006709273448549547,10237582.399999999,12188455.495,0.02216157205240176,1971457741,True,Utilities
2026-07-27 04:00:00+00:00,NKE,42.27,42.6,41.6,42.13,929342,42.026317,0.012496995914443643,-6.766815536607407e-05,0.012564664069809717,1.0044116772972085,0,2,2,positive,False,-0.4227806579826773,-0.9062320427107697,0.3560205732910438,0.0006709273448549547,39153178.46,44629768.5,0.023736055067647754,608622039,True,Consumer Cyclical
2026-07-27 04:00:00+00:00,NLY,22.57,22.775,22.56,22.57,605293,22.685651,0.004897595725734671,-6.766815536607407e-05,0.0049652638811007455,0.6522445397004107,0,3,3,positive,False,-0.4227806579826773,-0.9062320427107697,0.18489277343544339,0.0006709273448549547,13661463.01,7732660.84,0.009525919361984929,3368527589,True,Real Estate
2026-07-27 04:00:00+00:00,NOW,102.22,108.12,100.43,105.53,1792443,105.040506,0.0684418345651514,-6.766815536607407e-05,0.06850950272051748,2.3588200742784213,0,2,2,positive,False,-0.4227806579826773,-0.9062320427107697,0.5998098310949753,0.0006709273448549547,189156509.79,89665711.86,0.07287027385577559,2545926361,True,Technology
2026-07-27 04:00:00+00:00,NRG,142.01,142.01,135.465,136.32,159681,136.937546,-0.03346568349404422,-6.766815536607407e-05,-0.033398015338678144,-1.0836999854761578,2,-2,2,negative,False,-0.4227806579826773,-0.9062320427107697,0.4028416619161138,0.0006709273448549547,21767713.919999998,15660411.04,0.04801203051643184,2171487713,True,Utilities
2026-07-27 04:00:00+00:00,NTAP,170.215,171.02,165.36,169.78,89028,168.806933,0.01179976162097729,-6.766815536607407e-05,0.011867429776343363,0.34676006634330797,0,5,5,positive,False,-0.4227806579826773,-0.9062320427107697,0.49095626600817116,0.0006709273448549547,15115173.84,18125225.02,0.03333725998350805,3655291700,True,Technology
2026-07-27 04:00:00+00:00,NTNX,56.1,57.58,56.1,56.85,172708,57.056116,0.03241623535821314,-6.766815536607407e-05,0.032483903513579215,1.5050597857078594,0,2,2,positive,False,-0.4227806579826773,-0.9062320427107697,0.3069325850189432,0.0006709273448549547,9818449.8,9934781.620000001,0.02603342128408086,3852570789,True,Technology
2026-07-27 04:00:00+00:00,NTR,66.765,67.84,65.76,67.41,141315,67.137068,-0.010568031704095149,-6.766815536607407e-05,-0.010500363548729075,-0.833651447386574,2,-2,2,negative,False,-0.4227806579826773,-0.9062320427107697,0.2803653161482715,0.0006709273448549547,9526044.15,9793416.537500001,0.030855956089600924,4161040344,True,Basic Materials
2026-07-27 04:00:00+00:00,NTRA,264.49,266.6,257.16,258.21,84590,259.265548,-0.014032877026175616,-6.766815536607407e-05,-0.013965208870809542,-0.8128603440587558,2,-2,2,negative,False,-0.4227806579826773,-0.9062320427107697,0.3473452973147803,0.0006709273448549547,21841983.9,20971082.45,0.03655938964408814,2453227697,True,Healthcare
2026-07-27 04:00:00+00:00,NTRS,184.02,184.02,179.99,182.56,83930,181.492815,0.011749057858567946,-6.766815536607407e-05,0.01181672601393402,0.5097056386965629,0,3,3,positive,False,-0.4227806579826773,-0.9062320427107697,0.24287603473417277,0.0006709273448549547,15322260.8,8669372.62,0.022074934268185808,1675615654,True,Financial Services
2026-07-27 04:00:00+00:00,NUE,248.99,250.89,244.17,247.85,97830,247.562807,0.0009692661847258144,-6.766815536607407e-05,0.0010369343400918885,-0.18716536692739838,0,5,5,positive,False,-0.4227806579826773,-0.9062320427107697,0.30763268255175213,0.0006709273448549547,24247165.5,16151985.8,0.027113173290296548,1458422754,True,Basic Materials
2026-07-27 04:00:00+00:00,NVDA,208.155,208.64,195.45,196.555,6702548,198.64816,-0.050779929492442144,-6.766815536607407e-05,-0.05071226133707607,-2.5176447502988846,3,-3,3,negative,False,-0.4227806579826773,-0.9062320427107697,0.40139545382915626,0.0006709273448549547,1317419322.14,922195371.33,0.06710589911220777,1113725426,True,Technology
2026-07-27 04:00:00+00:00,NVO,49.17,49.96,48.82,49.68,558170,49.660902,0.01845018450184499,-6.766815536607407e-05,0.018517852657211065,1.021559245452251,0,3,3,positive,False,-0.4227806579826773,-0.9062320427107697,0.2703631555246957,0.0006709273448549547,27729885.6,24284684.695,0.022946859903381654,1745614213,True,Healthcare
2026-07-27 04:00:00+00:00,NVT,151.02,152.44,142.66,149.32,137210,146.585,-0.01575374068947344,-6.766815536607407e-05,-0.015686072534107365,-0.369564760506448,2,-2,2,negative,False,-0.4227806579826773,-0.9062320427107697,0.45179775461546107,0.0006709273448549547,20488197.2,15201160.755,0.06549691936780071,2108826189,True,Industrials
2026-07-27 04:00:00+00:00,NWG,18.26,18.36,18.05,18.32,301273,18.22729,0.019476905954368462,-6.766815536607407e-05,0.019544574109734536,1.061614884561611,0,2,2,positive,False,-0.4227806579826773,-0.9062320427107697,0.287335737466976,0.0006709273448549547,5519321.36,3615020.6799999997,0.016921397379912592,3312183714,True,Financial Services
2026-07-27 04:00:00+00:00,NWS,30.8,31.08,30.59,30.91,95366,30.857817,0.023509933774834568,-6.766815536607407e-05,0.023577601930200642,0.7931577279273686,0,2,2,positive,False,-0.4227806579826773,-0.9062320427107697,0.3486008755750642,0.0006709273448549547,2947763.06,2113359.51,0.015852474927207972,2132765246,True,Communication Services
2026-07-27 04:00:00+00:00,NWSA,27.21,27.61,27.2,27.29,167023,27.394992,0.01942472917444893,-6.766815536607407e-05,0.019492397329815003,0.7732214965973261,0,2,2,positive,False,-0.4227806579826773,-0.9062320427107697,0.31656700310472635,0.0006709273448549547,4558057.67,6711708.2475000005,0.015023818248442658,1141424515,True,Communication Services
2026-07-27 04:00:00+00:00,NXPI,272.715,275.5,262.75,267.68,214449,267.334588,-0.005941770647652889,-6.766815536607407e-05,-0.005874102492286815,-0.14954237728201308,2,-2,2,negative,False,-0.4227806579826773,-0.9062320427107697,0.3618034699589262,0.0006709273448549547,57403708.32,40567042.7575,0.047631500298864315,3293704053,True,Technology
2026-07-27 04:00:00+00:00,NYT,72.5,73.69,72.18,72.36,77515,73.08159,0.009909281228192457,-6.766815536607407e-05,0.009976949383558531,0.30227273939039356,0,2,2,positive,False,-0.4227806579826773,-0.9062320427107697,0.30523373163953416,0.0006709273448549547,5608985.4,6328746.16,0.02086788280818119,3965592566,True,Communication Services
2026-07-27 04:00:00+00:00,OC,146.93,146.93,142.3,143.48,44009,143.226151,0.008363201911588902,-6.766815536607407e-05,0.008430870066954976,0.32217210230232685,0,4,4,positive,False,-0.4227806579826773,-0.9062320427107697,0.6395097182002518,0.0006709273448549547,6314411.319999999,8901149.07,0.03226930582659601,976776491,True,Industrials
2026-07-27 04:00:00+00:00,OKE,91.085,91.65,89.42,89.42,127045,90.497865,-0.04004294149221688,-6.766815536607407e-05,-0.0399752733368508,-1.3636064965194028,2,-2,2,negative,False,-0.4227806579826773,-0.9062320427107697,0.2955747056963868,0.0006709273448549547,11360363.9,12234673.725000001,0.024938492507269112,2319911401,True,Energy
2026-07-27 04:00:00+00:00,OMC,81.225,82.76,81.225,82.42,143934,82.281519,0.03529707323200615,-6.766815536607407e-05,0.03536474138737222,1.3806524403792086,0,2,2,positive,False,-0.4227806579826773,-0.9062320427107697,0.38929913865052396,0.0006709273448549547,11863040.28,14293925.765,0.018624120359136263,2873497467,True,Communication Services
2026-07-27 04:00:00+00:00,ONON,36.79,37.68,36.79,37.045,345683,37.316029,0.034198771635957526,-6.766815536607407e-05,0.0342664397913236,2.355196981315026,0,2,2,positive,False,-0.4227806579826773,-0.9062320427107697,0.39766762536808803,0.0006709273448549547,12805826.735000001,8603293.65,0.024024834660547997,2410064213,True,Consumer Cyclical
2026-07-27 04:00:00+00:00,ONTO,272.87,274.685,250.995,262.295,68922,259.641037,-0.03457985203724823,-6.766815536607407e-05,-0.03451218388188215,-0.3392503707950053,2,-2,2,negative,False,-0.4227806579826773,-0.9062320427107697,0.9840217086273796,0.0006709273448549547,18077895.990000002,25637139.894999996,0.09031815322442287,3843451301,True,Technology
2026-07-27 04:00:00+00:00,ORI,42.585,43.42,42.585,43.08,81066,43.016069,0.018680539134547258,-6.766815536607407e-05,0.018748207289913332,0.8994371953353455,0,3,3,positive,False,-0.4227806579826773,-0.9062320427107697,0.2341832396587709,0.0006709273448549547,3492323.28,2490621.015,0.019382544103992594,1890374287,True,Financial Services
2026-07-27 04:00:00+00:00,ORLY,88.29,91.5,88.075,90.585,511095,90.854619,0.03608601166647585,-6.766815536607407e-05,0.03615367982184192,0.8287326214089327,0,3,3,positive,False,-0.4227806579826773,-0.9062320427107697,0.4348670762380023,0.0006709273448549547,46297540.574999996,31856168.7375,0.037809791908152535,950919910,True,Consumer Cyclical
2026-07-27 04:00:00+00:00,OTIS,72.09,73.87,71.83,73.195,196853,73.254339,0.017586542471847544,-6.766815536607407e-05,0.017654210627213618,1.1255346309786867,0,3,3,positive,False,-0.4227806579826773,-0.9062320427107697,0.28105525215498667,0.0006709273448549547,14408655.334999999,11824604.415,0.027870756199194022,562776544,True,Industrials
2026-07-27 04:00:00+00:00,OWL,9.59,9.75,9.49,9.67,948635,9.641124,0.023280423280423346,-6.766815536607407e-05,0.02334809143578942,1.159112664074523,0,3,3,positive,False,-0.4227806579826773,-0.9062320427107697,0.3461317958202018,0.0006709273448549547,9173300.45,8263422.625000001,0.026887280248190256,970816767,True,Financial Services
2026-07-27 04:00:00+00:00,OXY,55.53,56.48,54.905,54.93,693912,55.553149,-0.04119392564147317,-6.766815536607407e-05,-0.0411262574861071,-1.9179862015622928,2,-2,2,negative,False,-0.4227806579826773,-0.9062320427107697,0.3763266269747408,0.0006709273448549547,38116586.16,32311003.35,0.028672856362643287,826875007,True,Energy
2026-07-27 04:00:00+00:00,P,75.365,75.965,71.79,74.235,115903,73.497846,-0.003356380479291099,-6.766815536607407e-05,-0.003288712323925025,-0.28060590399798685,2,-2,2,negative,False,-0.4227806579826773,-0.9062320427107697,0.688744376164417,0.0006709273448549547,8604059.205,7729884.99,0.05624031790934192,1549983889,True,Technology
2026-07-27 04:00:00+00:00,PAA,24.365,24.52,24.28,24.28,215290,24.344118,-0.013409183258837776,-6.766815536607407e-05,-0.013341515103471702,-0.6323586719359342,2,-2,2,negative,False,-0.4227806579826773,-0.9062320427107697,0.1892845381080221,0.0006709273448549547,5227241.2,5192056.895,0.009884678747940627,1049619794,True,Energy
2026-07-27 04:00:00+00:00,PAYX,114.03,115.69,113.38,114.23,142365,114.92,0.016462003915287404,-6.766815536607407e-05,0.01652967207065348,0.2959182046668574,0,3,3,positive,False,-0.4227806579826773,-0.9062320427107697,0.33164607373029603,0.0006709273448549547,16262353.950000001,14624695.52,0.02022235839971988,283929565,True,Technology
2026-07-27 04:00:00+00:00,PBR,18.17,18.3,17.965,18.0,1142233,18.162807,-0.04051172707889139,-6.766815536607407e-05,-0.04044405892352532,-1.7461222540857153,2,-2,2,negative,False,-0.4227806579826773,-0.9062320427107697,0.30892252299713363,0.0006709273448549547,20560194.0,19367093.4775,0.018611111111111158,3130897874,True,Energy
2026-07-27 04:00:00+00:00,PBR-A,16.11,16.25,16.025,16.045,286945,16.139487,-0.03488721804511263,-6.766815536607407e-05,-0.03481954988974656,-1.5789259086466618,2,-2,2,negative,False,-0.4227806579826773,-0.9062320427107697,0.26300106890031183,0.0006709273448549547,4604032.525,5719363.609999999,0.014023060143346923,3088071277,True,Energy
2026-07-27 04:00:00+00:00,PCAR,132.82,134.13,131.47,133.49,148476,132.651889,0.00937618147448016,-6.766815536607407e-05,0.009443849629846235,0.2525715283256495,0,5,5,positive,False,-0.4227806579826773,-0.9062320427107697,0.29027094637133183,0.0006709273448549547,19820061.240000002,15986744.285,0.01992658626114313,2500705742,True,Industrials
2026-07-27 04:00:00+00:00,PEG,79.785,79.82,78.84,79.23,120575,79.139562,-0.0070184233613235225,-6.766815536607407e-05,-0.0069507552059574484,-0.18233028740844048,2,-2,2,negative,False,-0.4227806579826773,-0.9062320427107697,0.17809508401273733,0.0006709273448549547,9553157.25,9675237.46,0.012369052126719546,2018896266,True,Utilities
2026-07-27 04:00:00+00:00,PEP,137.13,140.3,137.05,139.79,347086,139.514957,0.022903556271037573,-6.766815536607407e-05,0.022971224426403647,1.0136726287616693,0,4,4,positive,False,-0.4227806579826773,-0.9062320427107697,0.3112574435953041,0.0006709273448549547,48519151.94,46334246.6275,0.023249159453465916,2904558849,True,Consumer Defensive
2026-07-27 04:00:00+00:00,PFG,109.88,111.31,109.88,111.27,151439,111.018591,0.017232710152214503,-6.766815536607407e-05,0.017300378307580577,0.8017072953709741,0,3,3,positive,False,-0.4227806579826773,-0.9062320427107697,0.20161935931721608,0.0006709273448549547,16850617.53,11328659.605,0.012851622180282258,4035174123,True,Financial Services
2026-07-27 04:00:00+00:00,PFGC,113.27,114.65,113.09,114.32,71440,114.063185,0.025613421253308122,-6.766815536607407e-05,0.025681089408674196,2.1388619054434677,0,4,4,positive,False,-0.4227806579826773,-0.9062320427107697,0.2535464376631851,0.0006709273448549547,8167020.8,11114150.670000002,0.01364590622813158,3245275185,True,Consumer Defensive
2026-07-27 04:00:00+00:00,PG,148.495,150.16,148.11,148.64,465108,148.850421,0.00854932826706456,-6.766815536607407e-05,0.008616996422430634,0.4215135042612978,0,2,2,positive,False,-0.4227806579826773,-0.9062320427107697,0.23760496098537776,0.0006709273448549547,69133653.11999999,46924590.05500001,0.013791711517760919,2448434889,True,Consumer Defensive
2026-07-27 04:00:00+00:00,PGR,212.86,216.675,212.18,215.73,87251,215.374292,0.008461106955871323,-6.766815536607407e-05,0.008528775111237397,0.15308565794295248,0,3,3,positive,False,-0.4227806579826773,-0.9062320427107697,0.45836675174944896,0.0006709273448549547,18822658.23,31544790.7375,0.020836230473276804,178400132,True,Financial Services
2026-07-27 04:00:00+00:00,PHM,131.68,132.38,128.6,130.57,98219,129.594842,0.014372280919825897,-6.766815536607407e-05,0.014439949075191971,0.9305173817215476,0,2,2,positive,False,-0.4227806579826773,-0.9062320427107697,0.33370184346992293,0.0006709273448549547,12824454.83,9311169.07,0.02894998851190933,2236674375,True,Consumer Cyclical
2026-07-27 04:00:00+00:00,PHYS,30.81,30.93,30.75,30.85,100933,30.820498,0.007182500816193427,-6.766815536607407e-05,0.007250168971559501,0.624759742708924,0,2,2,positive,False,-0.4227806579826773,-0.9062320427107697,0.21844343695650623,0.0006709273448549547,3113783.0500000003,4018093.6799999997,0.005834683954619115,3211309521,True,Financial Services
2026-07-27 04:00:00+00:00,PINS,22.635,23.78,22.55,23.51,672099,23.387613,0.06139954853273144,-6.766815536607407e-05,0.061467216688097515,2.863985531303148,0,2,2,positive,False,-0.4227806579826773,-0.9062320427107697,0.42126958836398654,0.0006709273448549547,15801047.49,15977295.115000002,0.05231816248404936,540662332,True,Communication Services
2026-07-27 04:00:00+00:00,PM,192.995,196.7,192.64,195.56,148878,195.236364,0.013316752163324397,-6.766815536607407e-05,0.013384420318690471,0.4704466323762952,0,2,2,positive,False,-0.4227806579826773,-0.9062320427107697,0.33762984625828324,0.0006709273448549547,29114581.68,40164183.89,0.020760891797913694,1805153876,True,Consumer Defensive
2026-07-27 04:00:00+00:00,PNFP,103.12,104.285,102.645,103.08,99470,103.360859,0.004972214097689331,-6.766815536607407e-05,0.0050398822530554055,0.33047827241299593,0,4,4,positive,False,-0.4227806579826773,-0.9062320427107697,0.28110754931520376,0.0006709273448549547,10253367.6,7505830.43,0.015909972836631748,1631915511,True,Financial Services
2026-07-27 04:00:00+00:00,PNR,64.1,64.48,63.1,63.145,110145,63.596871,0.0035759694850603374,-6.766815536607407e-05,0.0036436376404264115,0.2640295290169428,0,2,2,positive,False,-0.4227806579826773,-0.9062320427107697,0.5963778917696517,0.0006709273448549547,6955106.025,8791135.05,0.021854461952648705,3985965422,True,Industrials
2026-07-27 04:00:00+00:00,PODD,166.34,168.38,164.64,164.99,62695,166.588408,0.010534697127457582,-6.766815536607407e-05,0.010602365282823656,0.05633163740428962,0,3,3,positive,False,-0.4227806579826773,-0.9062320427107697,0.37434582286725454,0.0006709273448549547,10344048.05,15755319.440000001,0.022668040487302313,3353709415,True,Healthcare
2026-07-27 04:00:00+00:00,PPG,119.01,119.99,117.43,118.49,145284,118.333444,0.021377467459701593,-6.766815536607407e-05,0.021445135615067668,0.9208559855923935,0,2,2,positive,False,-0.4227806579826773,-0.9062320427107697,0.3369550362700894,0.0006709273448549547,17214701.16,10085488.364999998,0.021605198750949347,800508917,True,Basic Materials
2026-07-27 04:00:00+00:00,PPL,36.215,36.36,35.855,36.01,362423,36.049652,-0.005935127674258189,-6.766815536607407e-05,-0.005867459518892115,-0.04763992405580504,2,-2,2,negative,False,-0.4227806579826773,-0.9062320427107697,0.22315162504905114,0.0006709273448549547,13050852.229999999,14543183.355,0.014023882254929258,3441624366,True,Utilities
2026-07-27 04:00:00+00:00,PR,20.78,21.08,20.24,20.24,465953,20.559013,-0.05243445692883897,-6.766815536607407e-05,-0.052366788773472894,-2.4724864881914987,2,-2,2,negative,False,-0.4227806579826773,-0.9062320427107697,0.35202851923476786,0.0006709273448549547,9430888.719999999,9975933.004999999,0.04150197628458498,3281464525,True,Energy
2026-07-27 04:00:00+00:00,PRU,121.73,122.53,120.97,121.87,97676,121.705067,0.01626084056037369,-6.766815536607407e-05,0.016328508715739765,0.7369612369939582,0,4,4,positive,False,-0.4227806579826773,-0.9062320427107697,0.2219595207325363,0.0006709273448549547,11903774.120000001,6037739.55,0.012800525149749751,3011807568,True,Financial Services
2026-07-27 04:00:00+00:00,PSKY,8.21,8.23,7.865,8.02,1172462,8.019031,-0.021354484441732824,-6.766815536607407e-05,-0.02128681628636675,-0.35208147544647345,3,-3,3,negative,False,-0.4227806579826773,-0.9062320427107697,0.40118184388545824,0.0006709273448549547,9403145.24,5534979.65,0.04551122194513719,744352507,True,Communication Services
2026-07-27 04:00:00+00:00,PSLV,18.91,19.0,18.74,18.89,330239,18.863641,0.008542445274960064,-6.766815536607407e-05,0.008610113430326138,0.10516806583436643,0,2,2,positive,False,-0.4227806579826773,-0.9062320427107697,0.3838047146765998,0.0006709273448549547,6238214.71,5066354.390000001,0.013763896241397648,2440329255,True,Financial Services
2026-07-27 04:00:00+00:00,PTC,121.02,125.81,121.02,125.16,60449,124.907424,0.05655917609319605,-6.766815536607407e-05,0.056626844248562125,1.8988620604132513,0,3,3,positive,False,-0.4227806579826773,-0.9062320427107697,0.48456706645860126,0.0006709273448549547,7565796.84,8492952.645,0.03827101310322792,3744481743,True,Technology
2026-07-27 04:00:00+00:00,PWR,628.01,635.895,603.76,620.08,55351,614.304132,-0.008966101424027872,-6.766815536607407e-05,-0.008898433268661798,-0.23119605084434322,2,-2,2,negative,False,-0.4227806579826773,-0.9062320427107697,0.3557120313633889,0.0006709273448549547,34322048.080000006,39187948.6575,0.051823958198942054,2397634700,True,Industrials
2026-07-27 04:00:00+00:00,Q,135.86,136.07,128.755,132.91,95192,131.626751,-0.01562731447193022,-6.766815536607407e-05,-0.015559646316564146,-0.3178147742397421,2,-2,2,negative,False,-0.4227806579826773,-0.9062320427107697,0.46138675466267876,0.0006709273448549547,12651968.719999999,12466571.59,0.05503724324731019,1256723826,True,Technology
2026-07-27 04:00:00+00:00,RBA,113.39,116.455,113.39,116.37,76740,115.084501,0.04311581211903914,-6.766815536607407e-05,0.04318348027440522,2.824316349949253,0,2,2,positive,False,-0.4227806579826773,-0.9062320427107697,0.2914551979329489,0.0006709273448549547,8930233.8,6709793.8950000005,0.02633840336856576,2913471828,True,Industrials
2026-07-27 04:00:00+00:00,RBRK,74.795,76.39,74.1,74.81,88134,75.136061,0.02157585688925301,-6.766815536607407e-05,0.021643525044619083,0.5539479068578804,0,2,2,positive,False,-0.4227806579826773,-0.9062320427107697,0.6079112813997589,0.0006709273448549547,6593304.54,8580745.425,0.030610880898275714,3994926358,True,Technology
2026-07-27 04:00:00+00:00,RCI,32.945,33.15,32.65,32.81,90190,32.832349,0.002138057422113704,-6.766815536607407e-05,0.002205725577479778,0.14081807714987363,0,3,3,positive,False,-0.4227806579826773,-0.9062320427107697,0.32870445156185163,0.0006709273448549547,2959133.9000000004,2638568.6149999998,0.015239256324291373,491211820,True,Communication Services
2026-07-27 04:00:00+00:00,RCL,302.62,306.825,289.32,306.62,246936,298.16426,0.044701873935264036,-6.766815536607407e-05,0.04476954209063011,2.1546468227623317,0,3,3,positive,False,-0.4227806579826773,-0.9062320427107697,0.36361585041157296,0.0006709273448549547,75715516.32000001,39062513.6525,0.0570902093796882,4275964318,True,Consumer Cyclical
2026-07-27 04:00:00+00:00,RDY,11.725,11.865,11.71,11.77,178797,11.804691,-0.002119542178889433,-6.766815536607407e-05,-0.002051874023523359,0.39771876551624163,2,-2,2,negative,False,-0.4227806579826773,-0.9062320427107697,0.44870458451689565,0.0006709273448549547,2104440.69,2237867.3275,0.013169073916737415,2143041266,True,Healthcare
2026-07-27 04:00:00+00:00,REG,82.1,82.985,82.1,82.27,46519,82.499552,0.001338851022395282,-6.766815536607407e-05,0.0014065191777613562,0.17556806867015212,0,2,2,positive,False,-0.4227806579826773,-0.9062320427107697,0.18786958740540574,0.0006709273448549547,3827118.13,4695842.9575,0.010757262671690837,4028565182,True,Real Estate
2026-07-27 04:00:00+00:00,RELX,35.92,36.07,35.515,35.64,274753,35.813614,0.03529411764705892,-6.766815536607407e-05,0.035361785802424994,1.3929152720207882,0,4,4,positive,False,-0.4227806579826773,-0.9062320427107697,0.3374015258891838,0.0006709273448549547,9792196.92,7110348.63,0.015572390572390564,1764401226,True,Industrials
2026-07-27 04:00:00+00:00,RJF,172.5,173.94,172.03,173.71,63957,173.09966,0.02556382099421417,-6.766815536607407e-05,0.025631489149580244,1.4928112278955392,0,2,2,positive,False,-0.4227806579826773,-0.9062320427107697,0.2556329249173229,0.0006709273448549547,11109970.47,11262450.57,0.010995337056012876,58604003,True,Financial Services
2026-07-27 04:00:00+00:00,RKT,13.34,13.62,13.275,13.49,1155402,13.440083,0.03332056683263129,-6.766815536607407e-05,0.03338823498799737,1.0761524762279995,0,2,2,positive,False,-0.4227806579826773,-0.9062320427107697,0.47312079569165183,0.0006709273448549547,15586372.98,20714984.095,0.025574499629354992,4289162095,True,Financial Services
2026-07-27 04:00:00+00:00,RMD,195.795,203.5,195.795,203.04,66927,202.507095,0.039524882244521775,-6.766815536607407e-05,0.03959255039988785,1.0269942531632108,0,3,3,positive,False,-0.4227806579826773,-0.9062320427107697,0.4446368665911495,0.0006709273448549547,13588858.08,15434657.905,0.037948187549251444,3024568514,True,Healthcare
2026-07-27 04:00:00+00:00,ROIV,35.315,35.58,34.6,34.69,182756,34.884715,-0.009281736398686347,-6.766815536607407e-05,-0.009214068243320273,-0.5778117236638202,2,-2,2,negative,False,-0.4227806579826773,-0.9062320427107697,0.28798547487176523,0.0006709273448549547,6339805.64,9386982.315000001,0.0282502162006341,3918457755,True,Healthcare
2026-07-27 04:00:00+00:00,ROKU,141.85,144.07,141.69,142.96,161928,143.472496,0.006902380616988335,-6.766815536607407e-05,0.006970048772354409,0.7279891657178608,0,3,3,positive,False,-0.4227806579826773,-0.9062320427107697,0.1345472690863697,0.0006709273448549547,23149226.880000003,16032342.524999999,0.01664801343033013,3207290526,True,Communication Services
2026-07-27 04:00:00+00:00,ROP,370.68,380.765,368.66,375.1,30782,377.173016,0.021124843469265686,-6.766815536607407e-05,0.02119251162463176,0.6584312695820208,0,3,3,positive,False,-0.4227806579826773,-0.9062320427107697,0.432753823636018,0.0006709273448549547,11546328.200000001,12393430.49,0.0322713942948546,837382162,True,Technology
2026-07-27 04:00:00+00:00,ROST,241.99,244.17,240.635,243.28,93949,242.598806,0.017993137501046252,-6.766815536607407e-05,0.018060805656412326,0.635979430533744,0,2,2,positive,False,-0.4227806579826773,-0.9062320427107697,0.2450795471649143,0.0006709273448549547,22855912.72,25733538.112499997,0.014530582045379796,2300364851,True,Consumer Cyclical
2026-07-27 04:00:00+00:00,RPRX,58.8,59.36,58.575,58.71,109281,58.957448,-0.0017852588625349997,-6.766815536607407e-05,-0.0017175907071689256,-0.18023976136783074,2,-2,2,negative,False,-0.4227806579826773,-0.9062320427107697,0.27680832387231336,0.0006709273448549547,6415887.51,9970775.3025,0.013370805654913926,3956153106,True,Healthcare
2026-07-27 04:00:00+00:00,RRX,216.16,216.16,204.84,211.2,58477,208.830172,-0.007425509916345607,-6.766815536607407e-05,-0.007357841760979533,-0.01070989208705388,2,-2,2,negative,False,-0.4227806579826773,-0.9062320427107697,0.46582224835695923,0.0006709273448549547,12350342.399999999,14935651.77,0.05359848484848482,2872278571,True,Industrials
2026-07-27 04:00:00+00:00,RSG,216.61,220.355,216.19,216.89,114242,218.679326,-0.00018439127829261714,-6.766815536607407e-05,-0.00011672312292654308,0.14462954645339035,2,-2,2,negative,False,-0.4227806579826773,-0.9062320427107697,0.25240380690346836,0.0006709273448549547,24777947.38,14602995.56,0.01920328277006774,1984122476,True,Industrials
2026-07-27 04:00:00+00:00,RTX,214.44,220.33,214.25,218.34,405970,218.99119,0.02576871579244089,-6.766815536607407e-05,0.025836383947806962,1.8734426353963671,0,4,4,positive,False,-0.4227806579826773,-0.9062320427107697,0.33557678487043774,0.0006709273448549547,88639489.8,35051723.46,0.027846477970138374,1978682244,True,Industrials
2026-07-27 04:00:00+00:00,RVTY,109.98,110.71,107.655,108.05,87094,108.392841,-0.021729289271163466,-6.766815536607407e-05,-0.02166162111579739,-0.9830631441757901,2,-2,2,negative,False,-0.4227806579826773,-0.9062320427107697,0.3018486959483923,0.0006709273448549547,9410506.7,9184041.895,0.028273947246645004,1137630248,True,Healthcare
2026-07-27 04:00:00+00:00,RY,208.96,209.675,207.52,209.55,42227,208.750404,0.008227482678983877,-6.766815536607407e-05,0.008295150834349951,0.5885330742653324,0,2,2,positive,False,-0.4227806579826773,-0.9062320427107697,0.19328582214900752,0.0006709273448549547,8848667.85,11657829.69,0.010283941780004777,3055098811,True,Financial Services
2026-07-27 04:00:00+00:00,RYAAY,58.87,58.92,57.31,57.465,123610,58.033572,0.010817941952506738,-6.766815536607407e-05,0.010885610107872812,0.778577134510551,0,2,2,positive,False,-0.4227806579826773,-0.9062320427107697,0.3972473605057808,0.0006709273448549547,7103248.65,8547799.725,0.028017053858870607,35248631,True,Industrials
2026-07-27 04:00:00+00:00,RYAN,42.34,43.43,42.34,43.19,164738,43.129997,0.03399569068709596,-6.766815536607407e-05,0.03406335884246203,0.8330126738741971,0,3,3,positive,False,-0.4227806579826773,-0.9062320427107697,0.465553182213797,0.0006709273448549547,7115034.22,5123033.4350000005,0.025237323454503274,4007964740,True,Financial Services
2026-07-27 04:00:00+00:00,SAN,14.04,14.08,13.83,13.99,529732,13.969639,0.03399852180340002,-6.766815536607407e-05,0.03406618995876609,2.0865628242119647,0,2,2,positive,False,-0.4227806579826773,-0.9062320427107697,0.33431651925542044,0.0006709273448549547,7410950.68,7266661.9399999995,0.017869907076483203,2182550582,True,Financial Services
2026-07-27 04:00:00+00:00,SAP,169.89,173.34,167.71,171.02,288743,171.382488,0.06830746166099266,-6.766815536607407e-05,0.06837512981635874,2.0549704406893667,0,2,2,positive,False,-0.4227806579826773,-0.9062320427107697,0.532646825382855,0.0006709273448549547,49380827.86,21829431.049999997,0.0329201263010174,1510390155,True,Technology
2026-07-27 04:00:00+00:00,SARO,29.79,29.79,29.14,29.535,397723,29.490359,0.028377437325905364,-6.766815536607407e-05,0.028445105481271438,1.2035657389941032,0,5,5,positive,False,-0.4227806579826773,-0.9062320427107697,0.39146961235179584,0.0006709273448549547,11746748.805,8533191.622499999,0.022007787370915813,4049277823,True,Industrials
2026-07-27 04:00:00+00:00,SBAC,173.12,174.56,171.335,172.62,57081,173.094324,-0.005845595646039037,-6.766815536607407e-05,-0.005777927490672963,0.003411644814279183,3,-3,3,negative,False,-0.4227806579826773,-0.9062320427107697,0.286835331875881,0.0006709273448549547,9853322.22,11050126.934999999,0.01868265554396938,394579269,True,Real Estate
2026-07-27 04:00:00+00:00,SCCO,177.87,179.94,174.16,179.23,73877,177.731609,-0.0004461547041437752,-6.766815536607407e-05,-0.00037848654877770116,-0.013062476681393698,3,-3,3,negative,False,-0.4227806579826773,-0.9062320427107697,0.5283095051847627,0.0006709273448549547,13240974.709999999,10267543.350000001,0.03224906544663283,2834675788,True,Basic Materials
2026-07-27 04:00:00+00:00,SCHW,102.53,104.27,102.45,104.18,446989,103.859926,0.02157285742302406,-6.766815536607407e-05,0.021640525578390135,1.0427607122224587,0,4,4,positive,False,-0.4227806579826773,-0.9062320427107697,0.24837431942829374,0.0006709273448549547,46567314.02,53422471.91500001,0.017469763870224544,3055422663,True,Financial Services
2026-07-27 04:00:00+00:00,SCI,82.89,83.925,82.73,82.77,76509,83.182462,0.005283293860448124,-6.766815536607407e-05,0.005350962015814198,0.2515200627863209,0,4,4,positive,False,-0.4227806579826773,-0.9062320427107697,0.26008418821039403,0.0006709273448549547,6332649.93,6072295.654999999,0.014437598163585759,3215798055,True,Consumer Cyclical
2026-07-27 04:00:00+00:00,SE,102.495,105.405,102.4,104.345,546171,104.477275,0.04251173943450892,-6.766815536607407e-05,0.042579407589874996,2.56120526503422,0,2,2,positive,False,-0.4227806579826773,-0.9062320427107697,0.44797235845412686,0.0006709273448549547,56990212.995,24941323.795,0.028798696631367058,4029789962,True,Consumer Cyclical
2026-07-27 04:00:00+00:00,SF,82.255,82.86,81.91,82.365,87391,82.246505,0.019179607746086624,-6.766815536607407e-05,0.0192472759014527,0.4558361431993236,0,4,4,positive,False,-0.4227806579826773,-0.9062320427107697,0.27644118377247284,0.0006709273448549547,7197959.715,7027332.8025,0.01153402537485586,1712470370,True,Financial Services
2026-07-27 04:00:00+00:00,SGI,74.43,74.54,72.66,72.86,105196,73.266898,0.018095437713966378,-6.766815536607407e-05,0.018163105869332452,1.315016304105938,0,2,2,positive,False,-0.4227806579826773,-0.9062320427107697,0.3607902247553489,0.0006709273448549547,7664580.56,8420844.997499999,0.025802909689816217,2152117058,True,Consumer Cyclical
2026-07-27 04:00:00+00:00,SHOP,118.155,126.905,118.155,126.84,376762,124.419318,0.11507692307692308,-6.766815536607407e-05,0.11514459123228915,4.589161627490923,0,2,2,positive,False,-0.4227806579826773,-0.9062320427107697,0.5806212586727347,0.0006709273448549547,47788492.08,36366875.64,0.06898454746136864,517533812,True,Technology
2026-07-27 04:00:00+00:00,SHW,324.46,328.94,323.32,327.3,153882,326.210911,0.030638914255124883,-6.766815536607407e-05,0.030706582410490957,2.132472588333739,0,2,2,positive,False,-0.4227806579826773,-0.9062320427107697,0.28540657335148184,0.0006709273448549547,50365578.6,32277024.744999997,0.017170791322945324,3581583126,True,Basic Materials
2026-07-27 04:00:00+00:00,SIMO,274.0,274.0,236.37,244.81,78325,242.142502,-0.09662539899260136,-6.766815536607407e-05,-0.09655773083723529,-1.219496058141839,2,-2,2,negative,False,-0.4227806579826773,-0.9062320427107697,0.9613841702988498,0.0006709273448549547,19174743.25,10272588.9225,0.15371104121563658,557886634,True,Technology
2026-07-27 04:00:00+00:00,SJM,118.64,121.655,118.34,121.055,119561,120.729175,0.023028817713174998,-6.766815536607407e-05,0.023096485868541072,0.8419994493358518,0,2,2,positive,False,-0.4227806579826773,-0.9062320427107697,0.3408132800546668,0.0006709273448549547,14473456.855,9413564.5975,0.027384246829953305,3756395008,True,Consumer Defensive
2026-07-27 04:00:00+00:00,SMCI,30.59,30.91,28.58,29.8,1586042,29.303866,-0.010295582862836272,-6.766815536607407e-05,-0.010227914707470198,0.0020377609609525675,2,-2,2,negative,False,-0.4227806579826773,-0.9062320427107697,0.9860351108223651,0.0006709273448549547,47264051.6,41265909.135000005,0.07818791946308731,2106903483,True,Technology
2026-07-27 04:00:00+00:00,SMTC,124.81,125.38,115.33,121.555,112772,119.729764,-0.034051176096630664,-6.766815536607407e-05,-0.03398350794126459,-0.48357217847990974,2,-2,2,negative,False,-0.4227806579826773,-0.9062320427107697,0.8966398592448158,0.0006709273448549547,13708000.46,22350155.14,0.08267862284562541,3872635569,True,Technology
2026-07-27 04:00:00+00:00,SN,151.46,154.24,151.46,153.19,110256,153.246899,0.03088829071332433,-6.766815536607407e-05,0.030955958868690403,1.876020888002531,0,3,3,positive,False,-0.4227806579826773,-0.9062320427107697,0.31518203886755203,0.0006709273448549547,16890116.64,13943785.620000001,0.018147398655264713,430732593,True,Consumer Cyclical
2026-07-27 04:00:00+00:00,SNDK,1462.99,1462.99,1222.71,1278.0,578583,1289.615277,-0.11042741943904022,-6.766815536607407e-05,-0.11035975128367415,-0.8065491121393124,2,-2,2,negative,False,-0.4227806579826773,-0.9062320427107697,1.3600666140519302,0.0006709273448549547,739429074.0,549827196.765,0.1880125195618153,509352450,True,Technology
2026-07-27 04:00:00+00:00,SNN,30.88,31.23,30.75,31.14,167069,31.081819,0.01831262262916944,-6.766815536607407e-05,0.018380290784535513,0.67399828987638,0,3,3,positive,False,-0.4227806579826773,-0.9062320427107697,0.3832429048759738,0.0006709273448549547,5202528.66,4056725.4350000005,0.015414258188824677,1681027795,True,Healthcare
2026-07-27 04:00:00+00:00,SNOW,278.0,278.0,265.68,272.775,341534,270.889498,0.017361629121288802,-6.766815536607407e-05,0.017429297276654876,0.9953533618245298,0,3,3,positive,False,-0.4227806579826773,-0.9062320427107697,0.25287261886202,0.0006709273448549547,93161936.85,67399807.66,0.045165429383191256,3668022636,True,Technology
2026-07-27 04:00:00+00:00,SOLV,78.85,81.065,78.85,80.43,59642,80.579116,0.03075740099961566,-6.766815536607407e-05,0.030825069154981732,1.296393146122817,0,3,3,positive,False,-0.4227806579826773,-0.9062320427107697,0.2894920628051924,0.0006709273448549547,4797006.0600000005,3705221.5225,0.027539475320154213,1247167697,True,Healthcare
2026-07-27 04:00:00+00:00,SONY,21.81,22.425,21.81,22.29,640356,22.23504,0.0619342544068604,-6.766815536607407e-05,0.062001922562226475,4.219584351817166,0,3,3,positive,False,-0.4227806579826773,-0.9062320427107697,0.32778814349457175,0.0006709273448549547,14273535.24,6510081.16,0.02759084791386281,4065300131,True,Technology
2026-07-27 04:00:00+00:00,SPCX,113.475,114.79,108.69,113.49,1855858,111.292693,-0.01373077257321631,-6.766815536607407e-05,-0.013663104417850236,0.19188796543106096,2,-2,2,negative,False,-0.4227806579826773,-0.9062320427107697,0.6475295811257272,0.0006709273448549547,210621324.42,257269485.79000002,0.053749229006961045,3957154284,True,Industrials
2026-07-27 04:00:00+00:00,SPG,229.44,231.47,229.44,231.46,43945,230.281126,0.0074867241229215065,-6.766815536607407e-05,0.0075543922782875805,0.47156106933529485,0,3,3,positive,False,-0.4227806579826773,-0.9062320427107697,0.2102354536691768,0.0006709273448549547,10171509.700000001,14034221.035,0.008770413894409405,2871573379,True,Real Estate
2026-07-27 04:00:00+00:00,SPGI,433.325,442.875,431.805,439.48,204359,438.877989,0.03095347009629701,-6.766815536607407e-05,0.031021138251663083,2.004605787366839,0,2,2,positive,False,-0.4227806579826773,-0.9062320427107697,0.4415435355454797,0.0006709273448549547,89811693.32000001,41977817.875,0.025188859561299702,2808485853,True,Financial Services
2026-07-27 04:00:00+00:00,SPOT,485.2,498.4,481.03,494.44,103214,492.004993,0.023685300207039406,-6.766815536607407e-05,0.02375296836240548,1.1314923595023756,0,3,3,positive,False,-0.4227806579826773,-0.9062320427107697,0.29400835176630064,0.0006709273448549547,51033130.16,48263542.975,0.035130652859801,3005071002,True,Communication Services
2026-07-27 04:00:00+00:00,SRE,93.11,93.11,91.13,91.24,99691,91.749199,-0.018660930357623062,-6.766815536607407e-05,-0.018593262202256988,-0.6804059124146498,2,-2,2,negative,False,-0.4227806579826773,-0.9062320427107697,0.19426406091570578,0.0006709273448549547,9095806.84,10378526.4125,0.02170100832968001,1309957272,True,Utilities
2026-07-27 04:00:00+00:00,SSNC,74.59,76.06,73.73,75.055,145997,75.503493,0.016110471806674465,-6.766815536607407e-05,0.01617813996204054,0.38871955728054475,0,3,3,positive,False,-0.4227806579826773,-0.9062320427107697,0.4530065820706633,0.0006709273448549547,10957804.835,6740332.4575,0.03104390113916459,1147636332,True,Technology
2026-07-27 04:00:00+00:00,STLA,5.63,5.705,5.585,5.68,1802329,5.658003,-0.0035087719298246833,-6.766815536607407e-05,-0.0034411037744586093,-0.09530434324419108,2,-2,2,negative,False,-0.4227806579826773,-0.9062320427107697,0.33045018187300373,0.0006709273448549547,10237228.719999999,7014770.795,0.021126760563380302,4013981829,True,Consumer Cyclical
2026-07-27 04:00:00+00:00,STLD,246.68,250.58,244.96,250.28,110246,248.410075,0.01245954692556639,-6.766815536607407e-05,0.012527215080932463,0.3050889743212316,0,5,5,positive,False,-0.4227806579826773,-0.9062320427107697,0.35194189645622354,0.0006709273448549547,27592368.88,14663351.455,0.02245485056736457,3951199304,True,Basic Materials
2026-07-27 04:00:00+00:00,STX,849.96,870.47,781.865,816.74,268643,811.331763,-0.04111486803794495,-6.766815536607407e-05,-0.04104719988257888,-0.8382833683250411,2,-2,2,negative,False,-0.4227806579826773,-0.9062320427107697,0.9440456487058049,0.0006709273448549547,219411483.82,157694213.5025,0.1084861767514754,3615761547,True,Technology
2026-07-27 04:00:00+00:00,SU,64.2,64.74,63.62,64.0,516941,64.031534,-0.02757730000759706,-6.766815536607407e-05,-0.027509631852230987,-1.4181570230015,2,-2,2,negative,False,-0.4227806579826773,-0.9062320427107697,0.2961749691834208,0.0006709273448549547,33084224.0,21206656.450000003,0.01749999999999996,349051630,True,Energy
2026-07-27 04:00:00+00:00,SUNB,76.735,76.895,74.77,75.5,117889,75.531227,-0.001982815598149501,-6.766815536607407e-05,-0.001915147442783427,-0.09937917522177943,2,-2,2,negative,False,-0.4227806579826773,-0.9062320427107697,0.4224058740743667,0.0006709273448549547,8900619.5,9785397.129999999,0.028145695364238412,3234426030,True,Industrials
2026-07-27 04:00:00+00:00,SW,49.36,50.09,48.24,50.075,571974,49.116204,0.03066790161572497,-6.766815536607407e-05,0.030735569771091042,1.6739165793639892,0,2,2,positive,False,-0.4227806579826773,-0.9062320427107697,0.5525444970662216,0.0006709273448549547,28641598.05,9817599.045000002,0.036944583125312055,120520799,True,Consumer Cyclical
2026-07-27 04:00:00+00:00,SWK,92.85,94.185,92.305,94.185,114493,93.27789,0.03227750986409483,-6.766815536607407e-05,0.03234517801946091,2.38842435537687,0,2,2,positive,False,-0.4227806579826773,-0.9062320427107697,0.3748642822203093,0.0006709273448549547,10783523.205,7051730.5225,0.019960715612889476,1164684868,True,Industrials
2026-07-27 04:00:00+00:00,SYF,73.635,75.385,73.635,75.29,266044,74.739409,0.03278463648834018,-6.766815536607407e-05,0.032852304643706254,2.313898161027204,0,2,2,positive,False,-0.4227806579826773,-0.9062320427107697,0.4523444002127689,0.0006709273448549547,20030452.76,16314667.775000002,0.02324345862664364,2560230720,True,Financial Services
2026-07-27 04:00:00+00:00,SYK,333.5,338.53,332.625,336.7,132088,336.554252,0.019160335381541937,-6.766815536607407e-05,0.01922800353690801,0.7157488209554671,0,3,3,positive,False,-0.4227806579826773,-0.9062320427107697,0.4421384062560751,0.0006709273448549547,44474029.6,48898004.849999994,0.017537867537867458,1785504045,True,Healthcare
2026-07-27 04:00:00+00:00,SYY,83.33,84.34,83.17,84.09,103406,83.883382,0.011791601491998538,-6.766815536607407e-05,0.011859269647364612,0.5413310131836571,0,4,4,positive,False,-0.4227806579826773,-0.9062320427107697,0.21143647367220753,0.0006709273448549547,8695410.540000001,12251625.225,0.013913663931501981,149605883,True,Consumer Defensive
2026-07-27 04:00:00+00:00,TAK,17.61,17.615,17.42,17.44,239422,17.492531,0.010721529991307044,-6.766815536607407e-05,0.010789198146673118,0.7751047964476281,0,3,3,positive,False,-0.4227806579826773,-0.9062320427107697,0.24973891237656992,0.0006709273448549547,4175519.68,2713835.1900000004,0.01118119266055027,2395380338,True,Healthcare
2026-07-27 04:00:00+00:00,TCOM,45.48,45.57,44.13,44.74,318509,44.709861,0.02544121017648404,-6.766815536607407e-05,0.025508878331850116,0.9264284007194343,0,3,3,positive,False,-0.4227806579826773,-0.9062320427107697,0.31143539010569055,0.0006709273448549547,14250092.66,6014759.14,0.03218596334376392,2218832429,True,Consumer Cyclical
2026-07-27 04:00:00+00:00,TEAM,89.96,97.645,89.96,95.81,295774,95.225325,0.10431074227754711,-6.766815536607407e-05,0.10437841043291318,1.5669482403892956,0,2,2,positive,False,-0.4227806579826773,-0.9062320427107697,0.8333855456837751,0.0006709273448549547,28338106.94,14729014.995000001,0.08021083394217725,4093957359,True,Technology
2026-07-27 04:00:00+00:00,TEL,203.725,207.61,203.08,207.525,185493,205.452,0.02229064039408879,-6.766815536607407e-05,0.022358308549454864,1.655132023392979,0,3,3,positive,False,-0.4227806579826773,-0.9062320427107697,0.2619848081682735,0.0006709273448549547,38494434.825,30951124.93,0.0218286953379111,2998018717,True,Technology
2026-07-27 04:00:00+00:00,TER,352.5,354.27,319.83,334.59,232875,332.587996,-0.04382367650210772,-6.766815536607407e-05,-0.04375600834674165,-0.716428389706797,2,-2,2,negative,False,-0.4227806579826773,-0.9062320427107697,1.01764064393349,0.0006709273448549547,77917646.25,57847088.042500004,0.10293194656146329,1602159818,True,Technology
2026-07-27 04:00:00+00:00,TFC,52.07,52.735,51.835,52.13,394579,52.215561,0.006759366550791901,-6.766815536607407e-05,0.006827034706157975,0.40895871560861985,0,4,4,positive,False,-0.4227806579826773,-0.9062320427107697,0.2513033201870824,0.0006709273448549547,20569403.27,25316232.560000002,0.017264530980241676,3140065754,True,Financial Services
2026-07-27 04:00:00+00:00,TGT,137.85,140.805,137.85,140.36,229281,139.995637,0.026248446296702532,-6.766815536607407e-05,0.026316114452068606,1.1544285640583225,0,2,2,positive,False,-0.4227806579826773,-0.9062320427107697,0.3389880238633914,0.0006709273448549547,32181881.160000004,26229499.515,0.02105300655457404,1700573050,True,Consumer Defensive
2026-07-27 04:00:00+00:00,THC,237.84,248.38,234.76,243.1,160713,244.588507,0.04191668095319723,-6.766815536607407e-05,0.0419843491085633,1.5290804142199135,0,3,3,positive,False,-0.4227806579826773,-0.9062320427107697,0.7540380235683913,0.0006709273448549547,39069330.3,13531147.8525,0.05602632661456193,3588690581,True,Healthcare
2026-07-27 04:00:00+00:00,TJX,155.92,157.56,155.24,156.33,265718,156.358118,0.0139776228311983,-6.766815536607407e-05,0.014045290986564374,1.2090090871763548,0,2,2,positive,False,-0.4227806579826773,-0.9062320427107697,0.20230775581200822,0.0006709273448549547,41539694.940000005,34143636.275,0.014840401714322222,869626405,True,Consumer Cyclical
2026-07-27 04:00:00+00:00,TKO,184.1,184.64,181.71,182.83,35176,182.786649,0.011675520141655626,-6.766815536607407e-05,0.0117431882970217,0.6875029263065842,0,4,4,positive,False,-0.4227806579826773,-0.9062320427107697,0.26692867856734676,0.0006709273448549547,6431228.08,11219270.58,0.01602581633211168,2086086097,True,Communication Services
2026-07-27 04:00:00+00:00,TLK,14.43,14.535,14.365,14.45,79060,14.442412,0.0010391409767924742,-6.766815536607407e-05,0.0011068091321585483,-0.029144860178029097,0,2,2,positive,False,-0.4227806579826773,-0.9062320427107697,0.23926048541502515,0.0006709273448549547,1142417.0,725857.4875,0.011764705882352938,1212154894,True,Communication Services
2026-07-27 04:00:00+00:00,TME,9.15,9.44,9.15,9.3,595951,9.322193,0.048478015783540274,-6.766815536607407e-05,0.04854568393890635,3.0990540341778177,0,3,3,positive,False,-0.4227806579826773,-0.9062320427107697,0.31547462248472463,0.0006709273448549547,5542344.300000001,3216289.0675,0.031182795698924636,3702334549,True,Communication Services
2026-07-27 04:00:00+00:00,TMO,566.605,568.215,556.035,559.205,128649,561.145791,-0.01574408166857333,-6.766815536607407e-05,-0.015676413513207255,-0.7899083099505948,2,-2,2,negative,False,-0.4227806579826773,-0.9062320427107697,0.37893028774127707,0.0006709273448549547,71941164.045,60937885.150000006,0.021780921129103036,549495269,True,Healthcare
2026-07-27 04:00:00+00:00,TOL,153.75,153.75,150.765,151.005,16311,151.380956,0.007170012672580439,-6.766815536607407e-05,0.007237680827946513,0.4572936722201981,0,2,2,positive,False,-0.4227806579826773,-0.9062320427107697,0.32707922061889744,0.0006709273448549547,2463042.5549999997,8844178.04,0.019767557365650234,3295037226,True,Consumer Cyclical
2026-07-27 04:00:00+00:00,TOST,29.88,30.935,29.79,30.82,644590,30.562661,0.060564349621472946,-6.766815536607407e-05,0.06063201777683902,2.067350134831747,0,2,2,positive,False,-0.4227806579826773,-0.9062320427107697,0.40359929180208626,0.0006709273448549547,19866263.8,20745411.240000002,0.0371512005191434,189320032,True,Technology
2026-07-27 04:00:00+00:00,TPG,43.42,44.015,42.8,42.94,140682,43.216517,0.00210035005834297,-6.766815536607407e-05,0.0021680182137090442,0.033977674771112805,0,3,3,positive,False,-0.4227806579826773,-0.9062320427107697,0.2899645290819933,0.0006709273448549547,6040885.08,4890243.705,0.028295295761527794,730566672,True,Financial Services
2026-07-27 04:00:00+00:00,TPR,145.3,147.59,142.97,147.445,105611,145.822309,0.03375867629530949,-6.766815536607407e-05,0.03382634445067556,2.2432858310956902,0,2,2,positive,False,-0.4227806579826773,-0.9062320427107697,0.3399848974139375,0.0006709273448549547,15571813.895,19682755.68,0.03133371765743162,2290787675,True,Consumer Cyclical
2026-07-27 04:00:00+00:00,TRGP,277.51,280.41,267.19,267.79,79878,270.570706,-0.048432947196361265,-6.766815536607407e-05,-0.04836527904099519,-1.9583003135983819,2,-2,2,negative,False,-0.4227806579826773,-0.9062320427107697,0.3199020582589096,0.0006709273448549547,21390529.62,18977983.31,0.04936704133836225,3192089170,True,Energy
2026-07-27 04:00:00+00:00,TRI,92.525,98.04,92.205,97.81,216380,96.272666,0.08527045769764219,-6.766815536607407e-05,0.08533812585300826,2.2584657853379917,0,2,2,positive,False,-0.4227806579826773,-0.9062320427107697,0.5924157276234001,0.0006709273448549547,21164127.8,8763159.4025,0.059656476842858686,1333764941,True,Industrials
2026-07-27 04:00:00+00:00,TRMB,54.18,55.965,53.9,55.75,195641,55.285053,0.05357649059812908,-6.766815536607407e-05,0.05364415875349515,2.090277400737721,0,3,3,positive,False,-0.4227806579826773,-0.9062320427107697,0.3839193157146456,0.0006709273448549547,10906985.75,6455881.3575,0.03704035874439471,3884460017,True,Technology
2026-07-27 04:00:00+00:00,TROW,117.08,119.3,117.08,119.25,55631,118.624272,0.023429454170957875,-6.766815536607407e-05,0.02349712232632395,1.0458661856994365,0,3,3,positive,False,-0.4227806579826773,-0.9062320427107697,0.2935269235496895,0.0006709273448549547,6633996.75,11462941.032499999,0.018616352201257853,2792575427,True,Financial Services
2026-07-27 04:00:00+00:00,TRU,77.57,78.875,75.32,77.325,223785,77.307724,0.01038808310466477,-6.766815536607407e-05,0.010455751260030843,0.6511796135427903,0,2,2,positive,False,-0.4227806579826773,-0.9062320427107697,0.3828008525597913,0.0006709273448549547,17304175.125,10961183.55,0.045974781765276515,466605991,True,Financial Services
2026-07-27 04:00:00+00:00,TRV,387.52,391.78,387.17,390.58,92896,390.38483,0.00853398747659928,-6.766815536607407e-05,0.008601655631965355,0.20073774064554709,0,4,4,positive,False,-0.4227806579826773,-0.9062320427107697,0.38124319719366984,0.0006709273448549547,36283319.68,23870117.79,0.01180295970095744,798702808,True,Financial Services
2026-07-27 04:00:00+00:00,TSCO,31.63,32.225,31.09,31.8,1056969,31.661863,0.024649589173513897,-6.766815536607407e-05,0.02471725732887997,0.7870500296378252,0,3,3,positive,False,-0.4227806579826773,-0.9062320427107697,0.33561865517110473,0.0006709273448549547,33611614.2,21836864.695,0.03569182389937112,382620211,True,Consumer Cyclical
2026-07-27 04:00:00+00:00,TSEM,233.99,234.73,214.0,224.32,96017,220.306241,-0.03828510182207934,-6.766815536607407e-05,-0.03821743366671326,-0.6119528584025894,2,-2,2,negative,False,-0.4227806579826773,-0.9062320427107697,0.9056986020294315,0.0006709273448549547,21538533.439999998,20017526.975,0.09241262482168326,2810755984,True,Technology
2026-07-27 04:00:00+00:00,TSLA,313.515,316.89,304.29,309.26,1213040,308.771687,-0.011727862461253347,-6.766815536607407e-05,-0.011660194305887273,-0.07032672307729769,4,-4,4,negative,False,-0.4227806579826773,-0.9062320427107697,0.7763090039490126,0.0006709273448549547,375144750.4,343473019.9975,0.04074241738343131,804690010,True,Consumer Cyclical
2026-07-27 04:00:00+00:00,TSM,406.075,406.955,388.87,399.26,840211,395.404117,-0.011757134724387996,-6.766815536607407e-05,-0.011689466569021922,-0.20548822684716556,4,-4,4,negative,False,-0.4227806579826773,-0.9062320427107697,0.5188835866269038,0.0006709273448549547,335462643.86,298865628.8,0.04529629815158037,3407196246,True,Technology
2026-07-27 04:00:00+00:00,TSN,59.945,61.74,59.655,60.72,304533,61.085358,0.057103064066852394,-6.766815536607407e-05,0.05717073222221847,4.3958373154424635,0,4,4,positive,False,-0.4227806579826773,-0.9062320427107697,0.25783184357168754,0.0006709273448549547,18491243.759999998,6650704.029999999,0.03433794466403164,235067738,True,Consumer Defensive
2026-07-27 04:00:00+00:00,TT,483.75,486.64,474.61,483.44,45765,479.7378,0.004550649350649305,-6.766815536607407e-05,0.004618317506015379,0.42433316095223794,0,4,4,positive,False,-0.4227806579826773,-0.9062320427107697,0.19264608666324745,0.0006709273448549547,22124631.6,29724070.97,0.02488416349495278,2541307541,True,Industrials
2026-07-27 04:00:00+00:00,TTMI,132.32,132.495,118.99,123.685,169858,122.808477,-0.05892870729665989,-6.766815536607407e-05,-0.058861039141293814,-0.7119322503380607,2,-2,2,negative,False,-0.4227806579826773,-0.9062320427107697,0.8548173825716968,0.0006709273448549547,21008886.73,20851906.925,0.10918866475320378,1455820529,True,Technology
2026-07-27 04:00:00+00:00,TTWO,237.94,244.51,236.005,243.97,108394,240.114207,0.053001855928179964,-6.766815536607407e-05,0.05306952408354604,2.604443536053697,0,2,2,positive,False,-0.4227806579826773,-0.9062320427107697,0.34078624047896383,0.0006709273448549547,26444884.18,19000150.065,0.034860843546337644,3947800035,True,Communication Services
2026-07-27 04:00:00+00:00,TU,10.33,10.48,10.275,10.4,410252,10.428257,0.0186092066601371,-6.766815536607407e-05,0.018676874815503175,1.3975865501656959,0,4,4,positive,False,-0.4227806579826773,-0.9062320427107697,0.22205947292762568,0.0006709273448549547,4266620.8,3793354.815,0.019711538461538468,1308266417,True,Communication Services
2026-07-27 04:00:00+00:00,TWLO,195.44,198.585,192.31,194.39,67693,194.96289,0.015303457641282714,-6.766815536607407e-05,0.015371125796648788,0.4068263551935564,0,3,3,positive,False,-0.4227806579826773,-0.9062320427107697,0.42206679004635644,0.0006709273448549547,13158842.27,21238725.505,0.03228046710221722,514326748,True,Technology
2026-07-27 04:00:00+00:00,TXN,283.45,283.99,273.73,279.32,344245,278.235939,-0.0011443284222572014,-6.766815536607407e-05,-0.0010766602668911274,-0.06109209229073928,3,-3,3,negative,False,-0.4227806579826773,-0.9062320427107697,0.40075883959626374,0.0006709273448549547,96154513.39999999,89259529.5375,0.03673206358298722,3407693641,True,Technology
2026-07-27 04:00:00+00:00,TXRH,197.265,201.69,197.265,201.1,85362,200.058154,0.04035178479048107,-6.766815536607407e-05,0.040419452945847145,1.5212121756382595,0,3,3,positive,False,-0.4227806579826773,-0.9062320427107697,0.3295222628490783,0.0006709273448549547,17166298.2,11294950.649999999,0.022003978120338198,3034106915,True,Consumer Cyclical
2026-07-27 04:00:00+00:00,TXT,95.995,97.255,95.965,96.125,148552,96.486932,0.006281078251766603,-6.766815536607407e-05,0.006348746407132677,0.2522404124977119,0,4,4,positive,False,-0.4227806579826773,-0.9062320427107697,0.21810173569771157,0.0006709273448549547,14279561.0,5929754.2325,0.013420026007802259,3554437833,True,Industrials
2026-07-27 04:00:00+00:00,UAL,121.86,123.34,118.615,120.59,288446,119.985765,0.019831705357520324,-6.766815536607407e-05,0.019899373512886398,2.329543357259359,0,2,2,positive,False,-0.4227806579826773,-0.9062320427107697,0.2882394875023222,0.0006709273448549547,34783703.14,27894514.925,0.03918235342897428,2648249003,True,Industrials
2026-07-27 04:00:00+00:00,UBS,52.61,52.905,51.99,52.54,184210,52.351234,0.015461925009663702,-6.766815536607407e-05,0.015529593165029776,0.7428479429578692,0,2,2,positive,False,-0.4227806579826773,-0.9062320427107697,0.27996500374934774,0.0006709273448549547,9678393.4,6928570.58,0.017415302626570216,3827595698,True,Financial Services
2026-07-27 04:00:00+00:00,UL,61.07,62.06,61.03,61.345,253261,61.566905,0.00648072190319926,-6.766815536607407e-05,0.006548390058565334,0.11038655602268768,0,2,2,positive,False,-0.4227806579826773,-0.9062320427107697,0.2499647516610421,0.0006709273448549547,15536296.045,13406438.587499999,0.01679028445676096,1631122444,True,Consumer Defensive
2026-07-27 04:00:00+00:00,UMC,19.9,19.93,18.565,19.09,968313,18.939191,-0.020523345305284657,-6.766815536607407e-05,-0.020455677149918583,-0.16674407784181805,3,-3,3,negative,False,-0.4227806579826773,-0.9062320427107697,0.7418675404124091,0.0006709273448549547,18485095.169999998,18207452.714999996,0.07150340492404392,2798255797,True,Technology
2026-07-27 04:00:00+00:00,UNH,422.445,422.525,412.975,417.57,197147,417.080305,-0.007357398404906568,-6.766815536607407e-05,-0.007289730249540494,-0.04720567555661985,4,-4,4,negative,False,-0.4227806579826773,-0.9062320427107697,0.2564825457631467,0.0006709273448549547,82322672.78999999,83325238.42999999,0.022870416936082466,914848778,True,Healthcare
2026-07-27 04:00:00+00:00,UNM,87.35,87.35,85.63,86.38,131126,86.241542,0.0017395338049401854,-6.766815536607407e-05,0.0018072019603062595,0.16838034207738276,0,2,2,positive,False,-0.4227806579826773,-0.9062320427107697,0.19874667176892605,0.0006709273448549547,11326663.879999999,5844453.225,0.019912016670525574,245738153,True,Financial Services
2026-07-27 04:00:00+00:00,USFD,98.61,99.7,98.22,99.265,83334,99.123751,0.022191329420245154,-6.766815536607407e-05,0.022258997575611228,0.9599808535215345,0,4,4,positive,False,-0.4227806579826773,-0.9062320427107697,0.3303665810750925,0.0006709273448549547,8272149.51,15936250.935,0.014909585453080179,3308346475,True,Consumer Defensive
2026-07-27 04:00:00+00:00,V,359.56,363.63,358.34,362.28,284449,362.406466,0.018727855576176733,-6.766815536607407e-05,0.018795523731542807,1.7254878480484652,0,3,3,positive,False,-0.4227806579826773,-0.9062320427107697,0.24732879164424748,0.0006709273448549547,103050183.72,113570336.92500001,0.014601965330683506,3730468728,True,Financial Services
2026-07-27 04:00:00+00:00,VALE,14.59,14.79,14.55,14.79,1288639,14.689581,-0.0006756756756758353,-6.766815536607407e-05,-0.0006080075203097612,0.013535007952497135,2,-2,2,negative,False,-0.4227806579826773,-0.9062320427107697,0.3112715533392095,0.0006709273448549547,19058970.81,15463809.995000001,0.016227180527383263,663566450,True,Basic Materials
2026-07-27 04:00:00+00:00,VEEV,189.83,197.79,189.83,194.47,82560,195.037153,0.04351792230092277,-6.766815536607407e-05,0.04358559045628885,1.8840765984477597,0,2,2,positive,False,-0.4227806579826773,-0.9062320427107697,0.4107195163677664,0.0006709273448549547,16055443.2,16676379.879999999,0.04093176325397223,851553857,True,Healthcare
2026-07-27 04:00:00+00:00,VG,13.9,14.1,12.74,12.81,1549019,13.193163,-0.10356892932120354,-6.766815536607407e-05,-0.10350126116583747,-2.297866809815496,2,-2,2,negative,False,-0.4227806579826773,-0.9062320427107697,0.7778458478874773,0.0006709273448549547,19842933.39,12465208.825,0.10616705698672907,2254356025,True,Energy
2026-07-27 04:00:00+00:00,VIAV,39.66,40.045,36.855,38.155,180817,37.743529,-0.03405063291139243,-6.766815536607407e-05,-0.03398296475602636,-0.5868027394472967,2,-2,2,negative,False,-0.4227806579826773,-0.9062320427107697,0.7612052128549638,0.0006709273448549547,6899072.635,9698709.645,0.08360634255012461,728355466,True,Technology
2026-07-27 04:00:00+00:00,VICI,26.65,27.175,26.635,26.75,571474,26.908657,0.00037397157816010385,-6.766815536607407e-05,0.0004416397335261779,0.09995555267981192,0,4,4,positive,False,-0.4227806579826773,-0.9062320427107697,0.24863067288232404,0.0006709273448549547,15286929.5,13817711.280000001,0.020186915887850435,2843337586,True,Real Estate
2026-07-27 04:00:00+00:00,VIV,14.11,14.195,14.065,14.12,96275,14.136511,0.003553660270078085,-6.766815536607407e-05,0.003621328425444159,0.0165091041119152,0,2,2,positive,False,-0.4227806579826773,-0.9062320427107697,0.284130117759158,0.0006709273448549547,1359403.0,1362671.05,0.00920679886685558,3367869025,True,Communication Services
2026-07-27 04:00:00+00:00,VLTO,92.865,94.34,92.31,94.24,77073,93.632967,0.024069546318934876,-6.766815536607407e-05,0.02413721447430095,1.1118213515212036,0,4,4,positive,False,-0.4227806579826773,-0.9062320427107697,0.25188117328674137,0.0006709273448549547,7263359.52,7076025.602499999,0.02154074702886249,3027869802,True,Industrials
2026-07-27 04:00:00+00:00,VMC,284.81,286.975,282.63,284.41,71841,284.620749,0.016730418617953102,-6.766815536607407e-05,0.016798086773319176,0.8946849980577855,0,4,4,positive,False,-0.4227806579826773,-0.9062320427107697,0.3066357740047899,0.0006709273448549547,20432298.810000002,20962528.215000004,0.015277240603354407,1572146525,True,Basic Materials
2026-07-27 04:00:00+00:00,VNOM,44.33,44.59,42.98,43.045,97704,43.534123,-0.045988475177304866,-6.766815536607407e-05,-0.04592080702193879,-2.1903282142062737,2,-2,2,negative,False,-0.4227806579826773,-0.9062320427107697,0.31399513856212147,0.0006709273448549547,4205668.68,5013270.455,0.037402718085724394,1817280474,True,Energy
2026-07-27 04:00:00+00:00,VRSK,204.315,209.25,202.705,206.615,158378,207.096401,0.026097536750099293,-6.766815536607407e-05,0.026165204905465367,0.6891007613042852,0,3,3,positive,False,-0.4227806579826773,-0.9062320427107697,0.36844214178089935,0.0006709273448549547,32723270.470000003,24074818.285,0.03167727415724893,945416220,True,Industrials
2026-07-27 04:00:00+00:00,VRT,291.475,296.52,272.665,287.18,257966,281.179924,-0.01050890672914584,-6.766815536607407e-05,-0.010441238573779765,-0.06454065978710936,2,-2,2,negative,False,-0.4227806579826773,-0.9062320427107697,0.621638261649668,0.0006709273448549547,74082675.88,71641392.065,0.08306636952434,2396636495,True,Industrials
2026-07-27 04:00:00+00:00,VRTX,478.66,486.915,478.085,478.84,54556,480.858053,0.0029743203049725775,-6.766815536607407e-05,0.0030419884603386516,0.5651003909162821,0,3,3,positive,False,-0.4227806579826773,-0.9062320427107697,0.3228300318352598,0.0006709273448549547,26123595.04,29690207.8,0.01844039762760012,34826376,True,Healthcare
2026-07-27 04:00:00+00:00,VST,163.05,163.26,155.54,157.09,226365,157.41485,-0.03844035012548208,-6.766815536607407e-05,-0.03837268197011601,-1.208425529478598,2,-2,2,negative,False,-0.4227806579826773,-0.9062320427107697,0.38850231718744654,0.0006709273448549547,35559677.85,28253735.55,0.04914380291552612,1508117978,True,Utilities
2026-07-27 04:00:00+00:00,VZ,46.47,47.55,46.36,47.36,2260215,47.229489,0.020140010770059336,-6.766815536607407e-05,0.02020767892542541,1.0015183185019674,0,4,4,positive,False,-0.4227806579826773,-0.9062320427107697,0.36537410423226657,0.0006709273448549547,107043782.4,82965343.41,0.02512668918918914,1480485431,True,Communication Services
2026-07-27 04:00:00+00:00,W,87.765,94.55,87.765,94.505,300103,92.691761,0.12252048936928372,-6.766815536607407e-05,0.1225881575246498,4.603276481375196,0,2,2,positive,False,-0.4227806579826773,-0.9062320427107697,0.6261570537090824,0.0006709273448549547,28361234.014999997,15856678.739999998,0.07179514311412091,4239782925,True,Consumer Cyclical
2026-07-27 04:00:00+00:00,WAT,372.39,375.97,368.775,371.16,64597,371.825462,-0.009315361003603195,-6.766815536607407e-05,-0.009247692848237121,-0.336805653385383,2,-2,2,negative,False,-0.4227806579826773,-0.9062320427107697,0.27272202767853193,0.0006709273448549547,23975822.520000003,23416975.755000003,0.019385170815820803,3555909570,True,Healthcare
2026-07-27 04:00:00+00:00,WBD,25.45,25.755,25.25,25.27,2149765,25.477854,-0.019782777346780467,-6.766815536607407e-05,-0.019715109191414393,-1.2025988645705352,2,-2,2,negative,False,-0.4227806579826773,-0.9062320427107697,0.22243448933047247,0.0006709273448549547,54324561.55,38033567.989999995,0.0199841709537,3097937467,True,Communication Services
2026-07-27 04:00:00+00:00,WBS,76.71,77.165,76.61,76.93,171898,76.901508,0.011039558417663242,-6.766815536607407e-05,0.011107226573029316,1.6323910917418223,0,2,2,positive,False,-0.4227806579826773,-0.9062320427107697,0.144115239446612,0.0006709273448549547,13224113.14,15499330.8775,0.007214350708436329,1851335322,True,Financial Services
2026-07-27 04:00:00+00:00,WDAY,142.38,150.24,140.59,147.46,272986,146.595636,0.08987435328898741,-6.766815536607407e-05,0.08994202144435348,1.7812701941684728,0,2,2,positive,False,-0.4227806579826773,-0.9062320427107697,0.6324463528342468,0.0006709273448549547,40254515.56,24016286.805,0.06544147565441479,2872278804,True,Technology
2026-07-27 04:00:00+00:00,WDC,523.43,529.75,471.42,497.57,218912,494.843307,-0.042232103328136095,-6.766815536607407e-05,-0.04216443517277002,-0.6978270952593076,2,-2,2,negative,False,-0.4227806579826773,-0.9062320427107697,1.0504880654875606,0.0006709273448549547,108924043.84,169841772.98000002,0.11722973651948466,3276899738,True,Technology
2026-07-27 04:00:00+00:00,WES,47.22,47.41,46.52,46.69,40241,46.859532,-0.0176730486008837,-6.766815536607407e-05,-0.017605380445517627,-0.8616207133177451,2,-2,2,negative,False,-0.4227806579826773,-0.9062320427107697,0.20786489517378384,0.0006709273448549547,1878852.2899999998,1771991.4649999999,0.019061897622617122,2548158006,True,Energy
2026-07-27 04:00:00+00:00,WFC,87.04,87.9,86.915,87.265,497195,87.399817,0.010070027200648202,-6.766815536607407e-05,0.010137695356014276,0.502402609325658,0,3,3,positive,False,-0.4227806579826773,-0.9062320427107697,0.25835103351028904,0.0006709273448549547,43387721.675,71520321.5375,0.01128745774365438,3879890738,True,Financial Services
2026-07-27 04:00:00+00:00,WIT,1.88,1.99,1.86,1.915,2058998,1.933731,0.02680965147453085,-6.766815536607407e-05,0.026877319629896923,1.119829606438736,0,2,2,positive,False,-0.4227806579826773,-0.9062320427107697,0.658173487747033,0.0006709273448549547,3942981.17,1571146.2400000002,0.06788511749347252,344410730,True,Technology
2026-07-27 04:00:00+00:00,WMB,72.93,72.95,70.62,70.77,659575,71.445117,-0.0436486486486487,-6.766815536607407e-05,-0.04358098049328263,-1.8492816982621287,2,-2,2,negative,False,-0.4227806579826773,-0.9062320427107697,0.29549579228924255,0.0006709273448549547,46678122.75,28692913.472499996,0.03292355517874804,397713601,True,Energy
2026-07-27 04:00:00+00:00,WMT,110.11,112.49,109.9,111.74,892390,111.515955,0.02082952676776917,-6.766815536607407e-05,0.020897194923135243,0.9928793923161029,0,3,3,positive,False,-0.4227806579826773,-0.9062320427107697,0.25748525570217656,0.0006709273448549547,99715658.6,100974596.35999998,0.02317880794701977,3711471058,True,Consumer Defensive
2026-07-27 04:00:00+00:00,WPM,112.77,113.005,110.45,111.94,82188,111.857652,0.004937606607415379,-6.766815536607407e-05,0.005005274762781453,0.4309205281393329,0,5,5,positive,False,-0.4227806579826773,-0.9062320427107697,0.3933929440039959,0.0006709273448549547,9200124.72,9613338.195,0.022824727532606687,975420585,True,Basic Materials
2026-07-27 04:00:00+00:00,WRB,75.13,76.015,75.01,75.74,48546,75.6399,0.0037770856802066266,-6.766815536607407e-05,0.0038447538355727007,0.026246907444783973,0,4,4,positive,False,-0.4227806579826773,-0.9062320427107697,0.2496516446533334,0.0006709273448549547,3676874.0399999996,6171743.8475,0.013269078426194817,1638951326,True,Financial Services
2026-07-27 04:00:00+00:00,WSM,230.93,234.895,230.55,234.39,46734,232.986701,0.03396709162292111,-6.766815536607407e-05,0.03403475977828718,1.6624050694438584,0,2,2,positive,False,-0.4227806579826773,-0.9062320427107697,0.3095180733327707,0.0006709273448549547,10953982.26,13274489.115,0.018537480267929514,674745510,True,Consumer Cyclical
2026-07-27 04:00:00+00:00,WTRG,39.375,40.13,39.375,39.56,109426,39.689129,-0.0012623074981065185,-6.766815536607407e-05,-0.0011946393427404445,0.09426737318619915,2,-2,2,negative,False,-0.4227806579826773,-0.9062320427107697,0.23759162115297297,0.0006709273448549547,4328892.5600000005,5442505.395,0.019084934277047588,1118805468,True,Utilities
2026-07-27 04:00:00+00:00,XOM,153.57,155.4,153.38,154.91,452780,154.612635,-0.012871981138087074,-6.766815536607407e-05,-0.012804312982721,-0.9194888593282519,2,-2,2,negative,False,-0.4227806579826773,-0.9062320427107697,0.24990402651215907,0.0006709273448549547,70140149.8,71617641.475,0.013039829578464982,3098812580,True,Energy
2026-07-27 04:00:00+00:00,XPO,214.025,214.025,203.22,207.93,85536,206.564409,-0.024077724584623983,-6.766815536607407e-05,-0.02401005642925791,-1.2162904023620542,2,-2,2,negative,False,-0.4227806579826773,-0.9062320427107697,0.34305760562246346,0.0006709273448549547,17785500.48,13098071.745000001,0.05196460347232245,1059148288,True,Industrials
2026-07-27 04:00:00+00:00,XYL,120.71,121.61,119.96,120.13,129465,120.526086,0.0028383003589613764,-6.766815536607407e-05,0.0029059685143274505,0.15797888654126102,0,3,3,positive,False,-0.4227806579826773,-0.9062320427107697,0.24237660597517066,0.0006709273448549547,15552630.45,11735380.879999999,0.013735120286356496,1628142450,True,Industrials
2026-07-27 04:00:00+00:00,XYZ,78.91,81.3,78.91,81.24,297946,80.160407,0.052945369710323265,-6.766815536607407e-05,0.05301303786568934,3.1924113464761477,0,3,3,positive,False,-0.4227806579826773,-0.9062320427107697,0.3225408538854279,0.0006709273448549547,24205133.04,19278992.987499997,0.029419005416051216,2917177717,True,Technology
2026-07-27 04:00:00+00:00,YPF,50.475,50.99,50.23,50.92,68831,50.743386,-0.009338521400778177,-6.766815536607407e-05,-0.009270853245412103,-0.5869483028476243,2,-2,2,negative,False,-0.4227806579826773,-0.9062320427107697,0.3119522084466677,0.0006709273448549547,3504874.52,3221443.165,0.014925373134328459,3545524816,True,Energy
2026-07-27 04:00:00+00:00,YUMC,44.3,44.86,44.24,44.7,83421,44.565033,0.03042876901798075,-6.766815536607407e-05,0.030496437173346824,1.6130715003353109,0,4,4,positive,False,-0.4227806579826773,-0.9062320427107697,0.235634541036743,0.0006709273448549547,3728918.7,3257353.4400000004,0.013870246085011128,3718325277,True,Consumer Cyclical
2026-07-27 04:00:00+00:00,ZBH,91.3,93.25,91.23,92.04,85726,92.618387,0.007222586999343417,-6.766815536607407e-05,0.007290255154709491,0.2989333452830637,0,3,3,positive,False,-0.4227806579826773,-0.9062320427107697,0.4131551345591222,0.0006709273448549547,7890221.040000001,11861397.995000001,0.021946979574098174,2031171697,True,Healthcare
2026-07-27 04:00:00+00:00,ZBRA,267.635,267.635,262.32,264.59,52104,264.732305,0.017967066789781327,-6.766815536607407e-05,0.0180347349451474,0.7041553097491459,0,2,2,positive,False,-0.4227806579826773,-0.9062320427107697,0.30693871646884463,0.0006709273448549547,13786197.36,10358430.462499999,0.020087682830038922,713422903,True,Technology
2026-07-27 04:00:00+00:00,ZM,90.135,91.7,89.735,91.205,202213,91.03127,0.03689176898590274,-6.766815536607407e-05,0.036959437141268814,1.6223128804961966,0,2,2,positive,False,-0.4227806579826773,-0.9062320427107697,0.39782170639932757,0.0006709273448549547,18442836.665,15278789.83,0.021544871443451602,2206075819,True,Technology
2026-07-27 04:00:00+00:00,ZS,145.9,149.365,144.2,147.39,100134,147.443661,0.03533295869626274,-6.766815536607407e-05,0.035400626851628814,1.0838887570987434,0,2,2,positive,False,-0.4227806579826773,-0.9062320427107697,0.5096662962338129,0.0006709273448549547,14758750.259999998,14831444.489999998,0.03504308297713563,2111146241,True,Technology
2026-07-27 04:00:00+00:00,ZTO,24.11,24.115,23.695,23.85,142469,23.884235,-0.006249999999999978,-6.766815536607407e-05,-0.006182331844633904,-0.892756013073105,2,-2,2,negative,False,-0.4227806579826773,-0.9062320427107697,0.16792523664767656,0.0006709273448549547,3397885.6500000004,2680697.49,0.01761006289308168,1661456119,True,Industrials
2026-07-27 04:00:00+00:00,ZTS,76.56,77.58,75.54,76.87,137869,76.963272,0.019901817699349955,-6.766815536607407e-05,0.01996948585471603,0.8410628407192854,0,3,3,positive,False,-0.4227806579826773,-0.9062320427107697,0.27251644614506637,0.0006709273448549547,10597990.030000001,18092017.53,0.02653831143488997,2542754585,True,Healthcare
